solid ascii
  facet normal -9.629484e-001 7.790904e-004 2.696846e-001
    outer loop
      vertex   -9.515987e+001 9.218736e+001 6.015864e+001
      vertex   -9.512079e+001 9.824289e+001 6.028068e+001
      vertex   -9.520433e+001 9.214289e+001 6.000000e+001
    endloop
  endfacet
  facet normal -9.509521e-001 -9.748992e-005 3.093383e-001
    outer loop
      vertex   -9.515987e+001 9.218736e+001 6.015864e+001
      vertex   -9.510891e+001 9.223832e+001 6.031531e+001
      vertex   -9.512079e+001 9.824289e+001 6.028068e+001
    endloop
  endfacet
  facet normal -9.374361e-001 1.531526e-004 3.481573e-001
    outer loop
      vertex   -9.512079e+001 9.824289e+001 6.028068e+001
      vertex   -9.510891e+001 9.223832e+001 6.031531e+001
      vertex   -9.505154e+001 9.229569e+001 6.046976e+001
    endloop
  endfacet
  facet normal -9.222622e-001 -1.417245e-004 3.865649e-001
    outer loop
      vertex   -9.501693e+001 9.824289e+001 6.055450e+001
      vertex   -9.505154e+001 9.229569e+001 6.046976e+001
      vertex   -9.498786e+001 9.235937e+001 6.062170e+001
    endloop
  endfacet
  facet normal -9.056314e-001 2.604302e-004 4.240656e-001
    outer loop
      vertex   -9.489332e+001 9.824289e+001 6.081998e+001
      vertex   -9.498786e+001 9.235937e+001 6.062170e+001
      vertex   -9.491798e+001 9.242925e+001 6.077090e+001
    endloop
  endfacet
  facet normal -8.873219e-001 -1.302732e-004 4.611506e-001
    outer loop
      vertex   -9.484201e+001 9.250522e+001 6.091709e+001
      vertex   -9.489332e+001 9.824289e+001 6.081998e+001
      vertex   -9.491798e+001 9.242925e+001 6.077090e+001
    endloop
  endfacet
  facet normal -8.732416e-001 4.380420e-004 4.872873e-001
    outer loop
      vertex   -9.484201e+001 9.250522e+001 6.091709e+001
      vertex   -9.475062e+001 9.824289e+001 6.107571e+001
      vertex   -9.489332e+001 9.824289e+001 6.081998e+001
    endloop
  endfacet
  facet normal -8.676275e-001 7.418614e-005 4.972148e-001
    outer loop
      vertex   -9.484201e+001 9.250522e+001 6.091709e+001
      vertex   -9.476009e+001 9.258714e+001 6.106004e+001
      vertex   -9.475062e+001 9.824289e+001 6.107571e+001
    endloop
  endfacet
  facet normal -8.463800e-001 -5.935758e-005 5.325795e-001
    outer loop
      vertex   -9.475062e+001 9.824289e+001 6.107571e+001
      vertex   -9.476009e+001 9.258714e+001 6.106004e+001
      vertex   -9.467235e+001 9.267488e+001 6.119948e+001
    endloop
  endfacet
  facet normal -8.237290e-001 -6.110013e-005 5.669837e-001
    outer loop
      vertex   -9.458959e+001 9.824289e+001 6.132031e+001
      vertex   -9.467235e+001 9.267488e+001 6.119948e+001
      vertex   -9.457894e+001 9.276829e+001 6.133520e+001
    endloop
  endfacet
  facet normal -7.997305e-001 7.636426e-005 6.003591e-001
    outer loop
      vertex   -9.448002e+001 9.286720e+001 6.146695e+001
      vertex   -9.458959e+001 9.824289e+001 6.132031e+001
      vertex   -9.457894e+001 9.276829e+001 6.133520e+001
    endloop
  endfacet
  facet normal -7.927810e-001 4.675388e-004 6.095064e-001
    outer loop
      vertex   -9.448002e+001 9.286720e+001 6.146695e+001
      vertex   -9.441110e+001 9.824289e+001 6.155247e+001
      vertex   -9.458959e+001 9.824289e+001 6.132031e+001
    endloop
  endfacet
  facet normal -7.742437e-001 -1.421102e-004 6.328875e-001
    outer loop
      vertex   -9.448002e+001 9.286720e+001 6.146695e+001
      vertex   -9.437576e+001 9.297146e+001 6.159452e+001
      vertex   -9.441110e+001 9.824289e+001 6.155247e+001
    endloop
  endfacet
  facet normal -7.477100e-001 2.841021e-004 6.640253e-001
    outer loop
      vertex   -9.441110e+001 9.824289e+001 6.155247e+001
      vertex   -9.437576e+001 9.297146e+001 6.159452e+001
      vertex   -9.426634e+001 9.308088e+001 6.171769e+001
    endloop
  endfacet
  facet normal -7.195216e-001 -1.639256e-004 6.944701e-001
    outer loop
      vertex   -9.421610e+001 9.824289e+001 6.177096e+001
      vertex   -9.426634e+001 9.308088e+001 6.171769e+001
      vertex   -9.415194e+001 9.319529e+001 6.183624e+001
    endloop
  endfacet
  facet normal -6.904940e-001 1.880008e-004 7.233380e-001
    outer loop
      vertex   -9.400564e+001 9.824289e+001 6.197459e+001
      vertex   -9.415194e+001 9.319529e+001 6.183624e+001
      vertex   -9.403275e+001 9.331447e+001 6.194999e+001
    endloop
  endfacet
  facet normal -6.599520e-001 -1.196693e-004 7.513078e-001
    outer loop
      vertex   -9.390898e+001 9.343824e+001 6.205873e+001
      vertex   -9.400564e+001 9.824289e+001 6.197459e+001
      vertex   -9.403275e+001 9.331447e+001 6.194999e+001
    endloop
  endfacet
  facet normal -6.409016e-001 5.492649e-004 7.676228e-001
    outer loop
      vertex   -9.390898e+001 9.343824e+001 6.205873e+001
      vertex   -9.378084e+001 9.824289e+001 6.216228e+001
      vertex   -9.400564e+001 9.824289e+001 6.197459e+001
    endloop
  endfacet
  facet normal -6.285236e-001 0.000000e+000 7.777905e-001
    outer loop
      vertex   -9.390898e+001 9.343824e+001 6.205873e+001
      vertex   -9.378084e+001 9.356639e+001 6.216228e+001
      vertex   -9.378084e+001 9.824289e+001 6.216228e+001
    endloop
  endfacet
  facet normal -5.959615e-001 0.000000e+000 8.030130e-001
    outer loop
      vertex   -9.378084e+001 9.824289e+001 6.216228e+001
      vertex   -9.378084e+001 9.356639e+001 6.216228e+001
      vertex   -9.364854e+001 9.369869e+001 6.226046e+001
    endloop
  endfacet
  facet normal -5.622980e-001 -1.321443e-004 8.269347e-001
    outer loop
      vertex   -9.354291e+001 9.824289e+001 6.233302e+001
      vertex   -9.364854e+001 9.369869e+001 6.226046e+001
      vertex   -9.351231e+001 9.383492e+001 6.235312e+001
    endloop
  endfacet
  facet normal -5.280108e-001 2.076042e-004 8.492376e-001
    outer loop
      vertex   -9.337238e+001 9.397485e+001 6.244009e+001
      vertex   -9.354291e+001 9.824289e+001 6.233302e+001
      vertex   -9.351231e+001 9.383492e+001 6.235312e+001
    endloop
  endfacet
  facet normal -5.220178e-001 5.397968e-004 8.529344e-001
    outer loop
      vertex   -9.337238e+001 9.397485e+001 6.244009e+001
      vertex   -9.329313e+001 9.824289e+001 6.248589e+001
      vertex   -9.354291e+001 9.824289e+001 6.233302e+001
    endloop
  endfacet
  facet normal -4.922868e-001 -2.000415e-004 8.704330e-001
    outer loop
      vertex   -9.337238e+001 9.397485e+001 6.244009e+001
      vertex   -9.322899e+001 9.411824e+001 6.252122e+001
      vertex   -9.329313e+001 9.824289e+001 6.248589e+001
    endloop
  endfacet
  facet normal -4.582153e-001 4.874669e-004 8.888411e-001
    outer loop
      vertex   -9.329313e+001 9.824289e+001 6.248589e+001
      vertex   -9.322899e+001 9.411824e+001 6.252122e+001
      vertex   -9.303283e+001 9.824289e+001 6.262008e+001
    endloop
  endfacet
  facet normal -3.919569e-001 0.000000e+000 9.199836e-001
    outer loop
      vertex   -9.303283e+001 1.043429e+002 6.262008e+001
      vertex   -9.303283e+001 9.824289e+001 6.262008e+001
      vertex   -9.276342e+001 1.043429e+002 6.273486e+001
    endloop
  endfacet
  facet normal -3.235974e-001 0.000000e+000 9.461949e-001
    outer loop
      vertex   -9.276342e+001 1.104429e+002 6.273486e+001
      vertex   -9.276342e+001 1.043429e+002 6.273486e+001
      vertex   -9.248632e+001 1.104429e+002 6.282963e+001
    endloop
  endfacet
  facet normal -2.535035e-001 0.000000e+000 9.673345e-001
    outer loop
      vertex   -9.248632e+001 1.165429e+002 6.282963e+001
      vertex   -9.248632e+001 1.104429e+002 6.282963e+001
      vertex   -9.220304e+001 1.165429e+002 6.290386e+001
    endloop
  endfacet
  facet normal -1.820508e-001 0.000000e+000 9.832891e-001
    outer loop
      vertex   -9.220304e+001 1.226429e+002 6.290386e+001
      vertex   -9.220304e+001 1.165429e+002 6.290386e+001
      vertex   -9.191508e+001 1.226429e+002 6.295718e+001
    endloop
  endfacet
  facet normal -1.096223e-001 0.000000e+000 9.939733e-001
    outer loop
      vertex   -9.191508e+001 1.287429e+002 6.295718e+001
      vertex   -9.191508e+001 1.226429e+002 6.295718e+001
      vertex   -9.162400e+001 1.287429e+002 6.298928e+001
    endloop
  endfacet
  facet normal -3.660615e-002 0.000000e+000 9.993298e-001
    outer loop
      vertex   -9.162400e+001 1.348429e+002 6.298928e+001
      vertex   -9.162400e+001 1.287429e+002 6.298928e+001
      vertex   -9.133135e+001 1.341006e+002 6.300000e+001
    endloop
  endfacet
  facet normal -3.660615e-002 0.000000e+000 9.993298e-001
    outer loop
      vertex   -9.162400e+001 1.409429e+002 6.298928e+001
      vertex   -9.133135e+001 1.341006e+002 6.300000e+001
      vertex   -9.162400e+001 1.470429e+002 6.298928e+001
    endloop
  endfacet
  facet normal -1.096223e-001 0.000000e+000 9.939733e-001
    outer loop
      vertex   -9.191508e+001 1.409429e+002 6.295718e+001
      vertex   -9.162400e+001 1.470429e+002 6.298928e+001
      vertex   -9.191508e+001 1.470429e+002 6.295718e+001
    endloop
  endfacet
  facet normal -1.820508e-001 0.000000e+000 9.832891e-001
    outer loop
      vertex   -9.220304e+001 1.409429e+002 6.290386e+001
      vertex   -9.191508e+001 1.470429e+002 6.295718e+001
      vertex   -9.220304e+001 1.470429e+002 6.290386e+001
    endloop
  endfacet
  facet normal -2.535035e-001 0.000000e+000 9.673345e-001
    outer loop
      vertex   -9.248632e+001 1.409429e+002 6.282963e+001
      vertex   -9.220304e+001 1.470429e+002 6.290386e+001
      vertex   -9.248632e+001 1.470429e+002 6.282963e+001
    endloop
  endfacet
  facet normal -3.235974e-001 0.000000e+000 9.461949e-001
    outer loop
      vertex   -9.276342e+001 1.409429e+002 6.273486e+001
      vertex   -9.248632e+001 1.470429e+002 6.282963e+001
      vertex   -9.276342e+001 1.470429e+002 6.273486e+001
    endloop
  endfacet
  facet normal -3.919569e-001 0.000000e+000 9.199836e-001
    outer loop
      vertex   -9.303283e+001 1.409429e+002 6.262008e+001
      vertex   -9.276342e+001 1.470429e+002 6.273486e+001
      vertex   -9.303283e+001 1.470429e+002 6.262008e+001
    endloop
  endfacet
  facet normal -4.582154e-001 0.000000e+000 8.888412e-001
    outer loop
      vertex   -9.329313e+001 1.409429e+002 6.248589e+001
      vertex   -9.303283e+001 1.470429e+002 6.262008e+001
      vertex   -9.329313e+001 1.470429e+002 6.248589e+001
    endloop
  endfacet
  facet normal -5.220179e-001 0.000000e+000 8.529346e-001
    outer loop
      vertex   -9.354291e+001 1.409429e+002 6.233302e+001
      vertex   -9.329313e+001 1.470429e+002 6.248589e+001
      vertex   -9.354291e+001 1.470429e+002 6.233302e+001
    endloop
  endfacet
  facet normal -5.830223e-001 0.000000e+000 8.124562e-001
    outer loop
      vertex   -9.378084e+001 1.409429e+002 6.216228e+001
      vertex   -9.354291e+001 1.470429e+002 6.233302e+001
      vertex   -9.378084e+001 1.470429e+002 6.216228e+001
    endloop
  endfacet
  facet normal -6.409017e-001 0.000000e+000 7.676230e-001
    outer loop
      vertex   -9.400564e+001 1.409429e+002 6.197459e+001
      vertex   -9.378084e+001 1.470429e+002 6.216228e+001
      vertex   -9.400564e+001 1.470429e+002 6.197459e+001
    endloop
  endfacet
  facet normal -6.953459e-001 0.000000e+000 7.186753e-001
    outer loop
      vertex   -9.421610e+001 1.409429e+002 6.177096e+001
      vertex   -9.400564e+001 1.470429e+002 6.197459e+001
      vertex   -9.421610e+001 1.470429e+002 6.177096e+001
    endloop
  endfacet
  facet normal -7.460629e-001 0.000000e+000 6.658754e-001
    outer loop
      vertex   -9.441110e+001 1.409429e+002 6.155247e+001
      vertex   -9.421610e+001 1.470429e+002 6.177096e+001
      vertex   -9.441110e+001 1.470429e+002 6.155247e+001
    endloop
  endfacet
  facet normal -7.927811e-001 0.000000e+000 6.095065e-001
    outer loop
      vertex   -9.458959e+001 1.409429e+002 6.132031e+001
      vertex   -9.441110e+001 1.470429e+002 6.155247e+001
      vertex   -9.458959e+001 1.470429e+002 6.132031e+001
    endloop
  endfacet
  facet normal -8.352499e-001 0.000000e+000 5.498706e-001
    outer loop
      vertex   -9.475062e+001 1.409429e+002 6.107571e+001
      vertex   -9.458959e+001 1.470429e+002 6.132031e+001
      vertex   -9.475062e+001 1.470429e+002 6.107571e+001
    endloop
  endfacet
  facet normal -8.732417e-001 0.000000e+000 4.872873e-001
    outer loop
      vertex   -9.489332e+001 1.409429e+002 6.081998e+001
      vertex   -9.475062e+001 1.470429e+002 6.107571e+001
      vertex   -9.489332e+001 1.470429e+002 6.081998e+001
    endloop
  endfacet
  facet normal -9.065529e-001 0.000000e+000 4.220922e-001
    outer loop
      vertex   -9.501693e+001 1.409429e+002 6.055450e+001
      vertex   -9.489332e+001 1.470429e+002 6.081998e+001
      vertex   -9.501693e+001 1.470429e+002 6.055450e+001
    endloop
  endfacet
  facet normal -9.350050e-001 0.000000e+000 3.546346e-001
    outer loop
      vertex   -9.512079e+001 1.409429e+002 6.028068e+001
      vertex   -9.501693e+001 1.470429e+002 6.055450e+001
      vertex   -9.512079e+001 1.470429e+002 6.028068e+001
    endloop
  endfacet
  facet normal -9.584454e-001 0.000000e+000 2.852762e-001
    outer loop
      vertex   -9.520433e+001 1.328096e+002 6.000000e+001
      vertex   -9.512079e+001 1.470429e+002 6.028068e+001
      vertex   -9.512079e+001 1.531429e+002 6.028068e+001
    endloop
  endfacet
  facet normal -9.584454e-001 0.000000e+000 2.852762e-001
    outer loop
      vertex   -9.520433e+001 1.734762e+002 6.000000e+001
      vertex   -9.512079e+001 1.531429e+002 6.028068e+001
      vertex   -9.512079e+001 1.592429e+002 6.028068e+001
    endloop
  endfacet
  facet normal -9.350050e-001 0.000000e+000 3.546346e-001
    outer loop
      vertex   -9.512079e+001 1.653429e+002 6.028068e+001
      vertex   -9.512079e+001 1.592429e+002 6.028068e+001
      vertex   -9.501693e+001 1.653429e+002 6.055450e+001
    endloop
  endfacet
  facet normal -9.065529e-001 0.000000e+000 4.220922e-001
    outer loop
      vertex   -9.501693e+001 1.714429e+002 6.055450e+001
      vertex   -9.501693e+001 1.653429e+002 6.055450e+001
      vertex   -9.489332e+001 1.714429e+002 6.081998e+001
    endloop
  endfacet
  facet normal -8.732417e-001 0.000000e+000 4.872873e-001
    outer loop
      vertex   -9.489332e+001 1.775429e+002 6.081998e+001
      vertex   -9.489332e+001 1.714429e+002 6.081998e+001
      vertex   -9.475062e+001 1.775429e+002 6.107571e+001
    endloop
  endfacet
  facet normal -8.352499e-001 0.000000e+000 5.498706e-001
    outer loop
      vertex   -9.475062e+001 1.836429e+002 6.107571e+001
      vertex   -9.475062e+001 1.775429e+002 6.107571e+001
      vertex   -9.458959e+001 1.836429e+002 6.132031e+001
    endloop
  endfacet
  facet normal -7.927811e-001 0.000000e+000 6.095065e-001
    outer loop
      vertex   -9.458959e+001 1.897429e+002 6.132031e+001
      vertex   -9.458959e+001 1.836429e+002 6.132031e+001
      vertex   -9.441110e+001 1.897429e+002 6.155247e+001
    endloop
  endfacet
  facet normal -7.460629e-001 0.000000e+000 6.658754e-001
    outer loop
      vertex   -9.441110e+001 1.958429e+002 6.155247e+001
      vertex   -9.441110e+001 1.897429e+002 6.155247e+001
      vertex   -9.421610e+001 1.958429e+002 6.177096e+001
    endloop
  endfacet
  facet normal -6.953459e-001 0.000000e+000 7.186753e-001
    outer loop
      vertex   -9.421610e+001 2.019429e+002 6.177096e+001
      vertex   -9.421610e+001 1.958429e+002 6.177096e+001
      vertex   -9.400564e+001 2.019429e+002 6.197459e+001
    endloop
  endfacet
  facet normal -6.409017e-001 0.000000e+000 7.676230e-001
    outer loop
      vertex   -9.400564e+001 2.080429e+002 6.197459e+001
      vertex   -9.400564e+001 2.019429e+002 6.197459e+001
      vertex   -9.378084e+001 2.080429e+002 6.216228e+001
    endloop
  endfacet
  facet normal -6.285236e-001 0.000000e+000 7.777905e-001
    outer loop
      vertex   -9.390898e+001 2.128475e+002 6.205873e+001
      vertex   -9.378084e+001 2.080429e+002 6.216228e+001
      vertex   -9.378084e+001 2.127194e+002 6.216228e+001
    endloop
  endfacet
  facet normal -6.409016e-001 -5.492649e-004 7.676228e-001
    outer loop
      vertex   -9.390898e+001 2.128475e+002 6.205873e+001
      vertex   -9.400564e+001 2.080429e+002 6.197459e+001
      vertex   -9.378084e+001 2.080429e+002 6.216228e+001
    endloop
  endfacet
  facet normal -6.599520e-001 1.196693e-004 7.513078e-001
    outer loop
      vertex   -9.390898e+001 2.128475e+002 6.205873e+001
      vertex   -9.403275e+001 2.129713e+002 6.194999e+001
      vertex   -9.400564e+001 2.080429e+002 6.197459e+001
    endloop
  endfacet
  facet normal -6.904940e-001 -1.880008e-004 7.233380e-001
    outer loop
      vertex   -9.400564e+001 2.080429e+002 6.197459e+001
      vertex   -9.403275e+001 2.129713e+002 6.194999e+001
      vertex   -9.415194e+001 2.130905e+002 6.183624e+001
    endloop
  endfacet
  facet normal -7.195216e-001 1.639256e-004 6.944701e-001
    outer loop
      vertex   -9.421610e+001 2.080429e+002 6.177096e+001
      vertex   -9.415194e+001 2.130905e+002 6.183624e+001
      vertex   -9.426634e+001 2.132049e+002 6.171769e+001
    endloop
  endfacet
  facet normal -7.477100e-001 -2.841021e-004 6.640253e-001
    outer loop
      vertex   -9.441110e+001 2.080429e+002 6.155247e+001
      vertex   -9.426634e+001 2.132049e+002 6.171769e+001
      vertex   -9.437576e+001 2.133143e+002 6.159452e+001
    endloop
  endfacet
  facet normal -7.742437e-001 1.421102e-004 6.328875e-001
    outer loop
      vertex   -9.448002e+001 2.134186e+002 6.146695e+001
      vertex   -9.441110e+001 2.080429e+002 6.155247e+001
      vertex   -9.437576e+001 2.133143e+002 6.159452e+001
    endloop
  endfacet
  facet normal -7.927810e-001 -4.675388e-004 6.095064e-001
    outer loop
      vertex   -9.448002e+001 2.134186e+002 6.146695e+001
      vertex   -9.458959e+001 2.080429e+002 6.132031e+001
      vertex   -9.441110e+001 2.080429e+002 6.155247e+001
    endloop
  endfacet
  facet normal -7.997305e-001 -7.636426e-005 6.003591e-001
    outer loop
      vertex   -9.448002e+001 2.134186e+002 6.146695e+001
      vertex   -9.457894e+001 2.135175e+002 6.133520e+001
      vertex   -9.458959e+001 2.080429e+002 6.132031e+001
    endloop
  endfacet
  facet normal -8.237290e-001 6.110013e-005 5.669837e-001
    outer loop
      vertex   -9.458959e+001 2.080429e+002 6.132031e+001
      vertex   -9.457894e+001 2.135175e+002 6.133520e+001
      vertex   -9.467235e+001 2.136109e+002 6.119948e+001
    endloop
  endfacet
  facet normal -8.463800e-001 5.935758e-005 5.325795e-001
    outer loop
      vertex   -9.475062e+001 2.080429e+002 6.107571e+001
      vertex   -9.467235e+001 2.136109e+002 6.119948e+001
      vertex   -9.476009e+001 2.136986e+002 6.106004e+001
    endloop
  endfacet
  facet normal -8.676275e-001 -7.418614e-005 4.972148e-001
    outer loop
      vertex   -9.484201e+001 2.137806e+002 6.091709e+001
      vertex   -9.475062e+001 2.080429e+002 6.107571e+001
      vertex   -9.476009e+001 2.136986e+002 6.106004e+001
    endloop
  endfacet
  facet normal -8.732416e-001 -4.380420e-004 4.872873e-001
    outer loop
      vertex   -9.484201e+001 2.137806e+002 6.091709e+001
      vertex   -9.489332e+001 2.080429e+002 6.081998e+001
      vertex   -9.475062e+001 2.080429e+002 6.107571e+001
    endloop
  endfacet
  facet normal -8.873219e-001 1.302732e-004 4.611506e-001
    outer loop
      vertex   -9.484201e+001 2.137806e+002 6.091709e+001
      vertex   -9.491798e+001 2.138565e+002 6.077090e+001
      vertex   -9.489332e+001 2.080429e+002 6.081998e+001
    endloop
  endfacet
  facet normal -9.056314e-001 -2.604302e-004 4.240656e-001
    outer loop
      vertex   -9.489332e+001 2.080429e+002 6.081998e+001
      vertex   -9.491798e+001 2.138565e+002 6.077090e+001
      vertex   -9.498786e+001 2.139264e+002 6.062170e+001
    endloop
  endfacet
  facet normal -9.222622e-001 1.417245e-004 3.865649e-001
    outer loop
      vertex   -9.501693e+001 2.080429e+002 6.055450e+001
      vertex   -9.498786e+001 2.139264e+002 6.062170e+001
      vertex   -9.505154e+001 2.139901e+002 6.046976e+001
    endloop
  endfacet
  facet normal -9.374361e-001 -1.531526e-004 3.481573e-001
    outer loop
      vertex   -9.512079e+001 2.080429e+002 6.028068e+001
      vertex   -9.505154e+001 2.139901e+002 6.046976e+001
      vertex   -9.510891e+001 2.140475e+002 6.031531e+001
    endloop
  endfacet
  facet normal -9.509521e-001 9.748992e-005 3.093383e-001
    outer loop
      vertex   -9.515987e+001 2.140984e+002 6.015864e+001
      vertex   -9.512079e+001 2.080429e+002 6.028068e+001
      vertex   -9.510891e+001 2.140475e+002 6.031531e+001
    endloop
  endfacet
  facet normal -9.523671e-001 0.000000e+000 3.049540e-001
    outer loop
      vertex   -9.515987e+001 2.140984e+002 6.015864e+001
      vertex   -9.512079e+001 2.019429e+002 6.028068e+001
      vertex   -9.512079e+001 2.080429e+002 6.028068e+001
    endloop
  endfacet
  facet normal -9.523671e-001 0.000000e+000 3.049540e-001
    outer loop
      vertex   -9.515987e+001 2.140984e+002 6.015864e+001
      vertex   -9.512079e+001 1.958429e+002 6.028068e+001
      vertex   -9.512079e+001 2.019429e+002 6.028068e+001
    endloop
  endfacet
  facet normal -9.563701e-001 -9.411187e-005 2.921580e-001
    outer loop
      vertex   -9.515987e+001 2.140984e+002 6.015864e+001
      vertex   -9.520433e+001 1.734762e+002 6.000000e+001
      vertex   -9.512079e+001 1.958429e+002 6.028068e+001
    endloop
  endfacet
  facet normal -9.628920e-001 0.000000e+000 2.698871e-001
    outer loop
      vertex   -9.515987e+001 2.140984e+002 6.015864e+001
      vertex   -9.520433e+001 2.141429e+002 6.000000e+001
      vertex   -9.520433e+001 1.734762e+002 6.000000e+001
    endloop
  endfacet
  facet normal -9.350049e-001 3.873883e-004 3.546346e-001
    outer loop
      vertex   -9.512079e+001 9.824289e+001 6.028068e+001
      vertex   -9.505154e+001 9.229569e+001 6.046976e+001
      vertex   -9.501693e+001 9.824289e+001 6.055450e+001
    endloop
  endfacet
  facet normal -9.065529e-001 0.000000e+000 4.220922e-001
    outer loop
      vertex   -9.501693e+001 1.043429e+002 6.055450e+001
      vertex   -9.501693e+001 9.824289e+001 6.055450e+001
      vertex   -9.489332e+001 1.043429e+002 6.081998e+001
    endloop
  endfacet
  facet normal -8.732417e-001 0.000000e+000 4.872873e-001
    outer loop
      vertex   -9.489332e+001 1.104429e+002 6.081998e+001
      vertex   -9.489332e+001 1.043429e+002 6.081998e+001
      vertex   -9.475062e+001 1.104429e+002 6.107571e+001
    endloop
  endfacet
  facet normal -8.352499e-001 0.000000e+000 5.498706e-001
    outer loop
      vertex   -9.475062e+001 1.165429e+002 6.107571e+001
      vertex   -9.475062e+001 1.104429e+002 6.107571e+001
      vertex   -9.458959e+001 1.165429e+002 6.132031e+001
    endloop
  endfacet
  facet normal -7.927811e-001 0.000000e+000 6.095065e-001
    outer loop
      vertex   -9.458959e+001 1.226429e+002 6.132031e+001
      vertex   -9.458959e+001 1.165429e+002 6.132031e+001
      vertex   -9.441110e+001 1.226429e+002 6.155247e+001
    endloop
  endfacet
  facet normal -7.460629e-001 0.000000e+000 6.658754e-001
    outer loop
      vertex   -9.441110e+001 1.287429e+002 6.155247e+001
      vertex   -9.441110e+001 1.226429e+002 6.155247e+001
      vertex   -9.421610e+001 1.287429e+002 6.177096e+001
    endloop
  endfacet
  facet normal -6.953459e-001 0.000000e+000 7.186753e-001
    outer loop
      vertex   -9.421610e+001 1.348429e+002 6.177096e+001
      vertex   -9.421610e+001 1.287429e+002 6.177096e+001
      vertex   -9.400564e+001 1.348429e+002 6.197459e+001
    endloop
  endfacet
  facet normal -6.409017e-001 0.000000e+000 7.676230e-001
    outer loop
      vertex   -9.400564e+001 1.409429e+002 6.197459e+001
      vertex   -9.400564e+001 1.348429e+002 6.197459e+001
      vertex   -9.378084e+001 1.409429e+002 6.216228e+001
    endloop
  endfacet
  facet normal -6.409017e-001 0.000000e+000 7.676230e-001
    outer loop
      vertex   -9.378084e+001 1.470429e+002 6.216228e+001
      vertex   -9.400564e+001 1.409429e+002 6.197459e+001
      vertex   -9.378084e+001 1.409429e+002 6.216228e+001
    endloop
  endfacet
  facet normal -9.065529e-001 3.417394e-004 4.220922e-001
    outer loop
      vertex   -9.501693e+001 9.824289e+001 6.055450e+001
      vertex   -9.498786e+001 9.235937e+001 6.062170e+001
      vertex   -9.489332e+001 9.824289e+001 6.081998e+001
    endloop
  endfacet
  facet normal -8.732417e-001 0.000000e+000 4.872873e-001
    outer loop
      vertex   -9.489332e+001 1.043429e+002 6.081998e+001
      vertex   -9.489332e+001 9.824289e+001 6.081998e+001
      vertex   -9.475062e+001 1.043429e+002 6.107571e+001
    endloop
  endfacet
  facet normal -8.352499e-001 0.000000e+000 5.498706e-001
    outer loop
      vertex   -9.475062e+001 1.104429e+002 6.107571e+001
      vertex   -9.475062e+001 1.043429e+002 6.107571e+001
      vertex   -9.458959e+001 1.104429e+002 6.132031e+001
    endloop
  endfacet
  facet normal -7.927811e-001 0.000000e+000 6.095065e-001
    outer loop
      vertex   -9.458959e+001 1.165429e+002 6.132031e+001
      vertex   -9.458959e+001 1.104429e+002 6.132031e+001
      vertex   -9.441110e+001 1.165429e+002 6.155247e+001
    endloop
  endfacet
  facet normal -7.460629e-001 0.000000e+000 6.658754e-001
    outer loop
      vertex   -9.441110e+001 1.226429e+002 6.155247e+001
      vertex   -9.441110e+001 1.165429e+002 6.155247e+001
      vertex   -9.421610e+001 1.226429e+002 6.177096e+001
    endloop
  endfacet
  facet normal -6.953459e-001 0.000000e+000 7.186753e-001
    outer loop
      vertex   -9.421610e+001 1.287429e+002 6.177096e+001
      vertex   -9.421610e+001 1.226429e+002 6.177096e+001
      vertex   -9.400564e+001 1.287429e+002 6.197459e+001
    endloop
  endfacet
  facet normal -6.409017e-001 0.000000e+000 7.676230e-001
    outer loop
      vertex   -9.400564e+001 1.348429e+002 6.197459e+001
      vertex   -9.400564e+001 1.287429e+002 6.197459e+001
      vertex   -9.378084e+001 1.348429e+002 6.216228e+001
    endloop
  endfacet
  facet normal -5.830223e-001 0.000000e+000 8.124562e-001
    outer loop
      vertex   -9.378084e+001 1.409429e+002 6.216228e+001
      vertex   -9.378084e+001 1.348429e+002 6.216228e+001
      vertex   -9.354291e+001 1.409429e+002 6.233302e+001
    endloop
  endfacet
  facet normal -5.830223e-001 0.000000e+000 8.124562e-001
    outer loop
      vertex   -9.354291e+001 1.470429e+002 6.233302e+001
      vertex   -9.378084e+001 1.409429e+002 6.216228e+001
      vertex   -9.354291e+001 1.409429e+002 6.233302e+001
    endloop
  endfacet
  facet normal -8.352498e-001 4.814855e-004 5.498705e-001
    outer loop
      vertex   -9.475062e+001 9.824289e+001 6.107571e+001
      vertex   -9.467235e+001 9.267488e+001 6.119948e+001
      vertex   -9.458959e+001 9.824289e+001 6.132031e+001
    endloop
  endfacet
  facet normal -7.927811e-001 0.000000e+000 6.095065e-001
    outer loop
      vertex   -9.458959e+001 1.043429e+002 6.132031e+001
      vertex   -9.458959e+001 9.824289e+001 6.132031e+001
      vertex   -9.441110e+001 1.043429e+002 6.155247e+001
    endloop
  endfacet
  facet normal -7.460629e-001 0.000000e+000 6.658754e-001
    outer loop
      vertex   -9.441110e+001 1.104429e+002 6.155247e+001
      vertex   -9.441110e+001 1.043429e+002 6.155247e+001
      vertex   -9.421610e+001 1.104429e+002 6.177096e+001
    endloop
  endfacet
  facet normal -6.953459e-001 0.000000e+000 7.186753e-001
    outer loop
      vertex   -9.421610e+001 1.165429e+002 6.177096e+001
      vertex   -9.421610e+001 1.104429e+002 6.177096e+001
      vertex   -9.400564e+001 1.165429e+002 6.197459e+001
    endloop
  endfacet
  facet normal -6.409017e-001 0.000000e+000 7.676230e-001
    outer loop
      vertex   -9.400564e+001 1.226429e+002 6.197459e+001
      vertex   -9.400564e+001 1.165429e+002 6.197459e+001
      vertex   -9.378084e+001 1.226429e+002 6.216228e+001
    endloop
  endfacet
  facet normal -5.830223e-001 0.000000e+000 8.124562e-001
    outer loop
      vertex   -9.378084e+001 1.287429e+002 6.216228e+001
      vertex   -9.378084e+001 1.226429e+002 6.216228e+001
      vertex   -9.354291e+001 1.287429e+002 6.233302e+001
    endloop
  endfacet
  facet normal -5.220179e-001 0.000000e+000 8.529346e-001
    outer loop
      vertex   -9.354291e+001 1.348429e+002 6.233302e+001
      vertex   -9.354291e+001 1.287429e+002 6.233302e+001
      vertex   -9.329313e+001 1.348429e+002 6.248589e+001
    endloop
  endfacet
  facet normal -4.582154e-001 0.000000e+000 8.888412e-001
    outer loop
      vertex   -9.329313e+001 1.409429e+002 6.248589e+001
      vertex   -9.329313e+001 1.348429e+002 6.248589e+001
      vertex   -9.303283e+001 1.409429e+002 6.262008e+001
    endloop
  endfacet
  facet normal -4.582154e-001 0.000000e+000 8.888412e-001
    outer loop
      vertex   -9.303283e+001 1.470429e+002 6.262008e+001
      vertex   -9.329313e+001 1.409429e+002 6.248589e+001
      vertex   -9.303283e+001 1.409429e+002 6.262008e+001
    endloop
  endfacet
  facet normal -7.460629e-001 3.895059e-004 6.658754e-001
    outer loop
      vertex   -9.441110e+001 9.824289e+001 6.155247e+001
      vertex   -9.426634e+001 9.308088e+001 6.171769e+001
      vertex   -9.421610e+001 9.824289e+001 6.177096e+001
    endloop
  endfacet
  facet normal -6.953459e-001 0.000000e+000 7.186753e-001
    outer loop
      vertex   -9.421610e+001 1.043429e+002 6.177096e+001
      vertex   -9.421610e+001 9.824289e+001 6.177096e+001
      vertex   -9.400564e+001 1.043429e+002 6.197459e+001
    endloop
  endfacet
  facet normal -6.409017e-001 0.000000e+000 7.676230e-001
    outer loop
      vertex   -9.400564e+001 1.104429e+002 6.197459e+001
      vertex   -9.400564e+001 1.043429e+002 6.197459e+001
      vertex   -9.378084e+001 1.104429e+002 6.216228e+001
    endloop
  endfacet
  facet normal -5.830223e-001 0.000000e+000 8.124562e-001
    outer loop
      vertex   -9.378084e+001 1.165429e+002 6.216228e+001
      vertex   -9.378084e+001 1.104429e+002 6.216228e+001
      vertex   -9.354291e+001 1.165429e+002 6.233302e+001
    endloop
  endfacet
  facet normal -5.220179e-001 0.000000e+000 8.529346e-001
    outer loop
      vertex   -9.354291e+001 1.226429e+002 6.233302e+001
      vertex   -9.354291e+001 1.165429e+002 6.233302e+001
      vertex   -9.329313e+001 1.226429e+002 6.248589e+001
    endloop
  endfacet
  facet normal -4.582154e-001 0.000000e+000 8.888412e-001
    outer loop
      vertex   -9.329313e+001 1.287429e+002 6.248589e+001
      vertex   -9.329313e+001 1.226429e+002 6.248589e+001
      vertex   -9.303283e+001 1.287429e+002 6.262008e+001
    endloop
  endfacet
  facet normal -3.919569e-001 0.000000e+000 9.199836e-001
    outer loop
      vertex   -9.303283e+001 1.348429e+002 6.262008e+001
      vertex   -9.303283e+001 1.287429e+002 6.262008e+001
      vertex   -9.276342e+001 1.348429e+002 6.273486e+001
    endloop
  endfacet
  facet normal -3.235974e-001 0.000000e+000 9.461949e-001
    outer loop
      vertex   -9.276342e+001 1.409429e+002 6.273486e+001
      vertex   -9.276342e+001 1.348429e+002 6.273486e+001
      vertex   -9.248632e+001 1.409429e+002 6.282963e+001
    endloop
  endfacet
  facet normal -3.235974e-001 0.000000e+000 9.461949e-001
    outer loop
      vertex   -9.248632e+001 1.470429e+002 6.282963e+001
      vertex   -9.276342e+001 1.409429e+002 6.273486e+001
      vertex   -9.248632e+001 1.409429e+002 6.282963e+001
    endloop
  endfacet
  facet normal -6.953458e-001 4.564299e-004 7.186752e-001
    outer loop
      vertex   -9.421610e+001 9.824289e+001 6.177096e+001
      vertex   -9.415194e+001 9.319529e+001 6.183624e+001
      vertex   -9.400564e+001 9.824289e+001 6.197459e+001
    endloop
  endfacet
  facet normal -6.409017e-001 0.000000e+000 7.676230e-001
    outer loop
      vertex   -9.400564e+001 1.043429e+002 6.197459e+001
      vertex   -9.400564e+001 9.824289e+001 6.197459e+001
      vertex   -9.378084e+001 1.043429e+002 6.216228e+001
    endloop
  endfacet
  facet normal -5.830223e-001 0.000000e+000 8.124562e-001
    outer loop
      vertex   -9.378084e+001 1.104429e+002 6.216228e+001
      vertex   -9.378084e+001 1.043429e+002 6.216228e+001
      vertex   -9.354291e+001 1.104429e+002 6.233302e+001
    endloop
  endfacet
  facet normal -5.220179e-001 0.000000e+000 8.529346e-001
    outer loop
      vertex   -9.354291e+001 1.165429e+002 6.233302e+001
      vertex   -9.354291e+001 1.104429e+002 6.233302e+001
      vertex   -9.329313e+001 1.165429e+002 6.248589e+001
    endloop
  endfacet
  facet normal -4.582154e-001 0.000000e+000 8.888412e-001
    outer loop
      vertex   -9.329313e+001 1.226429e+002 6.248589e+001
      vertex   -9.329313e+001 1.165429e+002 6.248589e+001
      vertex   -9.303283e+001 1.226429e+002 6.262008e+001
    endloop
  endfacet
  facet normal -3.919569e-001 0.000000e+000 9.199836e-001
    outer loop
      vertex   -9.303283e+001 1.287429e+002 6.262008e+001
      vertex   -9.303283e+001 1.226429e+002 6.262008e+001
      vertex   -9.276342e+001 1.287429e+002 6.273486e+001
    endloop
  endfacet
  facet normal -3.235974e-001 0.000000e+000 9.461949e-001
    outer loop
      vertex   -9.276342e+001 1.348429e+002 6.273486e+001
      vertex   -9.276342e+001 1.287429e+002 6.273486e+001
      vertex   -9.248632e+001 1.348429e+002 6.282963e+001
    endloop
  endfacet
  facet normal -2.535035e-001 0.000000e+000 9.673345e-001
    outer loop
      vertex   -9.248632e+001 1.409429e+002 6.282963e+001
      vertex   -9.248632e+001 1.348429e+002 6.282963e+001
      vertex   -9.220304e+001 1.409429e+002 6.290386e+001
    endloop
  endfacet
  facet normal -2.535035e-001 0.000000e+000 9.673345e-001
    outer loop
      vertex   -9.220304e+001 1.470429e+002 6.290386e+001
      vertex   -9.248632e+001 1.409429e+002 6.282963e+001
      vertex   -9.220304e+001 1.409429e+002 6.290386e+001
    endloop
  endfacet
  facet normal -5.830222e-001 5.807448e-004 8.124560e-001
    outer loop
      vertex   -9.378084e+001 9.824289e+001 6.216228e+001
      vertex   -9.364854e+001 9.369869e+001 6.226046e+001
      vertex   -9.354291e+001 9.824289e+001 6.233302e+001
    endloop
  endfacet
  facet normal -5.220179e-001 0.000000e+000 8.529346e-001
    outer loop
      vertex   -9.354291e+001 1.043429e+002 6.233302e+001
      vertex   -9.354291e+001 9.824289e+001 6.233302e+001
      vertex   -9.329313e+001 1.043429e+002 6.248589e+001
    endloop
  endfacet
  facet normal -4.582154e-001 0.000000e+000 8.888412e-001
    outer loop
      vertex   -9.329313e+001 1.104429e+002 6.248589e+001
      vertex   -9.329313e+001 1.043429e+002 6.248589e+001
      vertex   -9.303283e+001 1.104429e+002 6.262008e+001
    endloop
  endfacet
  facet normal -3.919569e-001 0.000000e+000 9.199836e-001
    outer loop
      vertex   -9.303283e+001 1.165429e+002 6.262008e+001
      vertex   -9.303283e+001 1.104429e+002 6.262008e+001
      vertex   -9.276342e+001 1.165429e+002 6.273486e+001
    endloop
  endfacet
  facet normal -3.235974e-001 0.000000e+000 9.461949e-001
    outer loop
      vertex   -9.276342e+001 1.226429e+002 6.273486e+001
      vertex   -9.276342e+001 1.165429e+002 6.273486e+001
      vertex   -9.248632e+001 1.226429e+002 6.282963e+001
    endloop
  endfacet
  facet normal -2.535035e-001 0.000000e+000 9.673345e-001
    outer loop
      vertex   -9.248632e+001 1.287429e+002 6.282963e+001
      vertex   -9.248632e+001 1.226429e+002 6.282963e+001
      vertex   -9.220304e+001 1.287429e+002 6.290386e+001
    endloop
  endfacet
  facet normal -1.820508e-001 0.000000e+000 9.832891e-001
    outer loop
      vertex   -9.220304e+001 1.348429e+002 6.290386e+001
      vertex   -9.220304e+001 1.287429e+002 6.290386e+001
      vertex   -9.191508e+001 1.348429e+002 6.295718e+001
    endloop
  endfacet
  facet normal -1.096223e-001 0.000000e+000 9.939733e-001
    outer loop
      vertex   -9.191508e+001 1.409429e+002 6.295718e+001
      vertex   -9.191508e+001 1.348429e+002 6.295718e+001
      vertex   -9.162400e+001 1.409429e+002 6.298928e+001
    endloop
  endfacet
  facet normal -1.096223e-001 0.000000e+000 9.939733e-001
    outer loop
      vertex   -9.162400e+001 1.470429e+002 6.298928e+001
      vertex   -9.191508e+001 1.409429e+002 6.295718e+001
      vertex   -9.162400e+001 1.409429e+002 6.298928e+001
    endloop
  endfacet
  facet normal -4.564840e-001 3.837901e-004 8.897315e-001
    outer loop
      vertex   -9.322899e+001 9.411824e+001 6.252122e+001
      vertex   -9.308238e+001 9.426485e+001 6.259637e+001
      vertex   -9.303283e+001 9.824289e+001 6.262008e+001
    endloop
  endfacet
  facet normal -4.189899e-001 -1.919622e-004 9.079909e-001
    outer loop
      vertex   -9.303283e+001 9.824289e+001 6.262008e+001
      vertex   -9.308238e+001 9.426485e+001 6.259637e+001
      vertex   -9.293279e+001 9.441443e+001 6.266543e+001
    endloop
  endfacet
  facet normal -3.815028e-001 1.144781e-004 9.243677e-001
    outer loop
      vertex   -9.276342e+001 9.824289e+001 6.273486e+001
      vertex   -9.293279e+001 9.441443e+001 6.266543e+001
      vertex   -9.278049e+001 9.456673e+001 6.272827e+001
    endloop
  endfacet
  facet normal -3.429340e-001 -9.159227e-005 9.393595e-001
    outer loop
      vertex   -9.262574e+001 9.472149e+001 6.278478e+001
      vertex   -9.276342e+001 9.824289e+001 6.273486e+001
      vertex   -9.278049e+001 9.456673e+001 6.272827e+001
    endloop
  endfacet
  facet normal -3.235973e-001 7.613205e-004 9.461946e-001
    outer loop
      vertex   -9.262574e+001 9.472149e+001 6.278478e+001
      vertex   -9.248632e+001 9.824289e+001 6.282963e+001
      vertex   -9.276342e+001 9.824289e+001 6.273486e+001
    endloop
  endfacet
  facet normal -3.039528e-001 -9.909645e-005 9.526871e-001
    outer loop
      vertex   -9.262574e+001 9.472149e+001 6.278478e+001
      vertex   -9.246878e+001 9.487844e+001 6.283487e+001
      vertex   -9.248632e+001 9.824289e+001 6.282963e+001
    endloop
  endfacet
  facet normal -2.646701e-001 1.238589e-004 9.643390e-001
    outer loop
      vertex   -9.248632e+001 9.824289e+001 6.282963e+001
      vertex   -9.246878e+001 9.487844e+001 6.283487e+001
      vertex   -9.230990e+001 9.503732e+001 6.287846e+001
    endloop
  endfacet
  facet normal -2.243871e-001 -2.433608e-004 9.745001e-001
    outer loop
      vertex   -9.220304e+001 9.824289e+001 6.290386e+001
      vertex   -9.230990e+001 9.503732e+001 6.287846e+001
      vertex   -9.214936e+001 9.519787e+001 6.291546e+001
    endloop
  endfacet
  facet normal -1.847705e-001 4.866054e-004 9.827816e-001
    outer loop
      vertex   -9.198743e+001 9.535980e+001 6.294583e+001
      vertex   -9.220304e+001 9.824289e+001 6.290386e+001
      vertex   -9.214936e+001 9.519787e+001 6.291546e+001
    endloop
  endfacet
  facet normal -1.820507e-001 6.973866e-004 9.832889e-001
    outer loop
      vertex   -9.198743e+001 9.535980e+001 6.294583e+001
      vertex   -9.191508e+001 9.824289e+001 6.295718e+001
      vertex   -9.220304e+001 9.824289e+001 6.290386e+001
    endloop
  endfacet
  facet normal -1.433781e-001 -2.981004e-004 9.896679e-001
    outer loop
      vertex   -9.198743e+001 9.535980e+001 6.294583e+001
      vertex   -9.182438e+001 9.552284e+001 6.296950e+001
      vertex   -9.191508e+001 9.824289e+001 6.295718e+001
    endloop
  endfacet
  facet normal -1.096222e-001 8.469975e-004 9.939730e-001
    outer loop
      vertex   -9.191508e+001 9.824289e+001 6.295718e+001
      vertex   -9.182438e+001 9.552284e+001 6.296950e+001
      vertex   -9.162400e+001 9.824289e+001 6.298928e+001
    endloop
  endfacet
  facet normal -5.717870e-002 0.000000e+000 9.983640e-001
    outer loop
      vertex   -9.162400e+001 1.043429e+002 6.298928e+001
      vertex   -9.162400e+001 9.824289e+001 6.298928e+001
      vertex   -9.149607e+001 9.585116e+001 6.299661e+001
    endloop
  endfacet
  facet normal -4.514642e-002 1.058042e-004 9.989804e-001
    outer loop
      vertex   -9.162400e+001 1.104429e+002 6.298928e+001
      vertex   -9.149607e+001 9.585116e+001 6.299661e+001
      vertex   -9.133135e+001 1.341006e+002 6.300000e+001
    endloop
  endfacet
  facet normal -3.660615e-002 0.000000e+000 9.993298e-001
    outer loop
      vertex   -9.162400e+001 1.165429e+002 6.298928e+001
      vertex   -9.133135e+001 1.341006e+002 6.300000e+001
      vertex   -9.162400e+001 1.226429e+002 6.298928e+001
    endloop
  endfacet
  facet normal -1.096223e-001 0.000000e+000 9.939733e-001
    outer loop
      vertex   -9.191508e+001 1.165429e+002 6.295718e+001
      vertex   -9.162400e+001 1.226429e+002 6.298928e+001
      vertex   -9.191508e+001 1.226429e+002 6.295718e+001
    endloop
  endfacet
  facet normal -1.820508e-001 0.000000e+000 9.832891e-001
    outer loop
      vertex   -9.220304e+001 1.165429e+002 6.290386e+001
      vertex   -9.191508e+001 1.165429e+002 6.295718e+001
      vertex   -9.191508e+001 1.226429e+002 6.295718e+001
    endloop
  endfacet
  facet normal -1.820508e-001 0.000000e+000 9.832891e-001
    outer loop
      vertex   -9.220304e+001 1.165429e+002 6.290386e+001
      vertex   -9.220304e+001 1.104429e+002 6.290386e+001
      vertex   -9.191508e+001 1.165429e+002 6.295718e+001
    endloop
  endfacet
  facet normal -2.535035e-001 0.000000e+000 9.673345e-001
    outer loop
      vertex   -9.220304e+001 1.165429e+002 6.290386e+001
      vertex   -9.248632e+001 1.104429e+002 6.282963e+001
      vertex   -9.220304e+001 1.104429e+002 6.290386e+001
    endloop
  endfacet
  facet normal -2.535035e-001 0.000000e+000 9.673345e-001
    outer loop
      vertex   -9.220304e+001 1.104429e+002 6.290386e+001
      vertex   -9.248632e+001 1.104429e+002 6.282963e+001
      vertex   -9.248632e+001 1.043429e+002 6.282963e+001
    endloop
  endfacet
  facet normal -2.535035e-001 0.000000e+000 9.673345e-001
    outer loop
      vertex   -9.220304e+001 1.043429e+002 6.290386e+001
      vertex   -9.248632e+001 1.043429e+002 6.282963e+001
      vertex   -9.248632e+001 9.824289e+001 6.282963e+001
    endloop
  endfacet
  facet normal -2.535034e-001 7.840551e-004 9.673342e-001
    outer loop
      vertex   -9.220304e+001 9.824289e+001 6.290386e+001
      vertex   -9.248632e+001 9.824289e+001 6.282963e+001
      vertex   -9.230990e+001 9.503732e+001 6.287846e+001
    endloop
  endfacet
  facet normal -2.535035e-001 0.000000e+000 9.673345e-001
    outer loop
      vertex   -9.220304e+001 9.824289e+001 6.290386e+001
      vertex   -9.220304e+001 1.043429e+002 6.290386e+001
      vertex   -9.248632e+001 9.824289e+001 6.282963e+001
    endloop
  endfacet
  facet normal -1.820508e-001 0.000000e+000 9.832891e-001
    outer loop
      vertex   -9.220304e+001 9.824289e+001 6.290386e+001
      vertex   -9.191508e+001 1.043429e+002 6.295718e+001
      vertex   -9.220304e+001 1.043429e+002 6.290386e+001
    endloop
  endfacet
  facet normal -1.820508e-001 0.000000e+000 9.832891e-001
    outer loop
      vertex   -9.220304e+001 9.824289e+001 6.290386e+001
      vertex   -9.191508e+001 9.824289e+001 6.295718e+001
      vertex   -9.191508e+001 1.043429e+002 6.295718e+001
    endloop
  endfacet
  facet normal -1.096223e-001 0.000000e+000 9.939733e-001
    outer loop
      vertex   -9.191508e+001 1.043429e+002 6.295718e+001
      vertex   -9.191508e+001 9.824289e+001 6.295718e+001
      vertex   -9.162400e+001 1.043429e+002 6.298928e+001
    endloop
  endfacet
  facet normal -5.717870e-002 0.000000e+000 9.983640e-001
    outer loop
      vertex   -9.162400e+001 1.104429e+002 6.298928e+001
      vertex   -9.162400e+001 1.043429e+002 6.298928e+001
      vertex   -9.149607e+001 9.585116e+001 6.299661e+001
    endloop
  endfacet
  facet normal -1.096223e-001 0.000000e+000 9.939733e-001
    outer loop
      vertex   -9.162400e+001 1.104429e+002 6.298928e+001
      vertex   -9.191508e+001 1.043429e+002 6.295718e+001
      vertex   -9.162400e+001 1.043429e+002 6.298928e+001
    endloop
  endfacet
  facet normal -1.096223e-001 0.000000e+000 9.939733e-001
    outer loop
      vertex   -9.162400e+001 1.104429e+002 6.298928e+001
      vertex   -9.191508e+001 1.104429e+002 6.295718e+001
      vertex   -9.191508e+001 1.043429e+002 6.295718e+001
    endloop
  endfacet
  facet normal -1.096223e-001 0.000000e+000 9.939733e-001
    outer loop
      vertex   -9.162400e+001 1.104429e+002 6.298928e+001
      vertex   -9.162400e+001 1.165429e+002 6.298928e+001
      vertex   -9.191508e+001 1.104429e+002 6.295718e+001
    endloop
  endfacet
  facet normal -3.660615e-002 0.000000e+000 9.993298e-001
    outer loop
      vertex   -9.162400e+001 1.104429e+002 6.298928e+001
      vertex   -9.133135e+001 1.341006e+002 6.300000e+001
      vertex   -9.162400e+001 1.165429e+002 6.298928e+001
    endloop
  endfacet
  facet normal -3.919568e-001 6.564891e-004 9.199834e-001
    outer loop
      vertex   -9.303283e+001 9.824289e+001 6.262008e+001
      vertex   -9.293279e+001 9.441443e+001 6.266543e+001
      vertex   -9.276342e+001 9.824289e+001 6.273486e+001
    endloop
  endfacet
  facet normal -3.235974e-001 0.000000e+000 9.461949e-001
    outer loop
      vertex   -9.276342e+001 1.043429e+002 6.273486e+001
      vertex   -9.276342e+001 9.824289e+001 6.273486e+001
      vertex   -9.248632e+001 1.043429e+002 6.282963e+001
    endloop
  endfacet
  facet normal -3.235974e-001 0.000000e+000 9.461949e-001
    outer loop
      vertex   -9.248632e+001 1.104429e+002 6.282963e+001
      vertex   -9.276342e+001 1.043429e+002 6.273486e+001
      vertex   -9.248632e+001 1.043429e+002 6.282963e+001
    endloop
  endfacet
  facet normal -1.031578e-001 3.657359e-004 9.946649e-001
    outer loop
      vertex   -9.182438e+001 9.552284e+001 6.296950e+001
      vertex   -9.166050e+001 9.568672e+001 6.298643e+001
      vertex   -9.162400e+001 9.824289e+001 6.298928e+001
    endloop
  endfacet
  facet normal -6.151550e-002 -2.327678e-004 9.981061e-001
    outer loop
      vertex   -9.162400e+001 9.824289e+001 6.298928e+001
      vertex   -9.166050e+001 9.568672e+001 6.298643e+001
      vertex   -9.149607e+001 9.585116e+001 6.299661e+001
    endloop
  endfacet
  facet normal -2.059411e-002 0.000000e+000 9.997879e-001
    outer loop
      vertex   -9.149607e+001 9.585116e+001 6.299661e+001
      vertex   -9.133135e+001 9.601588e+001 6.300000e+001
      vertex   -9.133135e+001 1.341006e+002 6.300000e+001
    endloop
  endfacet
  facet normal -3.660615e-002 0.000000e+000 9.993298e-001
    outer loop
      vertex   -9.162400e+001 1.470429e+002 6.298928e+001
      vertex   -9.133135e+001 1.341006e+002 6.300000e+001
      vertex   -9.162400e+001 1.531429e+002 6.298928e+001
    endloop
  endfacet
  facet normal -1.096223e-001 0.000000e+000 9.939733e-001
    outer loop
      vertex   -9.191508e+001 1.470429e+002 6.295718e+001
      vertex   -9.162400e+001 1.531429e+002 6.298928e+001
      vertex   -9.191508e+001 1.531429e+002 6.295718e+001
    endloop
  endfacet
  facet normal -1.820508e-001 0.000000e+000 9.832891e-001
    outer loop
      vertex   -9.220304e+001 1.470429e+002 6.290386e+001
      vertex   -9.191508e+001 1.531429e+002 6.295718e+001
      vertex   -9.220304e+001 1.531429e+002 6.290386e+001
    endloop
  endfacet
  facet normal -2.535035e-001 0.000000e+000 9.673345e-001
    outer loop
      vertex   -9.248632e+001 1.470429e+002 6.282963e+001
      vertex   -9.220304e+001 1.531429e+002 6.290386e+001
      vertex   -9.248632e+001 1.531429e+002 6.282963e+001
    endloop
  endfacet
  facet normal -3.235974e-001 0.000000e+000 9.461949e-001
    outer loop
      vertex   -9.276342e+001 1.470429e+002 6.273486e+001
      vertex   -9.248632e+001 1.531429e+002 6.282963e+001
      vertex   -9.276342e+001 1.531429e+002 6.273486e+001
    endloop
  endfacet
  facet normal -3.919569e-001 0.000000e+000 9.199836e-001
    outer loop
      vertex   -9.303283e+001 1.470429e+002 6.262008e+001
      vertex   -9.276342e+001 1.531429e+002 6.273486e+001
      vertex   -9.303283e+001 1.531429e+002 6.262008e+001
    endloop
  endfacet
  facet normal -4.582154e-001 0.000000e+000 8.888412e-001
    outer loop
      vertex   -9.329313e+001 1.470429e+002 6.248589e+001
      vertex   -9.303283e+001 1.531429e+002 6.262008e+001
      vertex   -9.329313e+001 1.531429e+002 6.248589e+001
    endloop
  endfacet
  facet normal -5.220179e-001 0.000000e+000 8.529346e-001
    outer loop
      vertex   -9.354291e+001 1.470429e+002 6.233302e+001
      vertex   -9.329313e+001 1.531429e+002 6.248589e+001
      vertex   -9.354291e+001 1.531429e+002 6.233302e+001
    endloop
  endfacet
  facet normal -5.830223e-001 0.000000e+000 8.124562e-001
    outer loop
      vertex   -9.378084e+001 1.470429e+002 6.216228e+001
      vertex   -9.354291e+001 1.531429e+002 6.233302e+001
      vertex   -9.378084e+001 1.531429e+002 6.216228e+001
    endloop
  endfacet
  facet normal -6.409017e-001 0.000000e+000 7.676230e-001
    outer loop
      vertex   -9.400564e+001 1.470429e+002 6.197459e+001
      vertex   -9.378084e+001 1.531429e+002 6.216228e+001
      vertex   -9.400564e+001 1.531429e+002 6.197459e+001
    endloop
  endfacet
  facet normal -6.953459e-001 0.000000e+000 7.186753e-001
    outer loop
      vertex   -9.421610e+001 1.470429e+002 6.177096e+001
      vertex   -9.400564e+001 1.531429e+002 6.197459e+001
      vertex   -9.421610e+001 1.531429e+002 6.177096e+001
    endloop
  endfacet
  facet normal -7.460629e-001 0.000000e+000 6.658754e-001
    outer loop
      vertex   -9.441110e+001 1.470429e+002 6.155247e+001
      vertex   -9.421610e+001 1.531429e+002 6.177096e+001
      vertex   -9.441110e+001 1.531429e+002 6.155247e+001
    endloop
  endfacet
  facet normal -7.927811e-001 0.000000e+000 6.095065e-001
    outer loop
      vertex   -9.458959e+001 1.470429e+002 6.132031e+001
      vertex   -9.441110e+001 1.531429e+002 6.155247e+001
      vertex   -9.458959e+001 1.531429e+002 6.132031e+001
    endloop
  endfacet
  facet normal -8.352499e-001 0.000000e+000 5.498706e-001
    outer loop
      vertex   -9.475062e+001 1.470429e+002 6.107571e+001
      vertex   -9.458959e+001 1.531429e+002 6.132031e+001
      vertex   -9.475062e+001 1.531429e+002 6.107571e+001
    endloop
  endfacet
  facet normal -8.732417e-001 0.000000e+000 4.872873e-001
    outer loop
      vertex   -9.489332e+001 1.470429e+002 6.081998e+001
      vertex   -9.475062e+001 1.531429e+002 6.107571e+001
      vertex   -9.489332e+001 1.531429e+002 6.081998e+001
    endloop
  endfacet
  facet normal -9.065529e-001 0.000000e+000 4.220922e-001
    outer loop
      vertex   -9.501693e+001 1.470429e+002 6.055450e+001
      vertex   -9.489332e+001 1.531429e+002 6.081998e+001
      vertex   -9.501693e+001 1.531429e+002 6.055450e+001
    endloop
  endfacet
  facet normal -9.350050e-001 0.000000e+000 3.546346e-001
    outer loop
      vertex   -9.512079e+001 1.470429e+002 6.028068e+001
      vertex   -9.501693e+001 1.531429e+002 6.055450e+001
      vertex   -9.512079e+001 1.531429e+002 6.028068e+001
    endloop
  endfacet
  facet normal -9.350050e-001 0.000000e+000 3.546346e-001
    outer loop
      vertex   -9.512079e+001 1.470429e+002 6.028068e+001
      vertex   -9.501693e+001 1.470429e+002 6.055450e+001
      vertex   -9.501693e+001 1.531429e+002 6.055450e+001
    endloop
  endfacet
  facet normal -3.660615e-002 0.000000e+000 9.993298e-001
    outer loop
      vertex   -9.133135e+001 2.102699e+002 6.300000e+001
      vertex   -9.162400e+001 1.897429e+002 6.298928e+001
      vertex   -9.133135e+001 1.721852e+002 6.300000e+001
    endloop
  endfacet
  facet normal -3.660615e-002 0.000000e+000 9.993298e-001
    outer loop
      vertex   -9.133135e+001 2.102699e+002 6.300000e+001
      vertex   -9.162400e+001 1.958429e+002 6.298928e+001
      vertex   -9.162400e+001 1.897429e+002 6.298928e+001
    endloop
  endfacet
  facet normal -3.660615e-002 0.000000e+000 9.993298e-001
    outer loop
      vertex   -9.133135e+001 2.102699e+002 6.300000e+001
      vertex   -9.162400e+001 2.019429e+002 6.298928e+001
      vertex   -9.162400e+001 1.958429e+002 6.298928e+001
    endloop
  endfacet
  facet normal -3.660615e-002 0.000000e+000 9.993298e-001
    outer loop
      vertex   -9.133135e+001 2.102699e+002 6.300000e+001
      vertex   -9.162400e+001 2.080429e+002 6.298928e+001
      vertex   -9.162400e+001 2.019429e+002 6.298928e+001
    endloop
  endfacet
  facet normal -2.245488e-002 -1.861628e-003 9.997461e-001
    outer loop
      vertex   -9.133135e+001 2.102699e+002 6.300000e+001
      vertex   -9.149607e+001 2.104346e+002 6.299661e+001
      vertex   -9.162400e+001 2.080429e+002 6.298928e+001
    endloop
  endfacet
  facet normal -6.151550e-002 2.327678e-004 9.981061e-001
    outer loop
      vertex   -9.162400e+001 2.080429e+002 6.298928e+001
      vertex   -9.149607e+001 2.104346e+002 6.299661e+001
      vertex   -9.166050e+001 2.105991e+002 6.298643e+001
    endloop
  endfacet
  facet normal -1.031578e-001 -3.657359e-004 9.946649e-001
    outer loop
      vertex   -9.182438e+001 2.107629e+002 6.296950e+001
      vertex   -9.162400e+001 2.080429e+002 6.298928e+001
      vertex   -9.166050e+001 2.105991e+002 6.298643e+001
    endloop
  endfacet
  facet normal -1.096222e-001 -8.469975e-004 9.939730e-001
    outer loop
      vertex   -9.182438e+001 2.107629e+002 6.296950e+001
      vertex   -9.191508e+001 2.080429e+002 6.295718e+001
      vertex   -9.162400e+001 2.080429e+002 6.298928e+001
    endloop
  endfacet
  facet normal -1.433781e-001 2.981004e-004 9.896679e-001
    outer loop
      vertex   -9.182438e+001 2.107629e+002 6.296950e+001
      vertex   -9.198743e+001 2.109260e+002 6.294583e+001
      vertex   -9.191508e+001 2.080429e+002 6.295718e+001
    endloop
  endfacet
  facet normal -1.820507e-001 -6.973866e-004 9.832889e-001
    outer loop
      vertex   -9.191508e+001 2.080429e+002 6.295718e+001
      vertex   -9.198743e+001 2.109260e+002 6.294583e+001
      vertex   -9.220304e+001 2.080429e+002 6.290386e+001
    endloop
  endfacet
  facet normal -2.535035e-001 0.000000e+000 9.673345e-001
    outer loop
      vertex   -9.220304e+001 2.019429e+002 6.290386e+001
      vertex   -9.220304e+001 2.080429e+002 6.290386e+001
      vertex   -9.248632e+001 2.019429e+002 6.282963e+001
    endloop
  endfacet
  facet normal -3.235974e-001 0.000000e+000 9.461949e-001
    outer loop
      vertex   -9.248632e+001 1.958429e+002 6.282963e+001
      vertex   -9.248632e+001 2.019429e+002 6.282963e+001
      vertex   -9.276342e+001 1.958429e+002 6.273486e+001
    endloop
  endfacet
  facet normal -3.919569e-001 0.000000e+000 9.199836e-001
    outer loop
      vertex   -9.276342e+001 1.897429e+002 6.273486e+001
      vertex   -9.276342e+001 1.958429e+002 6.273486e+001
      vertex   -9.303283e+001 1.897429e+002 6.262008e+001
    endloop
  endfacet
  facet normal -4.582154e-001 0.000000e+000 8.888412e-001
    outer loop
      vertex   -9.303283e+001 1.836429e+002 6.262008e+001
      vertex   -9.303283e+001 1.897429e+002 6.262008e+001
      vertex   -9.329313e+001 1.836429e+002 6.248589e+001
    endloop
  endfacet
  facet normal -5.220179e-001 0.000000e+000 8.529346e-001
    outer loop
      vertex   -9.329313e+001 1.775429e+002 6.248589e+001
      vertex   -9.329313e+001 1.836429e+002 6.248589e+001
      vertex   -9.354291e+001 1.775429e+002 6.233302e+001
    endloop
  endfacet
  facet normal -5.830223e-001 0.000000e+000 8.124562e-001
    outer loop
      vertex   -9.354291e+001 1.714429e+002 6.233302e+001
      vertex   -9.354291e+001 1.775429e+002 6.233302e+001
      vertex   -9.378084e+001 1.714429e+002 6.216228e+001
    endloop
  endfacet
  facet normal -6.409017e-001 0.000000e+000 7.676230e-001
    outer loop
      vertex   -9.378084e+001 1.653429e+002 6.216228e+001
      vertex   -9.378084e+001 1.714429e+002 6.216228e+001
      vertex   -9.400564e+001 1.653429e+002 6.197459e+001
    endloop
  endfacet
  facet normal -6.953459e-001 0.000000e+000 7.186753e-001
    outer loop
      vertex   -9.400564e+001 1.592429e+002 6.197459e+001
      vertex   -9.400564e+001 1.653429e+002 6.197459e+001
      vertex   -9.421610e+001 1.592429e+002 6.177096e+001
    endloop
  endfacet
  facet normal -7.460629e-001 0.000000e+000 6.658754e-001
    outer loop
      vertex   -9.421610e+001 1.531429e+002 6.177096e+001
      vertex   -9.421610e+001 1.592429e+002 6.177096e+001
      vertex   -9.441110e+001 1.531429e+002 6.155247e+001
    endloop
  endfacet
  facet normal -6.953459e-001 0.000000e+000 7.186753e-001
    outer loop
      vertex   -9.421610e+001 1.531429e+002 6.177096e+001
      vertex   -9.400564e+001 1.592429e+002 6.197459e+001
      vertex   -9.421610e+001 1.592429e+002 6.177096e+001
    endloop
  endfacet
  facet normal -6.953459e-001 0.000000e+000 7.186753e-001
    outer loop
      vertex   -9.421610e+001 1.531429e+002 6.177096e+001
      vertex   -9.400564e+001 1.531429e+002 6.197459e+001
      vertex   -9.400564e+001 1.592429e+002 6.197459e+001
    endloop
  endfacet
  facet normal -6.409017e-001 0.000000e+000 7.676230e-001
    outer loop
      vertex   -9.400564e+001 1.592429e+002 6.197459e+001
      vertex   -9.400564e+001 1.531429e+002 6.197459e+001
      vertex   -9.378084e+001 1.592429e+002 6.216228e+001
    endloop
  endfacet
  facet normal -5.830223e-001 0.000000e+000 8.124562e-001
    outer loop
      vertex   -9.378084e+001 1.653429e+002 6.216228e+001
      vertex   -9.378084e+001 1.592429e+002 6.216228e+001
      vertex   -9.354291e+001 1.653429e+002 6.233302e+001
    endloop
  endfacet
  facet normal -5.220179e-001 0.000000e+000 8.529346e-001
    outer loop
      vertex   -9.354291e+001 1.714429e+002 6.233302e+001
      vertex   -9.354291e+001 1.653429e+002 6.233302e+001
      vertex   -9.329313e+001 1.714429e+002 6.248589e+001
    endloop
  endfacet
  facet normal -4.582154e-001 0.000000e+000 8.888412e-001
    outer loop
      vertex   -9.329313e+001 1.775429e+002 6.248589e+001
      vertex   -9.329313e+001 1.714429e+002 6.248589e+001
      vertex   -9.303283e+001 1.775429e+002 6.262008e+001
    endloop
  endfacet
  facet normal -3.919569e-001 0.000000e+000 9.199836e-001
    outer loop
      vertex   -9.303283e+001 1.836429e+002 6.262008e+001
      vertex   -9.303283e+001 1.775429e+002 6.262008e+001
      vertex   -9.276342e+001 1.836429e+002 6.273486e+001
    endloop
  endfacet
  facet normal -3.235974e-001 0.000000e+000 9.461949e-001
    outer loop
      vertex   -9.276342e+001 1.897429e+002 6.273486e+001
      vertex   -9.276342e+001 1.836429e+002 6.273486e+001
      vertex   -9.248632e+001 1.897429e+002 6.282963e+001
    endloop
  endfacet
  facet normal -2.535035e-001 0.000000e+000 9.673345e-001
    outer loop
      vertex   -9.248632e+001 1.958429e+002 6.282963e+001
      vertex   -9.248632e+001 1.897429e+002 6.282963e+001
      vertex   -9.220304e+001 1.958429e+002 6.290386e+001
    endloop
  endfacet
  facet normal -1.820508e-001 0.000000e+000 9.832891e-001
    outer loop
      vertex   -9.220304e+001 2.019429e+002 6.290386e+001
      vertex   -9.220304e+001 1.958429e+002 6.290386e+001
      vertex   -9.191508e+001 2.019429e+002 6.295718e+001
    endloop
  endfacet
  facet normal -1.096223e-001 0.000000e+000 9.939733e-001
    outer loop
      vertex   -9.191508e+001 2.080429e+002 6.295718e+001
      vertex   -9.191508e+001 2.019429e+002 6.295718e+001
      vertex   -9.162400e+001 2.080429e+002 6.298928e+001
    endloop
  endfacet
  facet normal -1.820508e-001 0.000000e+000 9.832891e-001
    outer loop
      vertex   -9.191508e+001 2.080429e+002 6.295718e+001
      vertex   -9.220304e+001 2.019429e+002 6.290386e+001
      vertex   -9.191508e+001 2.019429e+002 6.295718e+001
    endloop
  endfacet
  facet normal -1.820508e-001 0.000000e+000 9.832891e-001
    outer loop
      vertex   -9.191508e+001 2.080429e+002 6.295718e+001
      vertex   -9.220304e+001 2.080429e+002 6.290386e+001
      vertex   -9.220304e+001 2.019429e+002 6.290386e+001
    endloop
  endfacet
  facet normal -1.847705e-001 -4.866054e-004 9.827816e-001
    outer loop
      vertex   -9.198743e+001 2.109260e+002 6.294583e+001
      vertex   -9.214936e+001 2.110879e+002 6.291546e+001
      vertex   -9.220304e+001 2.080429e+002 6.290386e+001
    endloop
  endfacet
  facet normal -2.243871e-001 2.433608e-004 9.745001e-001
    outer loop
      vertex   -9.220304e+001 2.080429e+002 6.290386e+001
      vertex   -9.214936e+001 2.110879e+002 6.291546e+001
      vertex   -9.230990e+001 2.112485e+002 6.287846e+001
    endloop
  endfacet
  facet normal -2.646701e-001 -1.238589e-004 9.643390e-001
    outer loop
      vertex   -9.248632e+001 2.080429e+002 6.282963e+001
      vertex   -9.230990e+001 2.112485e+002 6.287846e+001
      vertex   -9.246878e+001 2.114073e+002 6.283487e+001
    endloop
  endfacet
  facet normal -3.039528e-001 9.909645e-005 9.526871e-001
    outer loop
      vertex   -9.262574e+001 2.115643e+002 6.278478e+001
      vertex   -9.248632e+001 2.080429e+002 6.282963e+001
      vertex   -9.246878e+001 2.114073e+002 6.283487e+001
    endloop
  endfacet
  facet normal -3.235973e-001 -7.613205e-004 9.461946e-001
    outer loop
      vertex   -9.262574e+001 2.115643e+002 6.278478e+001
      vertex   -9.276342e+001 2.080429e+002 6.273486e+001
      vertex   -9.248632e+001 2.080429e+002 6.282963e+001
    endloop
  endfacet
  facet normal -3.429340e-001 9.159227e-005 9.393595e-001
    outer loop
      vertex   -9.262574e+001 2.115643e+002 6.278478e+001
      vertex   -9.278049e+001 2.117191e+002 6.272827e+001
      vertex   -9.276342e+001 2.080429e+002 6.273486e+001
    endloop
  endfacet
  facet normal -3.815028e-001 -1.144781e-004 9.243677e-001
    outer loop
      vertex   -9.276342e+001 2.080429e+002 6.273486e+001
      vertex   -9.278049e+001 2.117191e+002 6.272827e+001
      vertex   -9.293279e+001 2.118714e+002 6.266543e+001
    endloop
  endfacet
  facet normal -4.189899e-001 1.919622e-004 9.079909e-001
    outer loop
      vertex   -9.303283e+001 2.080429e+002 6.262008e+001
      vertex   -9.293279e+001 2.118714e+002 6.266543e+001
      vertex   -9.308238e+001 2.120209e+002 6.259637e+001
    endloop
  endfacet
  facet normal -4.564840e-001 -3.837901e-004 8.897315e-001
    outer loop
      vertex   -9.322899e+001 2.121676e+002 6.252122e+001
      vertex   -9.303283e+001 2.080429e+002 6.262008e+001
      vertex   -9.308238e+001 2.120209e+002 6.259637e+001
    endloop
  endfacet
  facet normal -4.582153e-001 -4.874669e-004 8.888411e-001
    outer loop
      vertex   -9.322899e+001 2.121676e+002 6.252122e+001
      vertex   -9.329313e+001 2.080429e+002 6.248589e+001
      vertex   -9.303283e+001 2.080429e+002 6.262008e+001
    endloop
  endfacet
  facet normal -4.922868e-001 2.000415e-004 8.704330e-001
    outer loop
      vertex   -9.322899e+001 2.121676e+002 6.252122e+001
      vertex   -9.337238e+001 2.123109e+002 6.244009e+001
      vertex   -9.329313e+001 2.080429e+002 6.248589e+001
    endloop
  endfacet
  facet normal -5.220178e-001 -5.397968e-004 8.529344e-001
    outer loop
      vertex   -9.329313e+001 2.080429e+002 6.248589e+001
      vertex   -9.337238e+001 2.123109e+002 6.244009e+001
      vertex   -9.354291e+001 2.080429e+002 6.233302e+001
    endloop
  endfacet
  facet normal -5.830223e-001 0.000000e+000 8.124562e-001
    outer loop
      vertex   -9.354291e+001 2.019429e+002 6.233302e+001
      vertex   -9.354291e+001 2.080429e+002 6.233302e+001
      vertex   -9.378084e+001 2.019429e+002 6.216228e+001
    endloop
  endfacet
  facet normal -6.409017e-001 0.000000e+000 7.676230e-001
    outer loop
      vertex   -9.378084e+001 1.958429e+002 6.216228e+001
      vertex   -9.378084e+001 2.019429e+002 6.216228e+001
      vertex   -9.400564e+001 1.958429e+002 6.197459e+001
    endloop
  endfacet
  facet normal -6.953459e-001 0.000000e+000 7.186753e-001
    outer loop
      vertex   -9.400564e+001 1.897429e+002 6.197459e+001
      vertex   -9.400564e+001 1.958429e+002 6.197459e+001
      vertex   -9.421610e+001 1.897429e+002 6.177096e+001
    endloop
  endfacet
  facet normal -7.460629e-001 0.000000e+000 6.658754e-001
    outer loop
      vertex   -9.421610e+001 1.836429e+002 6.177096e+001
      vertex   -9.421610e+001 1.897429e+002 6.177096e+001
      vertex   -9.441110e+001 1.836429e+002 6.155247e+001
    endloop
  endfacet
  facet normal -7.927811e-001 0.000000e+000 6.095065e-001
    outer loop
      vertex   -9.441110e+001 1.775429e+002 6.155247e+001
      vertex   -9.441110e+001 1.836429e+002 6.155247e+001
      vertex   -9.458959e+001 1.775429e+002 6.132031e+001
    endloop
  endfacet
  facet normal -8.352499e-001 0.000000e+000 5.498706e-001
    outer loop
      vertex   -9.458959e+001 1.714429e+002 6.132031e+001
      vertex   -9.458959e+001 1.775429e+002 6.132031e+001
      vertex   -9.475062e+001 1.714429e+002 6.107571e+001
    endloop
  endfacet
  facet normal -8.732417e-001 0.000000e+000 4.872873e-001
    outer loop
      vertex   -9.475062e+001 1.653429e+002 6.107571e+001
      vertex   -9.475062e+001 1.714429e+002 6.107571e+001
      vertex   -9.489332e+001 1.653429e+002 6.081998e+001
    endloop
  endfacet
  facet normal -9.065529e-001 0.000000e+000 4.220922e-001
    outer loop
      vertex   -9.489332e+001 1.592429e+002 6.081998e+001
      vertex   -9.489332e+001 1.653429e+002 6.081998e+001
      vertex   -9.501693e+001 1.592429e+002 6.055450e+001
    endloop
  endfacet
  facet normal -9.350050e-001 0.000000e+000 3.546346e-001
    outer loop
      vertex   -9.501693e+001 1.531429e+002 6.055450e+001
      vertex   -9.501693e+001 1.592429e+002 6.055450e+001
      vertex   -9.512079e+001 1.531429e+002 6.028068e+001
    endloop
  endfacet
  facet normal -9.065529e-001 0.000000e+000 4.220922e-001
    outer loop
      vertex   -9.501693e+001 1.531429e+002 6.055450e+001
      vertex   -9.489332e+001 1.592429e+002 6.081998e+001
      vertex   -9.501693e+001 1.592429e+002 6.055450e+001
    endloop
  endfacet
  facet normal -9.065529e-001 0.000000e+000 4.220922e-001
    outer loop
      vertex   -9.501693e+001 1.531429e+002 6.055450e+001
      vertex   -9.489332e+001 1.531429e+002 6.081998e+001
      vertex   -9.489332e+001 1.592429e+002 6.081998e+001
    endloop
  endfacet
  facet normal -8.732417e-001 0.000000e+000 4.872873e-001
    outer loop
      vertex   -9.489332e+001 1.592429e+002 6.081998e+001
      vertex   -9.489332e+001 1.531429e+002 6.081998e+001
      vertex   -9.475062e+001 1.592429e+002 6.107571e+001
    endloop
  endfacet
  facet normal -8.352499e-001 0.000000e+000 5.498706e-001
    outer loop
      vertex   -9.475062e+001 1.653429e+002 6.107571e+001
      vertex   -9.475062e+001 1.592429e+002 6.107571e+001
      vertex   -9.458959e+001 1.653429e+002 6.132031e+001
    endloop
  endfacet
  facet normal -7.927811e-001 0.000000e+000 6.095065e-001
    outer loop
      vertex   -9.458959e+001 1.714429e+002 6.132031e+001
      vertex   -9.458959e+001 1.653429e+002 6.132031e+001
      vertex   -9.441110e+001 1.714429e+002 6.155247e+001
    endloop
  endfacet
  facet normal -7.460629e-001 0.000000e+000 6.658754e-001
    outer loop
      vertex   -9.441110e+001 1.775429e+002 6.155247e+001
      vertex   -9.441110e+001 1.714429e+002 6.155247e+001
      vertex   -9.421610e+001 1.775429e+002 6.177096e+001
    endloop
  endfacet
  facet normal -6.953459e-001 0.000000e+000 7.186753e-001
    outer loop
      vertex   -9.421610e+001 1.836429e+002 6.177096e+001
      vertex   -9.421610e+001 1.775429e+002 6.177096e+001
      vertex   -9.400564e+001 1.836429e+002 6.197459e+001
    endloop
  endfacet
  facet normal -6.409017e-001 0.000000e+000 7.676230e-001
    outer loop
      vertex   -9.400564e+001 1.897429e+002 6.197459e+001
      vertex   -9.400564e+001 1.836429e+002 6.197459e+001
      vertex   -9.378084e+001 1.897429e+002 6.216228e+001
    endloop
  endfacet
  facet normal -5.830223e-001 0.000000e+000 8.124562e-001
    outer loop
      vertex   -9.378084e+001 1.958429e+002 6.216228e+001
      vertex   -9.378084e+001 1.897429e+002 6.216228e+001
      vertex   -9.354291e+001 1.958429e+002 6.233302e+001
    endloop
  endfacet
  facet normal -5.220179e-001 0.000000e+000 8.529346e-001
    outer loop
      vertex   -9.354291e+001 2.019429e+002 6.233302e+001
      vertex   -9.354291e+001 1.958429e+002 6.233302e+001
      vertex   -9.329313e+001 2.019429e+002 6.248589e+001
    endloop
  endfacet
  facet normal -4.582154e-001 0.000000e+000 8.888412e-001
    outer loop
      vertex   -9.329313e+001 2.080429e+002 6.248589e+001
      vertex   -9.329313e+001 2.019429e+002 6.248589e+001
      vertex   -9.303283e+001 2.080429e+002 6.262008e+001
    endloop
  endfacet
  facet normal -5.220179e-001 0.000000e+000 8.529346e-001
    outer loop
      vertex   -9.329313e+001 2.080429e+002 6.248589e+001
      vertex   -9.354291e+001 2.019429e+002 6.233302e+001
      vertex   -9.329313e+001 2.019429e+002 6.248589e+001
    endloop
  endfacet
  facet normal -5.220179e-001 0.000000e+000 8.529346e-001
    outer loop
      vertex   -9.329313e+001 2.080429e+002 6.248589e+001
      vertex   -9.354291e+001 2.080429e+002 6.233302e+001
      vertex   -9.354291e+001 2.019429e+002 6.233302e+001
    endloop
  endfacet
  facet normal -2.535034e-001 -7.840551e-004 9.673342e-001
    outer loop
      vertex   -9.220304e+001 2.080429e+002 6.290386e+001
      vertex   -9.230990e+001 2.112485e+002 6.287846e+001
      vertex   -9.248632e+001 2.080429e+002 6.282963e+001
    endloop
  endfacet
  facet normal -3.235974e-001 0.000000e+000 9.461949e-001
    outer loop
      vertex   -9.248632e+001 2.019429e+002 6.282963e+001
      vertex   -9.248632e+001 2.080429e+002 6.282963e+001
      vertex   -9.276342e+001 2.019429e+002 6.273486e+001
    endloop
  endfacet
  facet normal -3.919569e-001 0.000000e+000 9.199836e-001
    outer loop
      vertex   -9.276342e+001 1.958429e+002 6.273486e+001
      vertex   -9.276342e+001 2.019429e+002 6.273486e+001
      vertex   -9.303283e+001 1.958429e+002 6.262008e+001
    endloop
  endfacet
  facet normal -4.582154e-001 0.000000e+000 8.888412e-001
    outer loop
      vertex   -9.303283e+001 1.897429e+002 6.262008e+001
      vertex   -9.303283e+001 1.958429e+002 6.262008e+001
      vertex   -9.329313e+001 1.897429e+002 6.248589e+001
    endloop
  endfacet
  facet normal -5.220179e-001 0.000000e+000 8.529346e-001
    outer loop
      vertex   -9.329313e+001 1.836429e+002 6.248589e+001
      vertex   -9.329313e+001 1.897429e+002 6.248589e+001
      vertex   -9.354291e+001 1.836429e+002 6.233302e+001
    endloop
  endfacet
  facet normal -5.830223e-001 0.000000e+000 8.124562e-001
    outer loop
      vertex   -9.354291e+001 1.775429e+002 6.233302e+001
      vertex   -9.354291e+001 1.836429e+002 6.233302e+001
      vertex   -9.378084e+001 1.775429e+002 6.216228e+001
    endloop
  endfacet
  facet normal -6.409017e-001 0.000000e+000 7.676230e-001
    outer loop
      vertex   -9.378084e+001 1.714429e+002 6.216228e+001
      vertex   -9.378084e+001 1.775429e+002 6.216228e+001
      vertex   -9.400564e+001 1.714429e+002 6.197459e+001
    endloop
  endfacet
  facet normal -6.953459e-001 0.000000e+000 7.186753e-001
    outer loop
      vertex   -9.400564e+001 1.653429e+002 6.197459e+001
      vertex   -9.400564e+001 1.714429e+002 6.197459e+001
      vertex   -9.421610e+001 1.653429e+002 6.177096e+001
    endloop
  endfacet
  facet normal -7.460629e-001 0.000000e+000 6.658754e-001
    outer loop
      vertex   -9.421610e+001 1.592429e+002 6.177096e+001
      vertex   -9.421610e+001 1.653429e+002 6.177096e+001
      vertex   -9.441110e+001 1.592429e+002 6.155247e+001
    endloop
  endfacet
  facet normal -7.927811e-001 0.000000e+000 6.095065e-001
    outer loop
      vertex   -9.441110e+001 1.531429e+002 6.155247e+001
      vertex   -9.441110e+001 1.592429e+002 6.155247e+001
      vertex   -9.458959e+001 1.531429e+002 6.132031e+001
    endloop
  endfacet
  facet normal -7.460629e-001 0.000000e+000 6.658754e-001
    outer loop
      vertex   -9.441110e+001 1.531429e+002 6.155247e+001
      vertex   -9.421610e+001 1.592429e+002 6.177096e+001
      vertex   -9.441110e+001 1.592429e+002 6.155247e+001
    endloop
  endfacet
  facet normal -3.919568e-001 -6.564891e-004 9.199834e-001
    outer loop
      vertex   -9.276342e+001 2.080429e+002 6.273486e+001
      vertex   -9.293279e+001 2.118714e+002 6.266543e+001
      vertex   -9.303283e+001 2.080429e+002 6.262008e+001
    endloop
  endfacet
  facet normal -4.582154e-001 0.000000e+000 8.888412e-001
    outer loop
      vertex   -9.303283e+001 2.019429e+002 6.262008e+001
      vertex   -9.303283e+001 2.080429e+002 6.262008e+001
      vertex   -9.329313e+001 2.019429e+002 6.248589e+001
    endloop
  endfacet
  facet normal -5.220179e-001 0.000000e+000 8.529346e-001
    outer loop
      vertex   -9.329313e+001 1.958429e+002 6.248589e+001
      vertex   -9.329313e+001 2.019429e+002 6.248589e+001
      vertex   -9.354291e+001 1.958429e+002 6.233302e+001
    endloop
  endfacet
  facet normal -5.830223e-001 0.000000e+000 8.124562e-001
    outer loop
      vertex   -9.354291e+001 1.897429e+002 6.233302e+001
      vertex   -9.354291e+001 1.958429e+002 6.233302e+001
      vertex   -9.378084e+001 1.897429e+002 6.216228e+001
    endloop
  endfacet
  facet normal -6.409017e-001 0.000000e+000 7.676230e-001
    outer loop
      vertex   -9.378084e+001 1.836429e+002 6.216228e+001
      vertex   -9.378084e+001 1.897429e+002 6.216228e+001
      vertex   -9.400564e+001 1.836429e+002 6.197459e+001
    endloop
  endfacet
  facet normal -6.953459e-001 0.000000e+000 7.186753e-001
    outer loop
      vertex   -9.400564e+001 1.775429e+002 6.197459e+001
      vertex   -9.400564e+001 1.836429e+002 6.197459e+001
      vertex   -9.421610e+001 1.775429e+002 6.177096e+001
    endloop
  endfacet
  facet normal -7.460629e-001 0.000000e+000 6.658754e-001
    outer loop
      vertex   -9.421610e+001 1.714429e+002 6.177096e+001
      vertex   -9.421610e+001 1.775429e+002 6.177096e+001
      vertex   -9.441110e+001 1.714429e+002 6.155247e+001
    endloop
  endfacet
  facet normal -7.927811e-001 0.000000e+000 6.095065e-001
    outer loop
      vertex   -9.441110e+001 1.653429e+002 6.155247e+001
      vertex   -9.441110e+001 1.714429e+002 6.155247e+001
      vertex   -9.458959e+001 1.653429e+002 6.132031e+001
    endloop
  endfacet
  facet normal -8.352499e-001 0.000000e+000 5.498706e-001
    outer loop
      vertex   -9.458959e+001 1.592429e+002 6.132031e+001
      vertex   -9.458959e+001 1.653429e+002 6.132031e+001
      vertex   -9.475062e+001 1.592429e+002 6.107571e+001
    endloop
  endfacet
  facet normal -8.732417e-001 0.000000e+000 4.872873e-001
    outer loop
      vertex   -9.475062e+001 1.531429e+002 6.107571e+001
      vertex   -9.475062e+001 1.592429e+002 6.107571e+001
      vertex   -9.489332e+001 1.531429e+002 6.081998e+001
    endloop
  endfacet
  facet normal -8.352499e-001 0.000000e+000 5.498706e-001
    outer loop
      vertex   -9.475062e+001 1.531429e+002 6.107571e+001
      vertex   -9.458959e+001 1.592429e+002 6.132031e+001
      vertex   -9.475062e+001 1.592429e+002 6.107571e+001
    endloop
  endfacet
  facet normal -8.352499e-001 0.000000e+000 5.498706e-001
    outer loop
      vertex   -9.475062e+001 1.531429e+002 6.107571e+001
      vertex   -9.458959e+001 1.531429e+002 6.132031e+001
      vertex   -9.458959e+001 1.592429e+002 6.132031e+001
    endloop
  endfacet
  facet normal -7.927811e-001 0.000000e+000 6.095065e-001
    outer loop
      vertex   -9.458959e+001 1.592429e+002 6.132031e+001
      vertex   -9.458959e+001 1.531429e+002 6.132031e+001
      vertex   -9.441110e+001 1.592429e+002 6.155247e+001
    endloop
  endfacet
  facet normal -7.460629e-001 0.000000e+000 6.658754e-001
    outer loop
      vertex   -9.441110e+001 1.653429e+002 6.155247e+001
      vertex   -9.441110e+001 1.592429e+002 6.155247e+001
      vertex   -9.421610e+001 1.653429e+002 6.177096e+001
    endloop
  endfacet
  facet normal -6.953459e-001 0.000000e+000 7.186753e-001
    outer loop
      vertex   -9.421610e+001 1.714429e+002 6.177096e+001
      vertex   -9.421610e+001 1.653429e+002 6.177096e+001
      vertex   -9.400564e+001 1.714429e+002 6.197459e+001
    endloop
  endfacet
  facet normal -6.409017e-001 0.000000e+000 7.676230e-001
    outer loop
      vertex   -9.400564e+001 1.775429e+002 6.197459e+001
      vertex   -9.400564e+001 1.714429e+002 6.197459e+001
      vertex   -9.378084e+001 1.775429e+002 6.216228e+001
    endloop
  endfacet
  facet normal -5.830223e-001 0.000000e+000 8.124562e-001
    outer loop
      vertex   -9.378084e+001 1.836429e+002 6.216228e+001
      vertex   -9.378084e+001 1.775429e+002 6.216228e+001
      vertex   -9.354291e+001 1.836429e+002 6.233302e+001
    endloop
  endfacet
  facet normal -5.220179e-001 0.000000e+000 8.529346e-001
    outer loop
      vertex   -9.354291e+001 1.897429e+002 6.233302e+001
      vertex   -9.354291e+001 1.836429e+002 6.233302e+001
      vertex   -9.329313e+001 1.897429e+002 6.248589e+001
    endloop
  endfacet
  facet normal -4.582154e-001 0.000000e+000 8.888412e-001
    outer loop
      vertex   -9.329313e+001 1.958429e+002 6.248589e+001
      vertex   -9.329313e+001 1.897429e+002 6.248589e+001
      vertex   -9.303283e+001 1.958429e+002 6.262008e+001
    endloop
  endfacet
  facet normal -3.919569e-001 0.000000e+000 9.199836e-001
    outer loop
      vertex   -9.303283e+001 2.019429e+002 6.262008e+001
      vertex   -9.303283e+001 1.958429e+002 6.262008e+001
      vertex   -9.276342e+001 2.019429e+002 6.273486e+001
    endloop
  endfacet
  facet normal -3.235974e-001 0.000000e+000 9.461949e-001
    outer loop
      vertex   -9.276342e+001 2.080429e+002 6.273486e+001
      vertex   -9.276342e+001 2.019429e+002 6.273486e+001
      vertex   -9.248632e+001 2.080429e+002 6.282963e+001
    endloop
  endfacet
  facet normal -3.919569e-001 0.000000e+000 9.199836e-001
    outer loop
      vertex   -9.276342e+001 2.080429e+002 6.273486e+001
      vertex   -9.303283e+001 2.019429e+002 6.262008e+001
      vertex   -9.276342e+001 2.019429e+002 6.273486e+001
    endloop
  endfacet
  facet normal -3.919569e-001 0.000000e+000 9.199836e-001
    outer loop
      vertex   -9.276342e+001 2.080429e+002 6.273486e+001
      vertex   -9.303283e+001 2.080429e+002 6.262008e+001
      vertex   -9.303283e+001 2.019429e+002 6.262008e+001
    endloop
  endfacet
  facet normal -5.280108e-001 -2.076042e-004 8.492376e-001
    outer loop
      vertex   -9.337238e+001 2.123109e+002 6.244009e+001
      vertex   -9.351231e+001 2.124509e+002 6.235312e+001
      vertex   -9.354291e+001 2.080429e+002 6.233302e+001
    endloop
  endfacet
  facet normal -5.622980e-001 1.321443e-004 8.269347e-001
    outer loop
      vertex   -9.354291e+001 2.080429e+002 6.233302e+001
      vertex   -9.351231e+001 2.124509e+002 6.235312e+001
      vertex   -9.364854e+001 2.125871e+002 6.226046e+001
    endloop
  endfacet
  facet normal -5.959615e-001 0.000000e+000 8.030130e-001
    outer loop
      vertex   -9.378084e+001 2.080429e+002 6.216228e+001
      vertex   -9.364854e+001 2.125871e+002 6.226046e+001
      vertex   -9.378084e+001 2.127194e+002 6.216228e+001
    endloop
  endfacet
  facet normal -5.830222e-001 -5.807448e-004 8.124560e-001
    outer loop
      vertex   -9.378084e+001 2.080429e+002 6.216228e+001
      vertex   -9.354291e+001 2.080429e+002 6.233302e+001
      vertex   -9.364854e+001 2.125871e+002 6.226046e+001
    endloop
  endfacet
  facet normal -5.830223e-001 0.000000e+000 8.124562e-001
    outer loop
      vertex   -9.378084e+001 2.080429e+002 6.216228e+001
      vertex   -9.378084e+001 2.019429e+002 6.216228e+001
      vertex   -9.354291e+001 2.080429e+002 6.233302e+001
    endloop
  endfacet
  facet normal -6.409017e-001 0.000000e+000 7.676230e-001
    outer loop
      vertex   -9.378084e+001 2.080429e+002 6.216228e+001
      vertex   -9.400564e+001 2.019429e+002 6.197459e+001
      vertex   -9.378084e+001 2.019429e+002 6.216228e+001
    endloop
  endfacet
  facet normal -6.409017e-001 0.000000e+000 7.676230e-001
    outer loop
      vertex   -9.378084e+001 2.019429e+002 6.216228e+001
      vertex   -9.400564e+001 2.019429e+002 6.197459e+001
      vertex   -9.400564e+001 1.958429e+002 6.197459e+001
    endloop
  endfacet
  facet normal -6.953459e-001 0.000000e+000 7.186753e-001
    outer loop
      vertex   -9.400564e+001 1.958429e+002 6.197459e+001
      vertex   -9.400564e+001 2.019429e+002 6.197459e+001
      vertex   -9.421610e+001 1.958429e+002 6.177096e+001
    endloop
  endfacet
  facet normal -7.460629e-001 0.000000e+000 6.658754e-001
    outer loop
      vertex   -9.421610e+001 1.897429e+002 6.177096e+001
      vertex   -9.421610e+001 1.958429e+002 6.177096e+001
      vertex   -9.441110e+001 1.897429e+002 6.155247e+001
    endloop
  endfacet
  facet normal -7.927811e-001 0.000000e+000 6.095065e-001
    outer loop
      vertex   -9.441110e+001 1.836429e+002 6.155247e+001
      vertex   -9.441110e+001 1.897429e+002 6.155247e+001
      vertex   -9.458959e+001 1.836429e+002 6.132031e+001
    endloop
  endfacet
  facet normal -8.352499e-001 0.000000e+000 5.498706e-001
    outer loop
      vertex   -9.458959e+001 1.775429e+002 6.132031e+001
      vertex   -9.458959e+001 1.836429e+002 6.132031e+001
      vertex   -9.475062e+001 1.775429e+002 6.107571e+001
    endloop
  endfacet
  facet normal -8.732417e-001 0.000000e+000 4.872873e-001
    outer loop
      vertex   -9.475062e+001 1.714429e+002 6.107571e+001
      vertex   -9.475062e+001 1.775429e+002 6.107571e+001
      vertex   -9.489332e+001 1.714429e+002 6.081998e+001
    endloop
  endfacet
  facet normal -9.065529e-001 0.000000e+000 4.220922e-001
    outer loop
      vertex   -9.489332e+001 1.653429e+002 6.081998e+001
      vertex   -9.489332e+001 1.714429e+002 6.081998e+001
      vertex   -9.501693e+001 1.653429e+002 6.055450e+001
    endloop
  endfacet
  facet normal -9.350050e-001 0.000000e+000 3.546346e-001
    outer loop
      vertex   -9.501693e+001 1.592429e+002 6.055450e+001
      vertex   -9.501693e+001 1.653429e+002 6.055450e+001
      vertex   -9.512079e+001 1.592429e+002 6.028068e+001
    endloop
  endfacet
  facet normal -9.350050e-001 0.000000e+000 3.546346e-001
    outer loop
      vertex   -9.512079e+001 1.531429e+002 6.028068e+001
      vertex   -9.501693e+001 1.592429e+002 6.055450e+001
      vertex   -9.512079e+001 1.592429e+002 6.028068e+001
    endloop
  endfacet
  facet normal -6.953458e-001 -4.564299e-004 7.186752e-001
    outer loop
      vertex   -9.400564e+001 2.080429e+002 6.197459e+001
      vertex   -9.415194e+001 2.130905e+002 6.183624e+001
      vertex   -9.421610e+001 2.080429e+002 6.177096e+001
    endloop
  endfacet
  facet normal -7.460629e-001 0.000000e+000 6.658754e-001
    outer loop
      vertex   -9.421610e+001 2.019429e+002 6.177096e+001
      vertex   -9.421610e+001 2.080429e+002 6.177096e+001
      vertex   -9.441110e+001 2.019429e+002 6.155247e+001
    endloop
  endfacet
  facet normal -7.927811e-001 0.000000e+000 6.095065e-001
    outer loop
      vertex   -9.441110e+001 1.958429e+002 6.155247e+001
      vertex   -9.441110e+001 2.019429e+002 6.155247e+001
      vertex   -9.458959e+001 1.958429e+002 6.132031e+001
    endloop
  endfacet
  facet normal -8.352499e-001 0.000000e+000 5.498706e-001
    outer loop
      vertex   -9.458959e+001 1.897429e+002 6.132031e+001
      vertex   -9.458959e+001 1.958429e+002 6.132031e+001
      vertex   -9.475062e+001 1.897429e+002 6.107571e+001
    endloop
  endfacet
  facet normal -8.732417e-001 0.000000e+000 4.872873e-001
    outer loop
      vertex   -9.475062e+001 1.836429e+002 6.107571e+001
      vertex   -9.475062e+001 1.897429e+002 6.107571e+001
      vertex   -9.489332e+001 1.836429e+002 6.081998e+001
    endloop
  endfacet
  facet normal -9.065529e-001 0.000000e+000 4.220922e-001
    outer loop
      vertex   -9.489332e+001 1.775429e+002 6.081998e+001
      vertex   -9.489332e+001 1.836429e+002 6.081998e+001
      vertex   -9.501693e+001 1.775429e+002 6.055450e+001
    endloop
  endfacet
  facet normal -9.350050e-001 0.000000e+000 3.546346e-001
    outer loop
      vertex   -9.501693e+001 1.714429e+002 6.055450e+001
      vertex   -9.501693e+001 1.775429e+002 6.055450e+001
      vertex   -9.512079e+001 1.714429e+002 6.028068e+001
    endloop
  endfacet
  facet normal -9.584454e-001 0.000000e+000 2.852762e-001
    outer loop
      vertex   -9.512079e+001 1.653429e+002 6.028068e+001
      vertex   -9.512079e+001 1.714429e+002 6.028068e+001
      vertex   -9.520433e+001 1.734762e+002 6.000000e+001
    endloop
  endfacet
  facet normal -9.584454e-001 0.000000e+000 2.852762e-001
    outer loop
      vertex   -9.512079e+001 1.592429e+002 6.028068e+001
      vertex   -9.512079e+001 1.653429e+002 6.028068e+001
      vertex   -9.520433e+001 1.734762e+002 6.000000e+001
    endloop
  endfacet
  facet normal -7.460629e-001 -3.895059e-004 6.658754e-001
    outer loop
      vertex   -9.421610e+001 2.080429e+002 6.177096e+001
      vertex   -9.426634e+001 2.132049e+002 6.171769e+001
      vertex   -9.441110e+001 2.080429e+002 6.155247e+001
    endloop
  endfacet
  facet normal -7.927811e-001 0.000000e+000 6.095065e-001
    outer loop
      vertex   -9.441110e+001 2.019429e+002 6.155247e+001
      vertex   -9.441110e+001 2.080429e+002 6.155247e+001
      vertex   -9.458959e+001 2.019429e+002 6.132031e+001
    endloop
  endfacet
  facet normal -8.352499e-001 0.000000e+000 5.498706e-001
    outer loop
      vertex   -9.458959e+001 1.958429e+002 6.132031e+001
      vertex   -9.458959e+001 2.019429e+002 6.132031e+001
      vertex   -9.475062e+001 1.958429e+002 6.107571e+001
    endloop
  endfacet
  facet normal -8.732417e-001 0.000000e+000 4.872873e-001
    outer loop
      vertex   -9.475062e+001 1.897429e+002 6.107571e+001
      vertex   -9.475062e+001 1.958429e+002 6.107571e+001
      vertex   -9.489332e+001 1.897429e+002 6.081998e+001
    endloop
  endfacet
  facet normal -9.065529e-001 0.000000e+000 4.220922e-001
    outer loop
      vertex   -9.489332e+001 1.836429e+002 6.081998e+001
      vertex   -9.489332e+001 1.897429e+002 6.081998e+001
      vertex   -9.501693e+001 1.836429e+002 6.055450e+001
    endloop
  endfacet
  facet normal -9.350050e-001 0.000000e+000 3.546346e-001
    outer loop
      vertex   -9.501693e+001 1.775429e+002 6.055450e+001
      vertex   -9.501693e+001 1.836429e+002 6.055450e+001
      vertex   -9.512079e+001 1.775429e+002 6.028068e+001
    endloop
  endfacet
  facet normal -9.584454e-001 0.000000e+000 2.852762e-001
    outer loop
      vertex   -9.512079e+001 1.714429e+002 6.028068e+001
      vertex   -9.512079e+001 1.775429e+002 6.028068e+001
      vertex   -9.520433e+001 1.734762e+002 6.000000e+001
    endloop
  endfacet
  facet normal -9.350050e-001 0.000000e+000 3.546346e-001
    outer loop
      vertex   -9.512079e+001 1.714429e+002 6.028068e+001
      vertex   -9.501693e+001 1.775429e+002 6.055450e+001
      vertex   -9.512079e+001 1.775429e+002 6.028068e+001
    endloop
  endfacet
  facet normal -8.352498e-001 -4.814855e-004 5.498705e-001
    outer loop
      vertex   -9.458959e+001 2.080429e+002 6.132031e+001
      vertex   -9.467235e+001 2.136109e+002 6.119948e+001
      vertex   -9.475062e+001 2.080429e+002 6.107571e+001
    endloop
  endfacet
  facet normal -8.732417e-001 0.000000e+000 4.872873e-001
    outer loop
      vertex   -9.475062e+001 2.019429e+002 6.107571e+001
      vertex   -9.475062e+001 2.080429e+002 6.107571e+001
      vertex   -9.489332e+001 2.019429e+002 6.081998e+001
    endloop
  endfacet
  facet normal -9.065529e-001 0.000000e+000 4.220922e-001
    outer loop
      vertex   -9.489332e+001 1.958429e+002 6.081998e+001
      vertex   -9.489332e+001 2.019429e+002 6.081998e+001
      vertex   -9.501693e+001 1.958429e+002 6.055450e+001
    endloop
  endfacet
  facet normal -9.350050e-001 0.000000e+000 3.546346e-001
    outer loop
      vertex   -9.501693e+001 1.897429e+002 6.055450e+001
      vertex   -9.501693e+001 1.958429e+002 6.055450e+001
      vertex   -9.512079e+001 1.897429e+002 6.028068e+001
    endloop
  endfacet
  facet normal -9.584454e-001 0.000000e+000 2.852762e-001
    outer loop
      vertex   -9.512079e+001 1.836429e+002 6.028068e+001
      vertex   -9.512079e+001 1.897429e+002 6.028068e+001
      vertex   -9.520433e+001 1.734762e+002 6.000000e+001
    endloop
  endfacet
  facet normal -9.584454e-001 0.000000e+000 2.852762e-001
    outer loop
      vertex   -9.512079e+001 1.775429e+002 6.028068e+001
      vertex   -9.512079e+001 1.836429e+002 6.028068e+001
      vertex   -9.520433e+001 1.734762e+002 6.000000e+001
    endloop
  endfacet
  facet normal -9.350050e-001 0.000000e+000 3.546346e-001
    outer loop
      vertex   -9.512079e+001 1.775429e+002 6.028068e+001
      vertex   -9.501693e+001 1.836429e+002 6.055450e+001
      vertex   -9.512079e+001 1.836429e+002 6.028068e+001
    endloop
  endfacet
  facet normal -9.350050e-001 0.000000e+000 3.546346e-001
    outer loop
      vertex   -9.512079e+001 1.836429e+002 6.028068e+001
      vertex   -9.501693e+001 1.836429e+002 6.055450e+001
      vertex   -9.501693e+001 1.897429e+002 6.055450e+001
    endloop
  endfacet
  facet normal -9.350050e-001 0.000000e+000 3.546346e-001
    outer loop
      vertex   -9.512079e+001 1.897429e+002 6.028068e+001
      vertex   -9.512079e+001 1.836429e+002 6.028068e+001
      vertex   -9.501693e+001 1.897429e+002 6.055450e+001
    endloop
  endfacet
  facet normal -9.065529e-001 -3.417394e-004 4.220922e-001
    outer loop
      vertex   -9.489332e+001 2.080429e+002 6.081998e+001
      vertex   -9.498786e+001 2.139264e+002 6.062170e+001
      vertex   -9.501693e+001 2.080429e+002 6.055450e+001
    endloop
  endfacet
  facet normal -9.350050e-001 0.000000e+000 3.546346e-001
    outer loop
      vertex   -9.501693e+001 2.019429e+002 6.055450e+001
      vertex   -9.501693e+001 2.080429e+002 6.055450e+001
      vertex   -9.512079e+001 2.019429e+002 6.028068e+001
    endloop
  endfacet
  facet normal -9.350050e-001 0.000000e+000 3.546346e-001
    outer loop
      vertex   -9.512079e+001 1.958429e+002 6.028068e+001
      vertex   -9.501693e+001 2.019429e+002 6.055450e+001
      vertex   -9.512079e+001 2.019429e+002 6.028068e+001
    endloop
  endfacet
  facet normal -9.350050e-001 0.000000e+000 3.546346e-001
    outer loop
      vertex   -9.512079e+001 1.958429e+002 6.028068e+001
      vertex   -9.501693e+001 1.958429e+002 6.055450e+001
      vertex   -9.501693e+001 2.019429e+002 6.055450e+001
    endloop
  endfacet
  facet normal -9.350050e-001 0.000000e+000 3.546346e-001
    outer loop
      vertex   -9.512079e+001 1.958429e+002 6.028068e+001
      vertex   -9.512079e+001 1.897429e+002 6.028068e+001
      vertex   -9.501693e+001 1.958429e+002 6.055450e+001
    endloop
  endfacet
  facet normal -9.584454e-001 0.000000e+000 2.852762e-001
    outer loop
      vertex   -9.512079e+001 1.958429e+002 6.028068e+001
      vertex   -9.520433e+001 1.734762e+002 6.000000e+001
      vertex   -9.512079e+001 1.897429e+002 6.028068e+001
    endloop
  endfacet
  facet normal -9.350049e-001 -3.873883e-004 3.546346e-001
    outer loop
      vertex   -9.501693e+001 2.080429e+002 6.055450e+001
      vertex   -9.505154e+001 2.139901e+002 6.046976e+001
      vertex   -9.512079e+001 2.080429e+002 6.028068e+001
    endloop
  endfacet
  facet normal -9.350050e-001 0.000000e+000 3.546346e-001
    outer loop
      vertex   -9.512079e+001 2.019429e+002 6.028068e+001
      vertex   -9.501693e+001 2.080429e+002 6.055450e+001
      vertex   -9.512079e+001 2.080429e+002 6.028068e+001
    endloop
  endfacet
  facet normal -9.584454e-001 0.000000e+000 2.852762e-001
    outer loop
      vertex   -9.520433e+001 1.734762e+002 6.000000e+001
      vertex   -9.520433e+001 1.328096e+002 6.000000e+001
      vertex   -9.512079e+001 1.531429e+002 6.028068e+001
    endloop
  endfacet
  facet normal -9.584454e-001 0.000000e+000 2.852762e-001
    outer loop
      vertex   -9.520433e+001 9.214289e+001 6.000000e+001
      vertex   -9.512079e+001 1.104429e+002 6.028068e+001
      vertex   -9.520433e+001 1.328096e+002 6.000000e+001
    endloop
  endfacet
  facet normal -9.584454e-001 0.000000e+000 2.852762e-001
    outer loop
      vertex   -9.520433e+001 9.214289e+001 6.000000e+001
      vertex   -9.512079e+001 1.043429e+002 6.028068e+001
      vertex   -9.512079e+001 1.104429e+002 6.028068e+001
    endloop
  endfacet
  facet normal -9.584454e-001 0.000000e+000 2.852762e-001
    outer loop
      vertex   -9.520433e+001 9.214289e+001 6.000000e+001
      vertex   -9.512079e+001 9.824289e+001 6.028068e+001
      vertex   -9.512079e+001 1.043429e+002 6.028068e+001
    endloop
  endfacet
  facet normal -9.350050e-001 0.000000e+000 3.546346e-001
    outer loop
      vertex   -9.512079e+001 1.043429e+002 6.028068e+001
      vertex   -9.512079e+001 9.824289e+001 6.028068e+001
      vertex   -9.501693e+001 1.043429e+002 6.055450e+001
    endloop
  endfacet
  facet normal -9.065529e-001 0.000000e+000 4.220922e-001
    outer loop
      vertex   -9.501693e+001 1.104429e+002 6.055450e+001
      vertex   -9.501693e+001 1.043429e+002 6.055450e+001
      vertex   -9.489332e+001 1.104429e+002 6.081998e+001
    endloop
  endfacet
  facet normal -8.732417e-001 0.000000e+000 4.872873e-001
    outer loop
      vertex   -9.489332e+001 1.165429e+002 6.081998e+001
      vertex   -9.489332e+001 1.104429e+002 6.081998e+001
      vertex   -9.475062e+001 1.165429e+002 6.107571e+001
    endloop
  endfacet
  facet normal -8.352499e-001 0.000000e+000 5.498706e-001
    outer loop
      vertex   -9.475062e+001 1.226429e+002 6.107571e+001
      vertex   -9.475062e+001 1.165429e+002 6.107571e+001
      vertex   -9.458959e+001 1.226429e+002 6.132031e+001
    endloop
  endfacet
  facet normal -7.927811e-001 0.000000e+000 6.095065e-001
    outer loop
      vertex   -9.458959e+001 1.287429e+002 6.132031e+001
      vertex   -9.458959e+001 1.226429e+002 6.132031e+001
      vertex   -9.441110e+001 1.287429e+002 6.155247e+001
    endloop
  endfacet
  facet normal -7.460629e-001 0.000000e+000 6.658754e-001
    outer loop
      vertex   -9.441110e+001 1.348429e+002 6.155247e+001
      vertex   -9.441110e+001 1.287429e+002 6.155247e+001
      vertex   -9.421610e+001 1.348429e+002 6.177096e+001
    endloop
  endfacet
  facet normal -6.953459e-001 0.000000e+000 7.186753e-001
    outer loop
      vertex   -9.421610e+001 1.409429e+002 6.177096e+001
      vertex   -9.421610e+001 1.348429e+002 6.177096e+001
      vertex   -9.400564e+001 1.409429e+002 6.197459e+001
    endloop
  endfacet
  facet normal -6.953459e-001 0.000000e+000 7.186753e-001
    outer loop
      vertex   -9.400564e+001 1.470429e+002 6.197459e+001
      vertex   -9.421610e+001 1.409429e+002 6.177096e+001
      vertex   -9.400564e+001 1.409429e+002 6.197459e+001
    endloop
  endfacet
  facet normal -9.350050e-001 0.000000e+000 3.546346e-001
    outer loop
      vertex   -9.501693e+001 9.824289e+001 6.055450e+001
      vertex   -9.501693e+001 1.043429e+002 6.055450e+001
      vertex   -9.512079e+001 9.824289e+001 6.028068e+001
    endloop
  endfacet
  facet normal -9.584454e-001 0.000000e+000 2.852762e-001
    outer loop
      vertex   -9.512079e+001 1.104429e+002 6.028068e+001
      vertex   -9.512079e+001 1.165429e+002 6.028068e+001
      vertex   -9.520433e+001 1.328096e+002 6.000000e+001
    endloop
  endfacet
  facet normal -9.350050e-001 0.000000e+000 3.546346e-001
    outer loop
      vertex   -9.512079e+001 1.104429e+002 6.028068e+001
      vertex   -9.501693e+001 1.165429e+002 6.055450e+001
      vertex   -9.512079e+001 1.165429e+002 6.028068e+001
    endloop
  endfacet
  facet normal -9.350050e-001 0.000000e+000 3.546346e-001
    outer loop
      vertex   -9.512079e+001 1.104429e+002 6.028068e+001
      vertex   -9.501693e+001 1.104429e+002 6.055450e+001
      vertex   -9.501693e+001 1.165429e+002 6.055450e+001
    endloop
  endfacet
  facet normal -9.350050e-001 0.000000e+000 3.546346e-001
    outer loop
      vertex   -9.512079e+001 1.104429e+002 6.028068e+001
      vertex   -9.512079e+001 1.043429e+002 6.028068e+001
      vertex   -9.501693e+001 1.104429e+002 6.055450e+001
    endloop
  endfacet
  facet normal -9.350050e-001 0.000000e+000 3.546346e-001
    outer loop
      vertex   -9.501693e+001 1.104429e+002 6.055450e+001
      vertex   -9.512079e+001 1.043429e+002 6.028068e+001
      vertex   -9.501693e+001 1.043429e+002 6.055450e+001
    endloop
  endfacet
  facet normal -9.584454e-001 0.000000e+000 2.852762e-001
    outer loop
      vertex   -9.512079e+001 1.165429e+002 6.028068e+001
      vertex   -9.512079e+001 1.226429e+002 6.028068e+001
      vertex   -9.520433e+001 1.328096e+002 6.000000e+001
    endloop
  endfacet
  facet normal -9.350050e-001 0.000000e+000 3.546346e-001
    outer loop
      vertex   -9.512079e+001 1.165429e+002 6.028068e+001
      vertex   -9.501693e+001 1.226429e+002 6.055450e+001
      vertex   -9.512079e+001 1.226429e+002 6.028068e+001
    endloop
  endfacet
  facet normal -9.350050e-001 0.000000e+000 3.546346e-001
    outer loop
      vertex   -9.512079e+001 1.165429e+002 6.028068e+001
      vertex   -9.501693e+001 1.165429e+002 6.055450e+001
      vertex   -9.501693e+001 1.226429e+002 6.055450e+001
    endloop
  endfacet
  facet normal -9.065529e-001 0.000000e+000 4.220922e-001
    outer loop
      vertex   -9.501693e+001 1.226429e+002 6.055450e+001
      vertex   -9.501693e+001 1.165429e+002 6.055450e+001
      vertex   -9.489332e+001 1.226429e+002 6.081998e+001
    endloop
  endfacet
  facet normal -8.732417e-001 0.000000e+000 4.872873e-001
    outer loop
      vertex   -9.489332e+001 1.287429e+002 6.081998e+001
      vertex   -9.489332e+001 1.226429e+002 6.081998e+001
      vertex   -9.475062e+001 1.287429e+002 6.107571e+001
    endloop
  endfacet
  facet normal -8.352499e-001 0.000000e+000 5.498706e-001
    outer loop
      vertex   -9.475062e+001 1.348429e+002 6.107571e+001
      vertex   -9.475062e+001 1.287429e+002 6.107571e+001
      vertex   -9.458959e+001 1.348429e+002 6.132031e+001
    endloop
  endfacet
  facet normal -7.927811e-001 0.000000e+000 6.095065e-001
    outer loop
      vertex   -9.458959e+001 1.409429e+002 6.132031e+001
      vertex   -9.458959e+001 1.348429e+002 6.132031e+001
      vertex   -9.441110e+001 1.409429e+002 6.155247e+001
    endloop
  endfacet
  facet normal -7.927811e-001 0.000000e+000 6.095065e-001
    outer loop
      vertex   -9.441110e+001 1.470429e+002 6.155247e+001
      vertex   -9.458959e+001 1.409429e+002 6.132031e+001
      vertex   -9.441110e+001 1.409429e+002 6.155247e+001
    endloop
  endfacet
  facet normal -9.584454e-001 0.000000e+000 2.852762e-001
    outer loop
      vertex   -9.512079e+001 1.226429e+002 6.028068e+001
      vertex   -9.512079e+001 1.287429e+002 6.028068e+001
      vertex   -9.520433e+001 1.328096e+002 6.000000e+001
    endloop
  endfacet
  facet normal -9.350050e-001 0.000000e+000 3.546346e-001
    outer loop
      vertex   -9.512079e+001 1.226429e+002 6.028068e+001
      vertex   -9.501693e+001 1.287429e+002 6.055450e+001
      vertex   -9.512079e+001 1.287429e+002 6.028068e+001
    endloop
  endfacet
  facet normal -9.350050e-001 0.000000e+000 3.546346e-001
    outer loop
      vertex   -9.512079e+001 1.226429e+002 6.028068e+001
      vertex   -9.501693e+001 1.226429e+002 6.055450e+001
      vertex   -9.501693e+001 1.287429e+002 6.055450e+001
    endloop
  endfacet
  facet normal -9.065529e-001 0.000000e+000 4.220922e-001
    outer loop
      vertex   -9.501693e+001 1.287429e+002 6.055450e+001
      vertex   -9.501693e+001 1.226429e+002 6.055450e+001
      vertex   -9.489332e+001 1.287429e+002 6.081998e+001
    endloop
  endfacet
  facet normal -8.732417e-001 0.000000e+000 4.872873e-001
    outer loop
      vertex   -9.489332e+001 1.348429e+002 6.081998e+001
      vertex   -9.489332e+001 1.287429e+002 6.081998e+001
      vertex   -9.475062e+001 1.348429e+002 6.107571e+001
    endloop
  endfacet
  facet normal -8.352499e-001 0.000000e+000 5.498706e-001
    outer loop
      vertex   -9.475062e+001 1.409429e+002 6.107571e+001
      vertex   -9.475062e+001 1.348429e+002 6.107571e+001
      vertex   -9.458959e+001 1.409429e+002 6.132031e+001
    endloop
  endfacet
  facet normal -8.352499e-001 0.000000e+000 5.498706e-001
    outer loop
      vertex   -9.458959e+001 1.470429e+002 6.132031e+001
      vertex   -9.475062e+001 1.409429e+002 6.107571e+001
      vertex   -9.458959e+001 1.409429e+002 6.132031e+001
    endloop
  endfacet
  facet normal -9.584454e-001 0.000000e+000 2.852762e-001
    outer loop
      vertex   -9.512079e+001 1.287429e+002 6.028068e+001
      vertex   -9.512079e+001 1.348429e+002 6.028068e+001
      vertex   -9.520433e+001 1.328096e+002 6.000000e+001
    endloop
  endfacet
  facet normal -9.350050e-001 0.000000e+000 3.546346e-001
    outer loop
      vertex   -9.512079e+001 1.287429e+002 6.028068e+001
      vertex   -9.501693e+001 1.348429e+002 6.055450e+001
      vertex   -9.512079e+001 1.348429e+002 6.028068e+001
    endloop
  endfacet
  facet normal -9.350050e-001 0.000000e+000 3.546346e-001
    outer loop
      vertex   -9.512079e+001 1.287429e+002 6.028068e+001
      vertex   -9.501693e+001 1.287429e+002 6.055450e+001
      vertex   -9.501693e+001 1.348429e+002 6.055450e+001
    endloop
  endfacet
  facet normal -9.065529e-001 0.000000e+000 4.220922e-001
    outer loop
      vertex   -9.501693e+001 1.348429e+002 6.055450e+001
      vertex   -9.501693e+001 1.287429e+002 6.055450e+001
      vertex   -9.489332e+001 1.348429e+002 6.081998e+001
    endloop
  endfacet
  facet normal -8.732417e-001 0.000000e+000 4.872873e-001
    outer loop
      vertex   -9.489332e+001 1.409429e+002 6.081998e+001
      vertex   -9.489332e+001 1.348429e+002 6.081998e+001
      vertex   -9.475062e+001 1.409429e+002 6.107571e+001
    endloop
  endfacet
  facet normal -8.732417e-001 0.000000e+000 4.872873e-001
    outer loop
      vertex   -9.475062e+001 1.470429e+002 6.107571e+001
      vertex   -9.489332e+001 1.409429e+002 6.081998e+001
      vertex   -9.475062e+001 1.409429e+002 6.107571e+001
    endloop
  endfacet
  facet normal -9.584454e-001 0.000000e+000 2.852762e-001
    outer loop
      vertex   -9.512079e+001 1.470429e+002 6.028068e+001
      vertex   -9.520433e+001 1.328096e+002 6.000000e+001
      vertex   -9.512079e+001 1.409429e+002 6.028068e+001
    endloop
  endfacet
  facet normal -9.584454e-001 0.000000e+000 2.852762e-001
    outer loop
      vertex   -9.512079e+001 1.409429e+002 6.028068e+001
      vertex   -9.520433e+001 1.328096e+002 6.000000e+001
      vertex   -9.512079e+001 1.348429e+002 6.028068e+001
    endloop
  endfacet
  facet normal -9.350050e-001 0.000000e+000 3.546346e-001
    outer loop
      vertex   -9.501693e+001 1.409429e+002 6.055450e+001
      vertex   -9.512079e+001 1.348429e+002 6.028068e+001
      vertex   -9.501693e+001 1.348429e+002 6.055450e+001
    endloop
  endfacet
  facet normal -9.065529e-001 0.000000e+000 4.220922e-001
    outer loop
      vertex   -9.489332e+001 1.409429e+002 6.081998e+001
      vertex   -9.501693e+001 1.348429e+002 6.055450e+001
      vertex   -9.489332e+001 1.348429e+002 6.081998e+001
    endloop
  endfacet
  facet normal -9.065529e-001 0.000000e+000 4.220922e-001
    outer loop
      vertex   -9.489332e+001 1.409429e+002 6.081998e+001
      vertex   -9.501693e+001 1.409429e+002 6.055450e+001
      vertex   -9.501693e+001 1.348429e+002 6.055450e+001
    endloop
  endfacet
  facet normal -9.065529e-001 0.000000e+000 4.220922e-001
    outer loop
      vertex   -9.489332e+001 1.409429e+002 6.081998e+001
      vertex   -9.489332e+001 1.470429e+002 6.081998e+001
      vertex   -9.501693e+001 1.409429e+002 6.055450e+001
    endloop
  endfacet
  facet normal -9.350050e-001 0.000000e+000 3.546346e-001
    outer loop
      vertex   -9.501693e+001 1.470429e+002 6.055450e+001
      vertex   -9.512079e+001 1.409429e+002 6.028068e+001
      vertex   -9.501693e+001 1.409429e+002 6.055450e+001
    endloop
  endfacet
  facet normal -9.350050e-001 0.000000e+000 3.546346e-001
    outer loop
      vertex   -9.501693e+001 1.409429e+002 6.055450e+001
      vertex   -9.512079e+001 1.409429e+002 6.028068e+001
      vertex   -9.512079e+001 1.348429e+002 6.028068e+001
    endloop
  endfacet
  facet normal -9.350050e-001 0.000000e+000 3.546346e-001
    outer loop
      vertex   -9.501693e+001 1.714429e+002 6.055450e+001
      vertex   -9.512079e+001 1.714429e+002 6.028068e+001
      vertex   -9.512079e+001 1.653429e+002 6.028068e+001
    endloop
  endfacet
  facet normal -9.350050e-001 0.000000e+000 3.546346e-001
    outer loop
      vertex   -9.501693e+001 1.653429e+002 6.055450e+001
      vertex   -9.501693e+001 1.714429e+002 6.055450e+001
      vertex   -9.512079e+001 1.653429e+002 6.028068e+001
    endloop
  endfacet
  facet normal -9.065529e-001 0.000000e+000 4.220922e-001
    outer loop
      vertex   -9.489332e+001 9.824289e+001 6.081998e+001
      vertex   -9.489332e+001 1.043429e+002 6.081998e+001
      vertex   -9.501693e+001 9.824289e+001 6.055450e+001
    endloop
  endfacet
  facet normal -9.065529e-001 0.000000e+000 4.220922e-001
    outer loop
      vertex   -9.489332e+001 1.043429e+002 6.081998e+001
      vertex   -9.489332e+001 1.104429e+002 6.081998e+001
      vertex   -9.501693e+001 1.043429e+002 6.055450e+001
    endloop
  endfacet
  facet normal -9.065529e-001 0.000000e+000 4.220922e-001
    outer loop
      vertex   -9.489332e+001 1.104429e+002 6.081998e+001
      vertex   -9.489332e+001 1.165429e+002 6.081998e+001
      vertex   -9.501693e+001 1.104429e+002 6.055450e+001
    endloop
  endfacet
  facet normal -9.065529e-001 0.000000e+000 4.220922e-001
    outer loop
      vertex   -9.501693e+001 1.104429e+002 6.055450e+001
      vertex   -9.489332e+001 1.165429e+002 6.081998e+001
      vertex   -9.501693e+001 1.165429e+002 6.055450e+001
    endloop
  endfacet
  facet normal -9.065529e-001 0.000000e+000 4.220922e-001
    outer loop
      vertex   -9.501693e+001 1.165429e+002 6.055450e+001
      vertex   -9.489332e+001 1.165429e+002 6.081998e+001
      vertex   -9.489332e+001 1.226429e+002 6.081998e+001
    endloop
  endfacet
  facet normal -8.732417e-001 0.000000e+000 4.872873e-001
    outer loop
      vertex   -9.489332e+001 1.226429e+002 6.081998e+001
      vertex   -9.489332e+001 1.165429e+002 6.081998e+001
      vertex   -9.475062e+001 1.226429e+002 6.107571e+001
    endloop
  endfacet
  facet normal -8.352499e-001 0.000000e+000 5.498706e-001
    outer loop
      vertex   -9.475062e+001 1.287429e+002 6.107571e+001
      vertex   -9.475062e+001 1.226429e+002 6.107571e+001
      vertex   -9.458959e+001 1.287429e+002 6.132031e+001
    endloop
  endfacet
  facet normal -7.927811e-001 0.000000e+000 6.095065e-001
    outer loop
      vertex   -9.458959e+001 1.348429e+002 6.132031e+001
      vertex   -9.458959e+001 1.287429e+002 6.132031e+001
      vertex   -9.441110e+001 1.348429e+002 6.155247e+001
    endloop
  endfacet
  facet normal -7.460629e-001 0.000000e+000 6.658754e-001
    outer loop
      vertex   -9.441110e+001 1.409429e+002 6.155247e+001
      vertex   -9.441110e+001 1.348429e+002 6.155247e+001
      vertex   -9.421610e+001 1.409429e+002 6.177096e+001
    endloop
  endfacet
  facet normal -7.460629e-001 0.000000e+000 6.658754e-001
    outer loop
      vertex   -9.421610e+001 1.470429e+002 6.177096e+001
      vertex   -9.441110e+001 1.409429e+002 6.155247e+001
      vertex   -9.421610e+001 1.409429e+002 6.177096e+001
    endloop
  endfacet
  facet normal -9.065529e-001 0.000000e+000 4.220922e-001
    outer loop
      vertex   -9.489332e+001 1.287429e+002 6.081998e+001
      vertex   -9.501693e+001 1.226429e+002 6.055450e+001
      vertex   -9.489332e+001 1.226429e+002 6.081998e+001
    endloop
  endfacet
  facet normal -9.065529e-001 0.000000e+000 4.220922e-001
    outer loop
      vertex   -9.489332e+001 1.348429e+002 6.081998e+001
      vertex   -9.501693e+001 1.287429e+002 6.055450e+001
      vertex   -9.489332e+001 1.287429e+002 6.081998e+001
    endloop
  endfacet
  facet normal -9.065529e-001 0.000000e+000 4.220922e-001
    outer loop
      vertex   -9.489332e+001 1.531429e+002 6.081998e+001
      vertex   -9.501693e+001 1.470429e+002 6.055450e+001
      vertex   -9.489332e+001 1.470429e+002 6.081998e+001
    endloop
  endfacet
  facet normal -9.065529e-001 0.000000e+000 4.220922e-001
    outer loop
      vertex   -9.489332e+001 1.653429e+002 6.081998e+001
      vertex   -9.501693e+001 1.653429e+002 6.055450e+001
      vertex   -9.501693e+001 1.592429e+002 6.055450e+001
    endloop
  endfacet
  facet normal -9.065529e-001 0.000000e+000 4.220922e-001
    outer loop
      vertex   -9.489332e+001 1.775429e+002 6.081998e+001
      vertex   -9.501693e+001 1.775429e+002 6.055450e+001
      vertex   -9.501693e+001 1.714429e+002 6.055450e+001
    endloop
  endfacet
  facet normal -9.065529e-001 0.000000e+000 4.220922e-001
    outer loop
      vertex   -9.489332e+001 1.714429e+002 6.081998e+001
      vertex   -9.489332e+001 1.775429e+002 6.081998e+001
      vertex   -9.501693e+001 1.714429e+002 6.055450e+001
    endloop
  endfacet
  facet normal -9.065529e-001 0.000000e+000 4.220922e-001
    outer loop
      vertex   -9.489332e+001 1.836429e+002 6.081998e+001
      vertex   -9.501693e+001 1.836429e+002 6.055450e+001
      vertex   -9.501693e+001 1.775429e+002 6.055450e+001
    endloop
  endfacet
  facet normal -9.065529e-001 0.000000e+000 4.220922e-001
    outer loop
      vertex   -9.489332e+001 1.958429e+002 6.081998e+001
      vertex   -9.501693e+001 1.958429e+002 6.055450e+001
      vertex   -9.501693e+001 1.897429e+002 6.055450e+001
    endloop
  endfacet
  facet normal -9.065529e-001 0.000000e+000 4.220922e-001
    outer loop
      vertex   -9.489332e+001 1.897429e+002 6.081998e+001
      vertex   -9.501693e+001 1.897429e+002 6.055450e+001
      vertex   -9.501693e+001 1.836429e+002 6.055450e+001
    endloop
  endfacet
  facet normal -9.065529e-001 0.000000e+000 4.220922e-001
    outer loop
      vertex   -9.489332e+001 1.897429e+002 6.081998e+001
      vertex   -9.489332e+001 1.958429e+002 6.081998e+001
      vertex   -9.501693e+001 1.897429e+002 6.055450e+001
    endloop
  endfacet
  facet normal -8.732417e-001 0.000000e+000 4.872873e-001
    outer loop
      vertex   -9.489332e+001 1.897429e+002 6.081998e+001
      vertex   -9.475062e+001 1.958429e+002 6.107571e+001
      vertex   -9.489332e+001 1.958429e+002 6.081998e+001
    endloop
  endfacet
  facet normal -8.732417e-001 0.000000e+000 4.872873e-001
    outer loop
      vertex   -9.489332e+001 1.958429e+002 6.081998e+001
      vertex   -9.475062e+001 1.958429e+002 6.107571e+001
      vertex   -9.475062e+001 2.019429e+002 6.107571e+001
    endloop
  endfacet
  facet normal -8.732417e-001 0.000000e+000 4.872873e-001
    outer loop
      vertex   -9.489332e+001 2.019429e+002 6.081998e+001
      vertex   -9.489332e+001 1.958429e+002 6.081998e+001
      vertex   -9.475062e+001 2.019429e+002 6.107571e+001
    endloop
  endfacet
  facet normal -9.065529e-001 0.000000e+000 4.220922e-001
    outer loop
      vertex   -9.489332e+001 2.080429e+002 6.081998e+001
      vertex   -9.501693e+001 2.080429e+002 6.055450e+001
      vertex   -9.501693e+001 2.019429e+002 6.055450e+001
    endloop
  endfacet
  facet normal -9.065529e-001 0.000000e+000 4.220922e-001
    outer loop
      vertex   -9.489332e+001 2.019429e+002 6.081998e+001
      vertex   -9.501693e+001 2.019429e+002 6.055450e+001
      vertex   -9.501693e+001 1.958429e+002 6.055450e+001
    endloop
  endfacet
  facet normal -9.065529e-001 0.000000e+000 4.220922e-001
    outer loop
      vertex   -9.489332e+001 2.019429e+002 6.081998e+001
      vertex   -9.489332e+001 2.080429e+002 6.081998e+001
      vertex   -9.501693e+001 2.019429e+002 6.055450e+001
    endloop
  endfacet
  facet normal -8.732417e-001 0.000000e+000 4.872873e-001
    outer loop
      vertex   -9.489332e+001 2.019429e+002 6.081998e+001
      vertex   -9.475062e+001 2.080429e+002 6.107571e+001
      vertex   -9.489332e+001 2.080429e+002 6.081998e+001
    endloop
  endfacet
  facet normal -8.732417e-001 0.000000e+000 4.872873e-001
    outer loop
      vertex   -9.475062e+001 1.043429e+002 6.107571e+001
      vertex   -9.475062e+001 1.104429e+002 6.107571e+001
      vertex   -9.489332e+001 1.043429e+002 6.081998e+001
    endloop
  endfacet
  facet normal -8.732417e-001 0.000000e+000 4.872873e-001
    outer loop
      vertex   -9.475062e+001 1.104429e+002 6.107571e+001
      vertex   -9.475062e+001 1.165429e+002 6.107571e+001
      vertex   -9.489332e+001 1.104429e+002 6.081998e+001
    endloop
  endfacet
  facet normal -8.732417e-001 0.000000e+000 4.872873e-001
    outer loop
      vertex   -9.475062e+001 1.165429e+002 6.107571e+001
      vertex   -9.475062e+001 1.226429e+002 6.107571e+001
      vertex   -9.489332e+001 1.165429e+002 6.081998e+001
    endloop
  endfacet
  facet normal -8.732417e-001 0.000000e+000 4.872873e-001
    outer loop
      vertex   -9.475062e+001 1.226429e+002 6.107571e+001
      vertex   -9.475062e+001 1.287429e+002 6.107571e+001
      vertex   -9.489332e+001 1.226429e+002 6.081998e+001
    endloop
  endfacet
  facet normal -8.732417e-001 0.000000e+000 4.872873e-001
    outer loop
      vertex   -9.475062e+001 1.287429e+002 6.107571e+001
      vertex   -9.475062e+001 1.348429e+002 6.107571e+001
      vertex   -9.489332e+001 1.287429e+002 6.081998e+001
    endloop
  endfacet
  facet normal -8.732417e-001 0.000000e+000 4.872873e-001
    outer loop
      vertex   -9.475062e+001 1.348429e+002 6.107571e+001
      vertex   -9.475062e+001 1.409429e+002 6.107571e+001
      vertex   -9.489332e+001 1.348429e+002 6.081998e+001
    endloop
  endfacet
  facet normal -8.732417e-001 0.000000e+000 4.872873e-001
    outer loop
      vertex   -9.475062e+001 1.531429e+002 6.107571e+001
      vertex   -9.489332e+001 1.470429e+002 6.081998e+001
      vertex   -9.475062e+001 1.470429e+002 6.107571e+001
    endloop
  endfacet
  facet normal -8.732417e-001 0.000000e+000 4.872873e-001
    outer loop
      vertex   -9.475062e+001 1.653429e+002 6.107571e+001
      vertex   -9.489332e+001 1.653429e+002 6.081998e+001
      vertex   -9.489332e+001 1.592429e+002 6.081998e+001
    endloop
  endfacet
  facet normal -8.732417e-001 0.000000e+000 4.872873e-001
    outer loop
      vertex   -9.475062e+001 1.592429e+002 6.107571e+001
      vertex   -9.475062e+001 1.653429e+002 6.107571e+001
      vertex   -9.489332e+001 1.592429e+002 6.081998e+001
    endloop
  endfacet
  facet normal -8.732417e-001 0.000000e+000 4.872873e-001
    outer loop
      vertex   -9.475062e+001 1.714429e+002 6.107571e+001
      vertex   -9.489332e+001 1.714429e+002 6.081998e+001
      vertex   -9.489332e+001 1.653429e+002 6.081998e+001
    endloop
  endfacet
  facet normal -8.732417e-001 0.000000e+000 4.872873e-001
    outer loop
      vertex   -9.475062e+001 1.836429e+002 6.107571e+001
      vertex   -9.489332e+001 1.836429e+002 6.081998e+001
      vertex   -9.489332e+001 1.775429e+002 6.081998e+001
    endloop
  endfacet
  facet normal -8.732417e-001 0.000000e+000 4.872873e-001
    outer loop
      vertex   -9.475062e+001 1.775429e+002 6.107571e+001
      vertex   -9.475062e+001 1.836429e+002 6.107571e+001
      vertex   -9.489332e+001 1.775429e+002 6.081998e+001
    endloop
  endfacet
  facet normal -8.732417e-001 0.000000e+000 4.872873e-001
    outer loop
      vertex   -9.475062e+001 1.897429e+002 6.107571e+001
      vertex   -9.489332e+001 1.897429e+002 6.081998e+001
      vertex   -9.489332e+001 1.836429e+002 6.081998e+001
    endloop
  endfacet
  facet normal -8.732417e-001 0.000000e+000 4.872873e-001
    outer loop
      vertex   -9.489332e+001 9.824289e+001 6.081998e+001
      vertex   -9.475062e+001 9.824289e+001 6.107571e+001
      vertex   -9.475062e+001 1.043429e+002 6.107571e+001
    endloop
  endfacet
  facet normal -8.352499e-001 0.000000e+000 5.498706e-001
    outer loop
      vertex   -9.475062e+001 1.043429e+002 6.107571e+001
      vertex   -9.475062e+001 9.824289e+001 6.107571e+001
      vertex   -9.458959e+001 1.043429e+002 6.132031e+001
    endloop
  endfacet
  facet normal -7.927811e-001 0.000000e+000 6.095065e-001
    outer loop
      vertex   -9.458959e+001 1.104429e+002 6.132031e+001
      vertex   -9.458959e+001 1.043429e+002 6.132031e+001
      vertex   -9.441110e+001 1.104429e+002 6.155247e+001
    endloop
  endfacet
  facet normal -7.460629e-001 0.000000e+000 6.658754e-001
    outer loop
      vertex   -9.441110e+001 1.165429e+002 6.155247e+001
      vertex   -9.441110e+001 1.104429e+002 6.155247e+001
      vertex   -9.421610e+001 1.165429e+002 6.177096e+001
    endloop
  endfacet
  facet normal -6.953459e-001 0.000000e+000 7.186753e-001
    outer loop
      vertex   -9.421610e+001 1.226429e+002 6.177096e+001
      vertex   -9.421610e+001 1.165429e+002 6.177096e+001
      vertex   -9.400564e+001 1.226429e+002 6.197459e+001
    endloop
  endfacet
  facet normal -6.409017e-001 0.000000e+000 7.676230e-001
    outer loop
      vertex   -9.400564e+001 1.287429e+002 6.197459e+001
      vertex   -9.400564e+001 1.226429e+002 6.197459e+001
      vertex   -9.378084e+001 1.287429e+002 6.216228e+001
    endloop
  endfacet
  facet normal -5.830223e-001 0.000000e+000 8.124562e-001
    outer loop
      vertex   -9.378084e+001 1.348429e+002 6.216228e+001
      vertex   -9.378084e+001 1.287429e+002 6.216228e+001
      vertex   -9.354291e+001 1.348429e+002 6.233302e+001
    endloop
  endfacet
  facet normal -5.220179e-001 0.000000e+000 8.529346e-001
    outer loop
      vertex   -9.354291e+001 1.409429e+002 6.233302e+001
      vertex   -9.354291e+001 1.348429e+002 6.233302e+001
      vertex   -9.329313e+001 1.409429e+002 6.248589e+001
    endloop
  endfacet
  facet normal -5.220179e-001 0.000000e+000 8.529346e-001
    outer loop
      vertex   -9.329313e+001 1.470429e+002 6.248589e+001
      vertex   -9.354291e+001 1.409429e+002 6.233302e+001
      vertex   -9.329313e+001 1.409429e+002 6.248589e+001
    endloop
  endfacet
  facet normal -8.352499e-001 0.000000e+000 5.498706e-001
    outer loop
      vertex   -9.458959e+001 9.824289e+001 6.132031e+001
      vertex   -9.458959e+001 1.043429e+002 6.132031e+001
      vertex   -9.475062e+001 9.824289e+001 6.107571e+001
    endloop
  endfacet
  facet normal -8.352499e-001 0.000000e+000 5.498706e-001
    outer loop
      vertex   -9.458959e+001 1.043429e+002 6.132031e+001
      vertex   -9.458959e+001 1.104429e+002 6.132031e+001
      vertex   -9.475062e+001 1.043429e+002 6.107571e+001
    endloop
  endfacet
  facet normal -8.352499e-001 0.000000e+000 5.498706e-001
    outer loop
      vertex   -9.458959e+001 1.104429e+002 6.132031e+001
      vertex   -9.458959e+001 1.165429e+002 6.132031e+001
      vertex   -9.475062e+001 1.104429e+002 6.107571e+001
    endloop
  endfacet
  facet normal -8.352499e-001 0.000000e+000 5.498706e-001
    outer loop
      vertex   -9.458959e+001 1.165429e+002 6.132031e+001
      vertex   -9.458959e+001 1.226429e+002 6.132031e+001
      vertex   -9.475062e+001 1.165429e+002 6.107571e+001
    endloop
  endfacet
  facet normal -8.352499e-001 0.000000e+000 5.498706e-001
    outer loop
      vertex   -9.458959e+001 1.226429e+002 6.132031e+001
      vertex   -9.458959e+001 1.287429e+002 6.132031e+001
      vertex   -9.475062e+001 1.226429e+002 6.107571e+001
    endloop
  endfacet
  facet normal -8.352499e-001 0.000000e+000 5.498706e-001
    outer loop
      vertex   -9.458959e+001 1.287429e+002 6.132031e+001
      vertex   -9.458959e+001 1.348429e+002 6.132031e+001
      vertex   -9.475062e+001 1.287429e+002 6.107571e+001
    endloop
  endfacet
  facet normal -8.352499e-001 0.000000e+000 5.498706e-001
    outer loop
      vertex   -9.458959e+001 1.348429e+002 6.132031e+001
      vertex   -9.458959e+001 1.409429e+002 6.132031e+001
      vertex   -9.475062e+001 1.348429e+002 6.107571e+001
    endloop
  endfacet
  facet normal -8.352499e-001 0.000000e+000 5.498706e-001
    outer loop
      vertex   -9.458959e+001 1.531429e+002 6.132031e+001
      vertex   -9.475062e+001 1.470429e+002 6.107571e+001
      vertex   -9.458959e+001 1.470429e+002 6.132031e+001
    endloop
  endfacet
  facet normal -8.352499e-001 0.000000e+000 5.498706e-001
    outer loop
      vertex   -9.458959e+001 1.714429e+002 6.132031e+001
      vertex   -9.475062e+001 1.714429e+002 6.107571e+001
      vertex   -9.475062e+001 1.653429e+002 6.107571e+001
    endloop
  endfacet
  facet normal -8.352499e-001 0.000000e+000 5.498706e-001
    outer loop
      vertex   -9.458959e+001 1.653429e+002 6.132031e+001
      vertex   -9.458959e+001 1.714429e+002 6.132031e+001
      vertex   -9.475062e+001 1.653429e+002 6.107571e+001
    endloop
  endfacet
  facet normal -8.352499e-001 0.000000e+000 5.498706e-001
    outer loop
      vertex   -9.458959e+001 1.775429e+002 6.132031e+001
      vertex   -9.475062e+001 1.775429e+002 6.107571e+001
      vertex   -9.475062e+001 1.714429e+002 6.107571e+001
    endloop
  endfacet
  facet normal -8.352499e-001 0.000000e+000 5.498706e-001
    outer loop
      vertex   -9.458959e+001 1.897429e+002 6.132031e+001
      vertex   -9.475062e+001 1.897429e+002 6.107571e+001
      vertex   -9.475062e+001 1.836429e+002 6.107571e+001
    endloop
  endfacet
  facet normal -8.352499e-001 0.000000e+000 5.498706e-001
    outer loop
      vertex   -9.458959e+001 1.836429e+002 6.132031e+001
      vertex   -9.458959e+001 1.897429e+002 6.132031e+001
      vertex   -9.475062e+001 1.836429e+002 6.107571e+001
    endloop
  endfacet
  facet normal -8.352499e-001 0.000000e+000 5.498706e-001
    outer loop
      vertex   -9.458959e+001 1.958429e+002 6.132031e+001
      vertex   -9.475062e+001 1.958429e+002 6.107571e+001
      vertex   -9.475062e+001 1.897429e+002 6.107571e+001
    endloop
  endfacet
  facet normal -8.352499e-001 0.000000e+000 5.498706e-001
    outer loop
      vertex   -9.458959e+001 2.080429e+002 6.132031e+001
      vertex   -9.475062e+001 2.080429e+002 6.107571e+001
      vertex   -9.475062e+001 2.019429e+002 6.107571e+001
    endloop
  endfacet
  facet normal -8.352499e-001 0.000000e+000 5.498706e-001
    outer loop
      vertex   -9.458959e+001 2.019429e+002 6.132031e+001
      vertex   -9.475062e+001 2.019429e+002 6.107571e+001
      vertex   -9.475062e+001 1.958429e+002 6.107571e+001
    endloop
  endfacet
  facet normal -8.352499e-001 0.000000e+000 5.498706e-001
    outer loop
      vertex   -9.458959e+001 2.019429e+002 6.132031e+001
      vertex   -9.458959e+001 2.080429e+002 6.132031e+001
      vertex   -9.475062e+001 2.019429e+002 6.107571e+001
    endloop
  endfacet
  facet normal -7.927811e-001 0.000000e+000 6.095065e-001
    outer loop
      vertex   -9.458959e+001 2.019429e+002 6.132031e+001
      vertex   -9.441110e+001 2.080429e+002 6.155247e+001
      vertex   -9.458959e+001 2.080429e+002 6.132031e+001
    endloop
  endfacet
  facet normal -7.927811e-001 0.000000e+000 6.095065e-001
    outer loop
      vertex   -9.441110e+001 1.043429e+002 6.155247e+001
      vertex   -9.441110e+001 1.104429e+002 6.155247e+001
      vertex   -9.458959e+001 1.043429e+002 6.132031e+001
    endloop
  endfacet
  facet normal -7.927811e-001 0.000000e+000 6.095065e-001
    outer loop
      vertex   -9.441110e+001 1.104429e+002 6.155247e+001
      vertex   -9.441110e+001 1.165429e+002 6.155247e+001
      vertex   -9.458959e+001 1.104429e+002 6.132031e+001
    endloop
  endfacet
  facet normal -7.927811e-001 0.000000e+000 6.095065e-001
    outer loop
      vertex   -9.441110e+001 1.165429e+002 6.155247e+001
      vertex   -9.441110e+001 1.226429e+002 6.155247e+001
      vertex   -9.458959e+001 1.165429e+002 6.132031e+001
    endloop
  endfacet
  facet normal -7.927811e-001 0.000000e+000 6.095065e-001
    outer loop
      vertex   -9.441110e+001 1.226429e+002 6.155247e+001
      vertex   -9.441110e+001 1.287429e+002 6.155247e+001
      vertex   -9.458959e+001 1.226429e+002 6.132031e+001
    endloop
  endfacet
  facet normal -7.927811e-001 0.000000e+000 6.095065e-001
    outer loop
      vertex   -9.441110e+001 1.287429e+002 6.155247e+001
      vertex   -9.441110e+001 1.348429e+002 6.155247e+001
      vertex   -9.458959e+001 1.287429e+002 6.132031e+001
    endloop
  endfacet
  facet normal -7.927811e-001 0.000000e+000 6.095065e-001
    outer loop
      vertex   -9.441110e+001 1.348429e+002 6.155247e+001
      vertex   -9.441110e+001 1.409429e+002 6.155247e+001
      vertex   -9.458959e+001 1.348429e+002 6.132031e+001
    endloop
  endfacet
  facet normal -7.927811e-001 0.000000e+000 6.095065e-001
    outer loop
      vertex   -9.441110e+001 1.531429e+002 6.155247e+001
      vertex   -9.458959e+001 1.470429e+002 6.132031e+001
      vertex   -9.441110e+001 1.470429e+002 6.155247e+001
    endloop
  endfacet
  facet normal -7.927811e-001 0.000000e+000 6.095065e-001
    outer loop
      vertex   -9.441110e+001 1.653429e+002 6.155247e+001
      vertex   -9.458959e+001 1.653429e+002 6.132031e+001
      vertex   -9.458959e+001 1.592429e+002 6.132031e+001
    endloop
  endfacet
  facet normal -7.927811e-001 0.000000e+000 6.095065e-001
    outer loop
      vertex   -9.441110e+001 1.592429e+002 6.155247e+001
      vertex   -9.441110e+001 1.653429e+002 6.155247e+001
      vertex   -9.458959e+001 1.592429e+002 6.132031e+001
    endloop
  endfacet
  facet normal -7.927811e-001 0.000000e+000 6.095065e-001
    outer loop
      vertex   -9.441110e+001 1.775429e+002 6.155247e+001
      vertex   -9.458959e+001 1.775429e+002 6.132031e+001
      vertex   -9.458959e+001 1.714429e+002 6.132031e+001
    endloop
  endfacet
  facet normal -7.927811e-001 0.000000e+000 6.095065e-001
    outer loop
      vertex   -9.441110e+001 1.714429e+002 6.155247e+001
      vertex   -9.441110e+001 1.775429e+002 6.155247e+001
      vertex   -9.458959e+001 1.714429e+002 6.132031e+001
    endloop
  endfacet
  facet normal -7.927811e-001 0.000000e+000 6.095065e-001
    outer loop
      vertex   -9.441110e+001 1.836429e+002 6.155247e+001
      vertex   -9.458959e+001 1.836429e+002 6.132031e+001
      vertex   -9.458959e+001 1.775429e+002 6.132031e+001
    endloop
  endfacet
  facet normal -7.927811e-001 0.000000e+000 6.095065e-001
    outer loop
      vertex   -9.441110e+001 1.958429e+002 6.155247e+001
      vertex   -9.458959e+001 1.958429e+002 6.132031e+001
      vertex   -9.458959e+001 1.897429e+002 6.132031e+001
    endloop
  endfacet
  facet normal -7.927811e-001 0.000000e+000 6.095065e-001
    outer loop
      vertex   -9.441110e+001 1.897429e+002 6.155247e+001
      vertex   -9.441110e+001 1.958429e+002 6.155247e+001
      vertex   -9.458959e+001 1.897429e+002 6.132031e+001
    endloop
  endfacet
  facet normal -7.927811e-001 0.000000e+000 6.095065e-001
    outer loop
      vertex   -9.441110e+001 2.019429e+002 6.155247e+001
      vertex   -9.458959e+001 2.019429e+002 6.132031e+001
      vertex   -9.458959e+001 1.958429e+002 6.132031e+001
    endloop
  endfacet
  facet normal -7.927811e-001 0.000000e+000 6.095065e-001
    outer loop
      vertex   -9.458959e+001 9.824289e+001 6.132031e+001
      vertex   -9.441110e+001 9.824289e+001 6.155247e+001
      vertex   -9.441110e+001 1.043429e+002 6.155247e+001
    endloop
  endfacet
  facet normal -7.460629e-001 0.000000e+000 6.658754e-001
    outer loop
      vertex   -9.441110e+001 1.043429e+002 6.155247e+001
      vertex   -9.441110e+001 9.824289e+001 6.155247e+001
      vertex   -9.421610e+001 1.043429e+002 6.177096e+001
    endloop
  endfacet
  facet normal -6.953459e-001 0.000000e+000 7.186753e-001
    outer loop
      vertex   -9.421610e+001 1.104429e+002 6.177096e+001
      vertex   -9.421610e+001 1.043429e+002 6.177096e+001
      vertex   -9.400564e+001 1.104429e+002 6.197459e+001
    endloop
  endfacet
  facet normal -6.409017e-001 0.000000e+000 7.676230e-001
    outer loop
      vertex   -9.400564e+001 1.165429e+002 6.197459e+001
      vertex   -9.400564e+001 1.104429e+002 6.197459e+001
      vertex   -9.378084e+001 1.165429e+002 6.216228e+001
    endloop
  endfacet
  facet normal -5.830223e-001 0.000000e+000 8.124562e-001
    outer loop
      vertex   -9.378084e+001 1.226429e+002 6.216228e+001
      vertex   -9.378084e+001 1.165429e+002 6.216228e+001
      vertex   -9.354291e+001 1.226429e+002 6.233302e+001
    endloop
  endfacet
  facet normal -5.220179e-001 0.000000e+000 8.529346e-001
    outer loop
      vertex   -9.354291e+001 1.287429e+002 6.233302e+001
      vertex   -9.354291e+001 1.226429e+002 6.233302e+001
      vertex   -9.329313e+001 1.287429e+002 6.248589e+001
    endloop
  endfacet
  facet normal -4.582154e-001 0.000000e+000 8.888412e-001
    outer loop
      vertex   -9.329313e+001 1.348429e+002 6.248589e+001
      vertex   -9.329313e+001 1.287429e+002 6.248589e+001
      vertex   -9.303283e+001 1.348429e+002 6.262008e+001
    endloop
  endfacet
  facet normal -3.919569e-001 0.000000e+000 9.199836e-001
    outer loop
      vertex   -9.303283e+001 1.409429e+002 6.262008e+001
      vertex   -9.303283e+001 1.348429e+002 6.262008e+001
      vertex   -9.276342e+001 1.409429e+002 6.273486e+001
    endloop
  endfacet
  facet normal -3.919569e-001 0.000000e+000 9.199836e-001
    outer loop
      vertex   -9.276342e+001 1.470429e+002 6.273486e+001
      vertex   -9.303283e+001 1.409429e+002 6.262008e+001
      vertex   -9.276342e+001 1.409429e+002 6.273486e+001
    endloop
  endfacet
  facet normal -7.460629e-001 0.000000e+000 6.658754e-001
    outer loop
      vertex   -9.421610e+001 9.824289e+001 6.177096e+001
      vertex   -9.421610e+001 1.043429e+002 6.177096e+001
      vertex   -9.441110e+001 9.824289e+001 6.155247e+001
    endloop
  endfacet
  facet normal -7.460629e-001 0.000000e+000 6.658754e-001
    outer loop
      vertex   -9.421610e+001 1.043429e+002 6.177096e+001
      vertex   -9.421610e+001 1.104429e+002 6.177096e+001
      vertex   -9.441110e+001 1.043429e+002 6.155247e+001
    endloop
  endfacet
  facet normal -7.460629e-001 0.000000e+000 6.658754e-001
    outer loop
      vertex   -9.421610e+001 1.104429e+002 6.177096e+001
      vertex   -9.421610e+001 1.165429e+002 6.177096e+001
      vertex   -9.441110e+001 1.104429e+002 6.155247e+001
    endloop
  endfacet
  facet normal -7.460629e-001 0.000000e+000 6.658754e-001
    outer loop
      vertex   -9.421610e+001 1.165429e+002 6.177096e+001
      vertex   -9.421610e+001 1.226429e+002 6.177096e+001
      vertex   -9.441110e+001 1.165429e+002 6.155247e+001
    endloop
  endfacet
  facet normal -7.460629e-001 0.000000e+000 6.658754e-001
    outer loop
      vertex   -9.421610e+001 1.226429e+002 6.177096e+001
      vertex   -9.421610e+001 1.287429e+002 6.177096e+001
      vertex   -9.441110e+001 1.226429e+002 6.155247e+001
    endloop
  endfacet
  facet normal -7.460629e-001 0.000000e+000 6.658754e-001
    outer loop
      vertex   -9.421610e+001 1.287429e+002 6.177096e+001
      vertex   -9.421610e+001 1.348429e+002 6.177096e+001
      vertex   -9.441110e+001 1.287429e+002 6.155247e+001
    endloop
  endfacet
  facet normal -7.460629e-001 0.000000e+000 6.658754e-001
    outer loop
      vertex   -9.421610e+001 1.348429e+002 6.177096e+001
      vertex   -9.421610e+001 1.409429e+002 6.177096e+001
      vertex   -9.441110e+001 1.348429e+002 6.155247e+001
    endloop
  endfacet
  facet normal -7.460629e-001 0.000000e+000 6.658754e-001
    outer loop
      vertex   -9.421610e+001 1.531429e+002 6.177096e+001
      vertex   -9.441110e+001 1.470429e+002 6.155247e+001
      vertex   -9.421610e+001 1.470429e+002 6.177096e+001
    endloop
  endfacet
  facet normal -7.460629e-001 0.000000e+000 6.658754e-001
    outer loop
      vertex   -9.421610e+001 1.714429e+002 6.177096e+001
      vertex   -9.441110e+001 1.714429e+002 6.155247e+001
      vertex   -9.441110e+001 1.653429e+002 6.155247e+001
    endloop
  endfacet
  facet normal -7.460629e-001 0.000000e+000 6.658754e-001
    outer loop
      vertex   -9.421610e+001 1.653429e+002 6.177096e+001
      vertex   -9.421610e+001 1.714429e+002 6.177096e+001
      vertex   -9.441110e+001 1.653429e+002 6.155247e+001
    endloop
  endfacet
  facet normal -7.460629e-001 0.000000e+000 6.658754e-001
    outer loop
      vertex   -9.421610e+001 1.836429e+002 6.177096e+001
      vertex   -9.441110e+001 1.836429e+002 6.155247e+001
      vertex   -9.441110e+001 1.775429e+002 6.155247e+001
    endloop
  endfacet
  facet normal -7.460629e-001 0.000000e+000 6.658754e-001
    outer loop
      vertex   -9.421610e+001 1.775429e+002 6.177096e+001
      vertex   -9.421610e+001 1.836429e+002 6.177096e+001
      vertex   -9.441110e+001 1.775429e+002 6.155247e+001
    endloop
  endfacet
  facet normal -7.460629e-001 0.000000e+000 6.658754e-001
    outer loop
      vertex   -9.421610e+001 1.897429e+002 6.177096e+001
      vertex   -9.441110e+001 1.897429e+002 6.155247e+001
      vertex   -9.441110e+001 1.836429e+002 6.155247e+001
    endloop
  endfacet
  facet normal -7.460629e-001 0.000000e+000 6.658754e-001
    outer loop
      vertex   -9.421610e+001 2.019429e+002 6.177096e+001
      vertex   -9.441110e+001 2.019429e+002 6.155247e+001
      vertex   -9.441110e+001 1.958429e+002 6.155247e+001
    endloop
  endfacet
  facet normal -7.460629e-001 0.000000e+000 6.658754e-001
    outer loop
      vertex   -9.421610e+001 1.958429e+002 6.177096e+001
      vertex   -9.421610e+001 2.019429e+002 6.177096e+001
      vertex   -9.441110e+001 1.958429e+002 6.155247e+001
    endloop
  endfacet
  facet normal -7.460629e-001 0.000000e+000 6.658754e-001
    outer loop
      vertex   -9.421610e+001 2.080429e+002 6.177096e+001
      vertex   -9.441110e+001 2.080429e+002 6.155247e+001
      vertex   -9.441110e+001 2.019429e+002 6.155247e+001
    endloop
  endfacet
  facet normal -6.953459e-001 0.000000e+000 7.186753e-001
    outer loop
      vertex   -9.400564e+001 9.824289e+001 6.197459e+001
      vertex   -9.400564e+001 1.043429e+002 6.197459e+001
      vertex   -9.421610e+001 9.824289e+001 6.177096e+001
    endloop
  endfacet
  facet normal -6.953459e-001 0.000000e+000 7.186753e-001
    outer loop
      vertex   -9.400564e+001 1.043429e+002 6.197459e+001
      vertex   -9.400564e+001 1.104429e+002 6.197459e+001
      vertex   -9.421610e+001 1.043429e+002 6.177096e+001
    endloop
  endfacet
  facet normal -6.953459e-001 0.000000e+000 7.186753e-001
    outer loop
      vertex   -9.400564e+001 1.104429e+002 6.197459e+001
      vertex   -9.400564e+001 1.165429e+002 6.197459e+001
      vertex   -9.421610e+001 1.104429e+002 6.177096e+001
    endloop
  endfacet
  facet normal -6.953459e-001 0.000000e+000 7.186753e-001
    outer loop
      vertex   -9.400564e+001 1.165429e+002 6.197459e+001
      vertex   -9.400564e+001 1.226429e+002 6.197459e+001
      vertex   -9.421610e+001 1.165429e+002 6.177096e+001
    endloop
  endfacet
  facet normal -6.953459e-001 0.000000e+000 7.186753e-001
    outer loop
      vertex   -9.400564e+001 1.226429e+002 6.197459e+001
      vertex   -9.400564e+001 1.287429e+002 6.197459e+001
      vertex   -9.421610e+001 1.226429e+002 6.177096e+001
    endloop
  endfacet
  facet normal -6.953459e-001 0.000000e+000 7.186753e-001
    outer loop
      vertex   -9.400564e+001 1.287429e+002 6.197459e+001
      vertex   -9.400564e+001 1.348429e+002 6.197459e+001
      vertex   -9.421610e+001 1.287429e+002 6.177096e+001
    endloop
  endfacet
  facet normal -6.953459e-001 0.000000e+000 7.186753e-001
    outer loop
      vertex   -9.400564e+001 1.348429e+002 6.197459e+001
      vertex   -9.400564e+001 1.409429e+002 6.197459e+001
      vertex   -9.421610e+001 1.348429e+002 6.177096e+001
    endloop
  endfacet
  facet normal -6.953459e-001 0.000000e+000 7.186753e-001
    outer loop
      vertex   -9.400564e+001 1.531429e+002 6.197459e+001
      vertex   -9.421610e+001 1.470429e+002 6.177096e+001
      vertex   -9.400564e+001 1.470429e+002 6.197459e+001
    endloop
  endfacet
  facet normal -6.953459e-001 0.000000e+000 7.186753e-001
    outer loop
      vertex   -9.400564e+001 1.653429e+002 6.197459e+001
      vertex   -9.421610e+001 1.653429e+002 6.177096e+001
      vertex   -9.421610e+001 1.592429e+002 6.177096e+001
    endloop
  endfacet
  facet normal -6.953459e-001 0.000000e+000 7.186753e-001
    outer loop
      vertex   -9.400564e+001 1.775429e+002 6.197459e+001
      vertex   -9.421610e+001 1.775429e+002 6.177096e+001
      vertex   -9.421610e+001 1.714429e+002 6.177096e+001
    endloop
  endfacet
  facet normal -6.953459e-001 0.000000e+000 7.186753e-001
    outer loop
      vertex   -9.400564e+001 1.714429e+002 6.197459e+001
      vertex   -9.400564e+001 1.775429e+002 6.197459e+001
      vertex   -9.421610e+001 1.714429e+002 6.177096e+001
    endloop
  endfacet
  facet normal -6.953459e-001 0.000000e+000 7.186753e-001
    outer loop
      vertex   -9.400564e+001 1.897429e+002 6.197459e+001
      vertex   -9.421610e+001 1.897429e+002 6.177096e+001
      vertex   -9.421610e+001 1.836429e+002 6.177096e+001
    endloop
  endfacet
  facet normal -6.953459e-001 0.000000e+000 7.186753e-001
    outer loop
      vertex   -9.400564e+001 1.836429e+002 6.197459e+001
      vertex   -9.400564e+001 1.897429e+002 6.197459e+001
      vertex   -9.421610e+001 1.836429e+002 6.177096e+001
    endloop
  endfacet
  facet normal -6.953459e-001 0.000000e+000 7.186753e-001
    outer loop
      vertex   -9.400564e+001 1.958429e+002 6.197459e+001
      vertex   -9.421610e+001 1.958429e+002 6.177096e+001
      vertex   -9.421610e+001 1.897429e+002 6.177096e+001
    endloop
  endfacet
  facet normal -6.953459e-001 0.000000e+000 7.186753e-001
    outer loop
      vertex   -9.400564e+001 2.080429e+002 6.197459e+001
      vertex   -9.421610e+001 2.080429e+002 6.177096e+001
      vertex   -9.421610e+001 2.019429e+002 6.177096e+001
    endloop
  endfacet
  facet normal -6.953459e-001 0.000000e+000 7.186753e-001
    outer loop
      vertex   -9.400564e+001 2.019429e+002 6.197459e+001
      vertex   -9.400564e+001 2.080429e+002 6.197459e+001
      vertex   -9.421610e+001 2.019429e+002 6.177096e+001
    endloop
  endfacet
  facet normal -6.409017e-001 0.000000e+000 7.676230e-001
    outer loop
      vertex   -9.378084e+001 1.043429e+002 6.216228e+001
      vertex   -9.378084e+001 1.104429e+002 6.216228e+001
      vertex   -9.400564e+001 1.043429e+002 6.197459e+001
    endloop
  endfacet
  facet normal -6.409017e-001 0.000000e+000 7.676230e-001
    outer loop
      vertex   -9.378084e+001 1.104429e+002 6.216228e+001
      vertex   -9.378084e+001 1.165429e+002 6.216228e+001
      vertex   -9.400564e+001 1.104429e+002 6.197459e+001
    endloop
  endfacet
  facet normal -6.409017e-001 0.000000e+000 7.676230e-001
    outer loop
      vertex   -9.378084e+001 1.165429e+002 6.216228e+001
      vertex   -9.378084e+001 1.226429e+002 6.216228e+001
      vertex   -9.400564e+001 1.165429e+002 6.197459e+001
    endloop
  endfacet
  facet normal -6.409017e-001 0.000000e+000 7.676230e-001
    outer loop
      vertex   -9.378084e+001 1.226429e+002 6.216228e+001
      vertex   -9.378084e+001 1.287429e+002 6.216228e+001
      vertex   -9.400564e+001 1.226429e+002 6.197459e+001
    endloop
  endfacet
  facet normal -6.409017e-001 0.000000e+000 7.676230e-001
    outer loop
      vertex   -9.378084e+001 1.287429e+002 6.216228e+001
      vertex   -9.378084e+001 1.348429e+002 6.216228e+001
      vertex   -9.400564e+001 1.287429e+002 6.197459e+001
    endloop
  endfacet
  facet normal -6.409017e-001 0.000000e+000 7.676230e-001
    outer loop
      vertex   -9.378084e+001 1.348429e+002 6.216228e+001
      vertex   -9.378084e+001 1.409429e+002 6.216228e+001
      vertex   -9.400564e+001 1.348429e+002 6.197459e+001
    endloop
  endfacet
  facet normal -6.409017e-001 0.000000e+000 7.676230e-001
    outer loop
      vertex   -9.378084e+001 1.531429e+002 6.216228e+001
      vertex   -9.400564e+001 1.470429e+002 6.197459e+001
      vertex   -9.378084e+001 1.470429e+002 6.216228e+001
    endloop
  endfacet
  facet normal -6.409017e-001 0.000000e+000 7.676230e-001
    outer loop
      vertex   -9.378084e+001 1.592429e+002 6.216228e+001
      vertex   -9.400564e+001 1.531429e+002 6.197459e+001
      vertex   -9.378084e+001 1.531429e+002 6.216228e+001
    endloop
  endfacet
  facet normal -5.830223e-001 0.000000e+000 8.124562e-001
    outer loop
      vertex   -9.354291e+001 1.592429e+002 6.233302e+001
      vertex   -9.378084e+001 1.531429e+002 6.216228e+001
      vertex   -9.354291e+001 1.531429e+002 6.233302e+001
    endloop
  endfacet
  facet normal -5.220179e-001 0.000000e+000 8.529346e-001
    outer loop
      vertex   -9.329313e+001 1.592429e+002 6.248589e+001
      vertex   -9.354291e+001 1.531429e+002 6.233302e+001
      vertex   -9.329313e+001 1.531429e+002 6.248589e+001
    endloop
  endfacet
  facet normal -4.582154e-001 0.000000e+000 8.888412e-001
    outer loop
      vertex   -9.303283e+001 1.592429e+002 6.262008e+001
      vertex   -9.329313e+001 1.531429e+002 6.248589e+001
      vertex   -9.303283e+001 1.531429e+002 6.262008e+001
    endloop
  endfacet
  facet normal -3.919569e-001 0.000000e+000 9.199836e-001
    outer loop
      vertex   -9.276342e+001 1.592429e+002 6.273486e+001
      vertex   -9.303283e+001 1.531429e+002 6.262008e+001
      vertex   -9.276342e+001 1.531429e+002 6.273486e+001
    endloop
  endfacet
  facet normal -3.235974e-001 0.000000e+000 9.461949e-001
    outer loop
      vertex   -9.248632e+001 1.592429e+002 6.282963e+001
      vertex   -9.276342e+001 1.531429e+002 6.273486e+001
      vertex   -9.248632e+001 1.531429e+002 6.282963e+001
    endloop
  endfacet
  facet normal -2.535035e-001 0.000000e+000 9.673345e-001
    outer loop
      vertex   -9.220304e+001 1.592429e+002 6.290386e+001
      vertex   -9.248632e+001 1.531429e+002 6.282963e+001
      vertex   -9.220304e+001 1.531429e+002 6.290386e+001
    endloop
  endfacet
  facet normal -1.820508e-001 0.000000e+000 9.832891e-001
    outer loop
      vertex   -9.191508e+001 1.592429e+002 6.295718e+001
      vertex   -9.220304e+001 1.531429e+002 6.290386e+001
      vertex   -9.191508e+001 1.531429e+002 6.295718e+001
    endloop
  endfacet
  facet normal -1.096223e-001 0.000000e+000 9.939733e-001
    outer loop
      vertex   -9.162400e+001 1.592429e+002 6.298928e+001
      vertex   -9.191508e+001 1.531429e+002 6.295718e+001
      vertex   -9.162400e+001 1.531429e+002 6.298928e+001
    endloop
  endfacet
  facet normal -3.660615e-002 0.000000e+000 9.993298e-001
    outer loop
      vertex   -9.133135e+001 1.721852e+002 6.300000e+001
      vertex   -9.162400e+001 1.531429e+002 6.298928e+001
      vertex   -9.133135e+001 1.341006e+002 6.300000e+001
    endloop
  endfacet
  facet normal -3.660615e-002 0.000000e+000 9.993298e-001
    outer loop
      vertex   -9.133135e+001 1.721852e+002 6.300000e+001
      vertex   -9.162400e+001 1.592429e+002 6.298928e+001
      vertex   -9.162400e+001 1.531429e+002 6.298928e+001
    endloop
  endfacet
  facet normal -3.660615e-002 0.000000e+000 9.993298e-001
    outer loop
      vertex   -9.133135e+001 1.721852e+002 6.300000e+001
      vertex   -9.162400e+001 1.653429e+002 6.298928e+001
      vertex   -9.162400e+001 1.592429e+002 6.298928e+001
    endloop
  endfacet
  facet normal -3.660615e-002 0.000000e+000 9.993298e-001
    outer loop
      vertex   -9.133135e+001 1.721852e+002 6.300000e+001
      vertex   -9.162400e+001 1.714429e+002 6.298928e+001
      vertex   -9.162400e+001 1.653429e+002 6.298928e+001
    endloop
  endfacet
  facet normal -3.660615e-002 0.000000e+000 9.993298e-001
    outer loop
      vertex   -9.133135e+001 1.721852e+002 6.300000e+001
      vertex   -9.162400e+001 1.775429e+002 6.298928e+001
      vertex   -9.162400e+001 1.714429e+002 6.298928e+001
    endloop
  endfacet
  facet normal -3.660615e-002 0.000000e+000 9.993298e-001
    outer loop
      vertex   -9.133135e+001 1.721852e+002 6.300000e+001
      vertex   -9.162400e+001 1.836429e+002 6.298928e+001
      vertex   -9.162400e+001 1.775429e+002 6.298928e+001
    endloop
  endfacet
  facet normal -3.660615e-002 0.000000e+000 9.993298e-001
    outer loop
      vertex   -9.133135e+001 1.721852e+002 6.300000e+001
      vertex   -9.162400e+001 1.897429e+002 6.298928e+001
      vertex   -9.162400e+001 1.836429e+002 6.298928e+001
    endloop
  endfacet
  facet normal -1.096223e-001 0.000000e+000 9.939733e-001
    outer loop
      vertex   -9.162400e+001 1.836429e+002 6.298928e+001
      vertex   -9.162400e+001 1.897429e+002 6.298928e+001
      vertex   -9.191508e+001 1.836429e+002 6.295718e+001
    endloop
  endfacet
  facet normal -1.820508e-001 0.000000e+000 9.832891e-001
    outer loop
      vertex   -9.191508e+001 1.775429e+002 6.295718e+001
      vertex   -9.191508e+001 1.836429e+002 6.295718e+001
      vertex   -9.220304e+001 1.775429e+002 6.290386e+001
    endloop
  endfacet
  facet normal -2.535035e-001 0.000000e+000 9.673345e-001
    outer loop
      vertex   -9.220304e+001 1.714429e+002 6.290386e+001
      vertex   -9.220304e+001 1.775429e+002 6.290386e+001
      vertex   -9.248632e+001 1.714429e+002 6.282963e+001
    endloop
  endfacet
  facet normal -3.235974e-001 0.000000e+000 9.461949e-001
    outer loop
      vertex   -9.248632e+001 1.653429e+002 6.282963e+001
      vertex   -9.248632e+001 1.714429e+002 6.282963e+001
      vertex   -9.276342e+001 1.653429e+002 6.273486e+001
    endloop
  endfacet
  facet normal -3.919569e-001 0.000000e+000 9.199836e-001
    outer loop
      vertex   -9.276342e+001 1.592429e+002 6.273486e+001
      vertex   -9.276342e+001 1.653429e+002 6.273486e+001
      vertex   -9.303283e+001 1.592429e+002 6.262008e+001
    endloop
  endfacet
  facet normal -3.919569e-001 0.000000e+000 9.199836e-001
    outer loop
      vertex   -9.303283e+001 1.531429e+002 6.262008e+001
      vertex   -9.276342e+001 1.592429e+002 6.273486e+001
      vertex   -9.303283e+001 1.592429e+002 6.262008e+001
    endloop
  endfacet
  facet normal -6.409017e-001 0.000000e+000 7.676230e-001
    outer loop
      vertex   -9.378084e+001 1.653429e+002 6.216228e+001
      vertex   -9.400564e+001 1.653429e+002 6.197459e+001
      vertex   -9.400564e+001 1.592429e+002 6.197459e+001
    endloop
  endfacet
  facet normal -6.409017e-001 0.000000e+000 7.676230e-001
    outer loop
      vertex   -9.378084e+001 1.592429e+002 6.216228e+001
      vertex   -9.378084e+001 1.653429e+002 6.216228e+001
      vertex   -9.400564e+001 1.592429e+002 6.197459e+001
    endloop
  endfacet
  facet normal -6.409017e-001 0.000000e+000 7.676230e-001
    outer loop
      vertex   -9.378084e+001 1.714429e+002 6.216228e+001
      vertex   -9.400564e+001 1.714429e+002 6.197459e+001
      vertex   -9.400564e+001 1.653429e+002 6.197459e+001
    endloop
  endfacet
  facet normal -6.409017e-001 0.000000e+000 7.676230e-001
    outer loop
      vertex   -9.378084e+001 1.836429e+002 6.216228e+001
      vertex   -9.400564e+001 1.836429e+002 6.197459e+001
      vertex   -9.400564e+001 1.775429e+002 6.197459e+001
    endloop
  endfacet
  facet normal -6.409017e-001 0.000000e+000 7.676230e-001
    outer loop
      vertex   -9.378084e+001 1.775429e+002 6.216228e+001
      vertex   -9.378084e+001 1.836429e+002 6.216228e+001
      vertex   -9.400564e+001 1.775429e+002 6.197459e+001
    endloop
  endfacet
  facet normal -6.409017e-001 0.000000e+000 7.676230e-001
    outer loop
      vertex   -9.378084e+001 1.958429e+002 6.216228e+001
      vertex   -9.400564e+001 1.958429e+002 6.197459e+001
      vertex   -9.400564e+001 1.897429e+002 6.197459e+001
    endloop
  endfacet
  facet normal -6.409017e-001 0.000000e+000 7.676230e-001
    outer loop
      vertex   -9.378084e+001 1.897429e+002 6.216228e+001
      vertex   -9.378084e+001 1.958429e+002 6.216228e+001
      vertex   -9.400564e+001 1.897429e+002 6.197459e+001
    endloop
  endfacet
  facet normal -6.409017e-001 0.000000e+000 7.676230e-001
    outer loop
      vertex   -9.400564e+001 9.824289e+001 6.197459e+001
      vertex   -9.378084e+001 9.824289e+001 6.216228e+001
      vertex   -9.378084e+001 1.043429e+002 6.216228e+001
    endloop
  endfacet
  facet normal -5.830223e-001 0.000000e+000 8.124562e-001
    outer loop
      vertex   -9.378084e+001 1.043429e+002 6.216228e+001
      vertex   -9.378084e+001 9.824289e+001 6.216228e+001
      vertex   -9.354291e+001 1.043429e+002 6.233302e+001
    endloop
  endfacet
  facet normal -5.220179e-001 0.000000e+000 8.529346e-001
    outer loop
      vertex   -9.354291e+001 1.104429e+002 6.233302e+001
      vertex   -9.354291e+001 1.043429e+002 6.233302e+001
      vertex   -9.329313e+001 1.104429e+002 6.248589e+001
    endloop
  endfacet
  facet normal -4.582154e-001 0.000000e+000 8.888412e-001
    outer loop
      vertex   -9.329313e+001 1.165429e+002 6.248589e+001
      vertex   -9.329313e+001 1.104429e+002 6.248589e+001
      vertex   -9.303283e+001 1.165429e+002 6.262008e+001
    endloop
  endfacet
  facet normal -3.919569e-001 0.000000e+000 9.199836e-001
    outer loop
      vertex   -9.303283e+001 1.226429e+002 6.262008e+001
      vertex   -9.303283e+001 1.165429e+002 6.262008e+001
      vertex   -9.276342e+001 1.226429e+002 6.273486e+001
    endloop
  endfacet
  facet normal -3.235974e-001 0.000000e+000 9.461949e-001
    outer loop
      vertex   -9.276342e+001 1.287429e+002 6.273486e+001
      vertex   -9.276342e+001 1.226429e+002 6.273486e+001
      vertex   -9.248632e+001 1.287429e+002 6.282963e+001
    endloop
  endfacet
  facet normal -2.535035e-001 0.000000e+000 9.673345e-001
    outer loop
      vertex   -9.248632e+001 1.348429e+002 6.282963e+001
      vertex   -9.248632e+001 1.287429e+002 6.282963e+001
      vertex   -9.220304e+001 1.348429e+002 6.290386e+001
    endloop
  endfacet
  facet normal -1.820508e-001 0.000000e+000 9.832891e-001
    outer loop
      vertex   -9.220304e+001 1.409429e+002 6.290386e+001
      vertex   -9.220304e+001 1.348429e+002 6.290386e+001
      vertex   -9.191508e+001 1.409429e+002 6.295718e+001
    endloop
  endfacet
  facet normal -1.820508e-001 0.000000e+000 9.832891e-001
    outer loop
      vertex   -9.191508e+001 1.470429e+002 6.295718e+001
      vertex   -9.220304e+001 1.409429e+002 6.290386e+001
      vertex   -9.191508e+001 1.409429e+002 6.295718e+001
    endloop
  endfacet
  facet normal -5.830223e-001 0.000000e+000 8.124562e-001
    outer loop
      vertex   -9.354291e+001 9.824289e+001 6.233302e+001
      vertex   -9.354291e+001 1.043429e+002 6.233302e+001
      vertex   -9.378084e+001 9.824289e+001 6.216228e+001
    endloop
  endfacet
  facet normal -5.830223e-001 0.000000e+000 8.124562e-001
    outer loop
      vertex   -9.354291e+001 1.043429e+002 6.233302e+001
      vertex   -9.354291e+001 1.104429e+002 6.233302e+001
      vertex   -9.378084e+001 1.043429e+002 6.216228e+001
    endloop
  endfacet
  facet normal -5.830223e-001 0.000000e+000 8.124562e-001
    outer loop
      vertex   -9.354291e+001 1.104429e+002 6.233302e+001
      vertex   -9.354291e+001 1.165429e+002 6.233302e+001
      vertex   -9.378084e+001 1.104429e+002 6.216228e+001
    endloop
  endfacet
  facet normal -5.830223e-001 0.000000e+000 8.124562e-001
    outer loop
      vertex   -9.354291e+001 1.165429e+002 6.233302e+001
      vertex   -9.354291e+001 1.226429e+002 6.233302e+001
      vertex   -9.378084e+001 1.165429e+002 6.216228e+001
    endloop
  endfacet
  facet normal -5.830223e-001 0.000000e+000 8.124562e-001
    outer loop
      vertex   -9.354291e+001 1.226429e+002 6.233302e+001
      vertex   -9.354291e+001 1.287429e+002 6.233302e+001
      vertex   -9.378084e+001 1.226429e+002 6.216228e+001
    endloop
  endfacet
  facet normal -5.830223e-001 0.000000e+000 8.124562e-001
    outer loop
      vertex   -9.354291e+001 1.287429e+002 6.233302e+001
      vertex   -9.354291e+001 1.348429e+002 6.233302e+001
      vertex   -9.378084e+001 1.287429e+002 6.216228e+001
    endloop
  endfacet
  facet normal -5.830223e-001 0.000000e+000 8.124562e-001
    outer loop
      vertex   -9.354291e+001 1.348429e+002 6.233302e+001
      vertex   -9.354291e+001 1.409429e+002 6.233302e+001
      vertex   -9.378084e+001 1.348429e+002 6.216228e+001
    endloop
  endfacet
  facet normal -5.830223e-001 0.000000e+000 8.124562e-001
    outer loop
      vertex   -9.354291e+001 1.531429e+002 6.233302e+001
      vertex   -9.378084e+001 1.470429e+002 6.216228e+001
      vertex   -9.354291e+001 1.470429e+002 6.233302e+001
    endloop
  endfacet
  facet normal -5.830223e-001 0.000000e+000 8.124562e-001
    outer loop
      vertex   -9.354291e+001 1.653429e+002 6.233302e+001
      vertex   -9.378084e+001 1.592429e+002 6.216228e+001
      vertex   -9.354291e+001 1.592429e+002 6.233302e+001
    endloop
  endfacet
  facet normal -5.220179e-001 0.000000e+000 8.529346e-001
    outer loop
      vertex   -9.329313e+001 1.653429e+002 6.248589e+001
      vertex   -9.354291e+001 1.592429e+002 6.233302e+001
      vertex   -9.329313e+001 1.592429e+002 6.248589e+001
    endloop
  endfacet
  facet normal -4.582154e-001 0.000000e+000 8.888412e-001
    outer loop
      vertex   -9.303283e+001 1.653429e+002 6.262008e+001
      vertex   -9.329313e+001 1.592429e+002 6.248589e+001
      vertex   -9.303283e+001 1.592429e+002 6.262008e+001
    endloop
  endfacet
  facet normal -3.919569e-001 0.000000e+000 9.199836e-001
    outer loop
      vertex   -9.276342e+001 1.653429e+002 6.273486e+001
      vertex   -9.303283e+001 1.653429e+002 6.262008e+001
      vertex   -9.303283e+001 1.592429e+002 6.262008e+001
    endloop
  endfacet
  facet normal -3.919569e-001 0.000000e+000 9.199836e-001
    outer loop
      vertex   -9.276342e+001 1.653429e+002 6.273486e+001
      vertex   -9.276342e+001 1.714429e+002 6.273486e+001
      vertex   -9.303283e+001 1.653429e+002 6.262008e+001
    endloop
  endfacet
  facet normal -3.235974e-001 0.000000e+000 9.461949e-001
    outer loop
      vertex   -9.276342e+001 1.653429e+002 6.273486e+001
      vertex   -9.248632e+001 1.714429e+002 6.282963e+001
      vertex   -9.276342e+001 1.714429e+002 6.273486e+001
    endloop
  endfacet
  facet normal -3.235974e-001 0.000000e+000 9.461949e-001
    outer loop
      vertex   -9.276342e+001 1.714429e+002 6.273486e+001
      vertex   -9.248632e+001 1.714429e+002 6.282963e+001
      vertex   -9.248632e+001 1.775429e+002 6.282963e+001
    endloop
  endfacet
  facet normal -3.235974e-001 0.000000e+000 9.461949e-001
    outer loop
      vertex   -9.276342e+001 1.775429e+002 6.273486e+001
      vertex   -9.248632e+001 1.775429e+002 6.282963e+001
      vertex   -9.248632e+001 1.836429e+002 6.282963e+001
    endloop
  endfacet
  facet normal -3.235974e-001 0.000000e+000 9.461949e-001
    outer loop
      vertex   -9.276342e+001 1.836429e+002 6.273486e+001
      vertex   -9.248632e+001 1.836429e+002 6.282963e+001
      vertex   -9.248632e+001 1.897429e+002 6.282963e+001
    endloop
  endfacet
  facet normal -3.235974e-001 0.000000e+000 9.461949e-001
    outer loop
      vertex   -9.276342e+001 1.836429e+002 6.273486e+001
      vertex   -9.276342e+001 1.775429e+002 6.273486e+001
      vertex   -9.248632e+001 1.836429e+002 6.282963e+001
    endloop
  endfacet
  facet normal -3.919569e-001 0.000000e+000 9.199836e-001
    outer loop
      vertex   -9.276342e+001 1.836429e+002 6.273486e+001
      vertex   -9.303283e+001 1.775429e+002 6.262008e+001
      vertex   -9.276342e+001 1.775429e+002 6.273486e+001
    endloop
  endfacet
  facet normal -3.919569e-001 0.000000e+000 9.199836e-001
    outer loop
      vertex   -9.276342e+001 1.775429e+002 6.273486e+001
      vertex   -9.303283e+001 1.775429e+002 6.262008e+001
      vertex   -9.303283e+001 1.714429e+002 6.262008e+001
    endloop
  endfacet
  facet normal -3.919569e-001 0.000000e+000 9.199836e-001
    outer loop
      vertex   -9.276342e+001 1.714429e+002 6.273486e+001
      vertex   -9.303283e+001 1.714429e+002 6.262008e+001
      vertex   -9.303283e+001 1.653429e+002 6.262008e+001
    endloop
  endfacet
  facet normal -3.919569e-001 0.000000e+000 9.199836e-001
    outer loop
      vertex   -9.276342e+001 1.714429e+002 6.273486e+001
      vertex   -9.276342e+001 1.775429e+002 6.273486e+001
      vertex   -9.303283e+001 1.714429e+002 6.262008e+001
    endloop
  endfacet
  facet normal -3.235974e-001 0.000000e+000 9.461949e-001
    outer loop
      vertex   -9.276342e+001 1.714429e+002 6.273486e+001
      vertex   -9.248632e+001 1.775429e+002 6.282963e+001
      vertex   -9.276342e+001 1.775429e+002 6.273486e+001
    endloop
  endfacet
  facet normal -5.830223e-001 0.000000e+000 8.124562e-001
    outer loop
      vertex   -9.354291e+001 1.714429e+002 6.233302e+001
      vertex   -9.378084e+001 1.714429e+002 6.216228e+001
      vertex   -9.378084e+001 1.653429e+002 6.216228e+001
    endloop
  endfacet
  facet normal -5.830223e-001 0.000000e+000 8.124562e-001
    outer loop
      vertex   -9.354291e+001 1.653429e+002 6.233302e+001
      vertex   -9.354291e+001 1.714429e+002 6.233302e+001
      vertex   -9.378084e+001 1.653429e+002 6.216228e+001
    endloop
  endfacet
  facet normal -5.830223e-001 0.000000e+000 8.124562e-001
    outer loop
      vertex   -9.354291e+001 1.775429e+002 6.233302e+001
      vertex   -9.378084e+001 1.775429e+002 6.216228e+001
      vertex   -9.378084e+001 1.714429e+002 6.216228e+001
    endloop
  endfacet
  facet normal -5.830223e-001 0.000000e+000 8.124562e-001
    outer loop
      vertex   -9.354291e+001 1.897429e+002 6.233302e+001
      vertex   -9.378084e+001 1.897429e+002 6.216228e+001
      vertex   -9.378084e+001 1.836429e+002 6.216228e+001
    endloop
  endfacet
  facet normal -5.830223e-001 0.000000e+000 8.124562e-001
    outer loop
      vertex   -9.354291e+001 1.836429e+002 6.233302e+001
      vertex   -9.354291e+001 1.897429e+002 6.233302e+001
      vertex   -9.378084e+001 1.836429e+002 6.216228e+001
    endloop
  endfacet
  facet normal -5.830223e-001 0.000000e+000 8.124562e-001
    outer loop
      vertex   -9.354291e+001 2.019429e+002 6.233302e+001
      vertex   -9.378084e+001 2.019429e+002 6.216228e+001
      vertex   -9.378084e+001 1.958429e+002 6.216228e+001
    endloop
  endfacet
  facet normal -5.830223e-001 0.000000e+000 8.124562e-001
    outer loop
      vertex   -9.354291e+001 1.958429e+002 6.233302e+001
      vertex   -9.354291e+001 2.019429e+002 6.233302e+001
      vertex   -9.378084e+001 1.958429e+002 6.216228e+001
    endloop
  endfacet
  facet normal -5.830223e-001 0.000000e+000 8.124562e-001
    outer loop
      vertex   -9.354291e+001 1.592429e+002 6.233302e+001
      vertex   -9.378084e+001 1.592429e+002 6.216228e+001
      vertex   -9.378084e+001 1.531429e+002 6.216228e+001
    endloop
  endfacet
  facet normal -5.220179e-001 0.000000e+000 8.529346e-001
    outer loop
      vertex   -9.329313e+001 1.043429e+002 6.248589e+001
      vertex   -9.329313e+001 1.104429e+002 6.248589e+001
      vertex   -9.354291e+001 1.043429e+002 6.233302e+001
    endloop
  endfacet
  facet normal -5.220179e-001 0.000000e+000 8.529346e-001
    outer loop
      vertex   -9.329313e+001 1.104429e+002 6.248589e+001
      vertex   -9.329313e+001 1.165429e+002 6.248589e+001
      vertex   -9.354291e+001 1.104429e+002 6.233302e+001
    endloop
  endfacet
  facet normal -5.220179e-001 0.000000e+000 8.529346e-001
    outer loop
      vertex   -9.329313e+001 1.165429e+002 6.248589e+001
      vertex   -9.329313e+001 1.226429e+002 6.248589e+001
      vertex   -9.354291e+001 1.165429e+002 6.233302e+001
    endloop
  endfacet
  facet normal -5.220179e-001 0.000000e+000 8.529346e-001
    outer loop
      vertex   -9.329313e+001 1.226429e+002 6.248589e+001
      vertex   -9.329313e+001 1.287429e+002 6.248589e+001
      vertex   -9.354291e+001 1.226429e+002 6.233302e+001
    endloop
  endfacet
  facet normal -5.220179e-001 0.000000e+000 8.529346e-001
    outer loop
      vertex   -9.329313e+001 1.287429e+002 6.248589e+001
      vertex   -9.329313e+001 1.348429e+002 6.248589e+001
      vertex   -9.354291e+001 1.287429e+002 6.233302e+001
    endloop
  endfacet
  facet normal -5.220179e-001 0.000000e+000 8.529346e-001
    outer loop
      vertex   -9.329313e+001 1.348429e+002 6.248589e+001
      vertex   -9.329313e+001 1.409429e+002 6.248589e+001
      vertex   -9.354291e+001 1.348429e+002 6.233302e+001
    endloop
  endfacet
  facet normal -5.220179e-001 0.000000e+000 8.529346e-001
    outer loop
      vertex   -9.329313e+001 1.531429e+002 6.248589e+001
      vertex   -9.354291e+001 1.470429e+002 6.233302e+001
      vertex   -9.329313e+001 1.470429e+002 6.248589e+001
    endloop
  endfacet
  facet normal -5.220179e-001 0.000000e+000 8.529346e-001
    outer loop
      vertex   -9.329313e+001 1.592429e+002 6.248589e+001
      vertex   -9.354291e+001 1.592429e+002 6.233302e+001
      vertex   -9.354291e+001 1.531429e+002 6.233302e+001
    endloop
  endfacet
  facet normal -5.220179e-001 0.000000e+000 8.529346e-001
    outer loop
      vertex   -9.329313e+001 1.714429e+002 6.248589e+001
      vertex   -9.354291e+001 1.653429e+002 6.233302e+001
      vertex   -9.329313e+001 1.653429e+002 6.248589e+001
    endloop
  endfacet
  facet normal -4.582154e-001 0.000000e+000 8.888412e-001
    outer loop
      vertex   -9.303283e+001 1.714429e+002 6.262008e+001
      vertex   -9.329313e+001 1.653429e+002 6.248589e+001
      vertex   -9.303283e+001 1.653429e+002 6.262008e+001
    endloop
  endfacet
  facet normal -4.582154e-001 0.000000e+000 8.888412e-001
    outer loop
      vertex   -9.303283e+001 1.714429e+002 6.262008e+001
      vertex   -9.329313e+001 1.714429e+002 6.248589e+001
      vertex   -9.329313e+001 1.653429e+002 6.248589e+001
    endloop
  endfacet
  facet normal -4.582154e-001 0.000000e+000 8.888412e-001
    outer loop
      vertex   -9.303283e+001 1.714429e+002 6.262008e+001
      vertex   -9.303283e+001 1.775429e+002 6.262008e+001
      vertex   -9.329313e+001 1.714429e+002 6.248589e+001
    endloop
  endfacet
  facet normal -5.220179e-001 0.000000e+000 8.529346e-001
    outer loop
      vertex   -9.329313e+001 1.775429e+002 6.248589e+001
      vertex   -9.354291e+001 1.775429e+002 6.233302e+001
      vertex   -9.354291e+001 1.714429e+002 6.233302e+001
    endloop
  endfacet
  facet normal -5.220179e-001 0.000000e+000 8.529346e-001
    outer loop
      vertex   -9.329313e+001 1.714429e+002 6.248589e+001
      vertex   -9.329313e+001 1.775429e+002 6.248589e+001
      vertex   -9.354291e+001 1.714429e+002 6.233302e+001
    endloop
  endfacet
  facet normal -5.220179e-001 0.000000e+000 8.529346e-001
    outer loop
      vertex   -9.329313e+001 1.836429e+002 6.248589e+001
      vertex   -9.354291e+001 1.836429e+002 6.233302e+001
      vertex   -9.354291e+001 1.775429e+002 6.233302e+001
    endloop
  endfacet
  facet normal -5.220179e-001 0.000000e+000 8.529346e-001
    outer loop
      vertex   -9.329313e+001 1.958429e+002 6.248589e+001
      vertex   -9.354291e+001 1.958429e+002 6.233302e+001
      vertex   -9.354291e+001 1.897429e+002 6.233302e+001
    endloop
  endfacet
  facet normal -5.220179e-001 0.000000e+000 8.529346e-001
    outer loop
      vertex   -9.329313e+001 1.897429e+002 6.248589e+001
      vertex   -9.329313e+001 1.958429e+002 6.248589e+001
      vertex   -9.354291e+001 1.897429e+002 6.233302e+001
    endloop
  endfacet
  facet normal -5.220179e-001 0.000000e+000 8.529346e-001
    outer loop
      vertex   -9.329313e+001 1.653429e+002 6.248589e+001
      vertex   -9.354291e+001 1.653429e+002 6.233302e+001
      vertex   -9.354291e+001 1.592429e+002 6.233302e+001
    endloop
  endfacet
  facet normal -5.220179e-001 0.000000e+000 8.529346e-001
    outer loop
      vertex   -9.354291e+001 9.824289e+001 6.233302e+001
      vertex   -9.329313e+001 9.824289e+001 6.248589e+001
      vertex   -9.329313e+001 1.043429e+002 6.248589e+001
    endloop
  endfacet
  facet normal -4.582154e-001 0.000000e+000 8.888412e-001
    outer loop
      vertex   -9.329313e+001 1.043429e+002 6.248589e+001
      vertex   -9.329313e+001 9.824289e+001 6.248589e+001
      vertex   -9.303283e+001 1.043429e+002 6.262008e+001
    endloop
  endfacet
  facet normal -3.919569e-001 0.000000e+000 9.199836e-001
    outer loop
      vertex   -9.303283e+001 1.104429e+002 6.262008e+001
      vertex   -9.303283e+001 1.043429e+002 6.262008e+001
      vertex   -9.276342e+001 1.104429e+002 6.273486e+001
    endloop
  endfacet
  facet normal -3.235974e-001 0.000000e+000 9.461949e-001
    outer loop
      vertex   -9.276342e+001 1.165429e+002 6.273486e+001
      vertex   -9.276342e+001 1.104429e+002 6.273486e+001
      vertex   -9.248632e+001 1.165429e+002 6.282963e+001
    endloop
  endfacet
  facet normal -2.535035e-001 0.000000e+000 9.673345e-001
    outer loop
      vertex   -9.248632e+001 1.226429e+002 6.282963e+001
      vertex   -9.248632e+001 1.165429e+002 6.282963e+001
      vertex   -9.220304e+001 1.226429e+002 6.290386e+001
    endloop
  endfacet
  facet normal -1.820508e-001 0.000000e+000 9.832891e-001
    outer loop
      vertex   -9.220304e+001 1.287429e+002 6.290386e+001
      vertex   -9.220304e+001 1.226429e+002 6.290386e+001
      vertex   -9.191508e+001 1.287429e+002 6.295718e+001
    endloop
  endfacet
  facet normal -1.096223e-001 0.000000e+000 9.939733e-001
    outer loop
      vertex   -9.191508e+001 1.348429e+002 6.295718e+001
      vertex   -9.191508e+001 1.287429e+002 6.295718e+001
      vertex   -9.162400e+001 1.348429e+002 6.298928e+001
    endloop
  endfacet
  facet normal -3.660615e-002 0.000000e+000 9.993298e-001
    outer loop
      vertex   -9.162400e+001 1.409429e+002 6.298928e+001
      vertex   -9.162400e+001 1.348429e+002 6.298928e+001
      vertex   -9.133135e+001 1.341006e+002 6.300000e+001
    endloop
  endfacet
  facet normal -1.096223e-001 0.000000e+000 9.939733e-001
    outer loop
      vertex   -9.162400e+001 1.409429e+002 6.298928e+001
      vertex   -9.191508e+001 1.348429e+002 6.295718e+001
      vertex   -9.162400e+001 1.348429e+002 6.298928e+001
    endloop
  endfacet
  facet normal -4.582154e-001 0.000000e+000 8.888412e-001
    outer loop
      vertex   -9.303283e+001 9.824289e+001 6.262008e+001
      vertex   -9.303283e+001 1.043429e+002 6.262008e+001
      vertex   -9.329313e+001 9.824289e+001 6.248589e+001
    endloop
  endfacet
  facet normal -4.582154e-001 0.000000e+000 8.888412e-001
    outer loop
      vertex   -9.303283e+001 1.043429e+002 6.262008e+001
      vertex   -9.303283e+001 1.104429e+002 6.262008e+001
      vertex   -9.329313e+001 1.043429e+002 6.248589e+001
    endloop
  endfacet
  facet normal -4.582154e-001 0.000000e+000 8.888412e-001
    outer loop
      vertex   -9.303283e+001 1.104429e+002 6.262008e+001
      vertex   -9.303283e+001 1.165429e+002 6.262008e+001
      vertex   -9.329313e+001 1.104429e+002 6.248589e+001
    endloop
  endfacet
  facet normal -4.582154e-001 0.000000e+000 8.888412e-001
    outer loop
      vertex   -9.303283e+001 1.165429e+002 6.262008e+001
      vertex   -9.303283e+001 1.226429e+002 6.262008e+001
      vertex   -9.329313e+001 1.165429e+002 6.248589e+001
    endloop
  endfacet
  facet normal -4.582154e-001 0.000000e+000 8.888412e-001
    outer loop
      vertex   -9.303283e+001 1.226429e+002 6.262008e+001
      vertex   -9.303283e+001 1.287429e+002 6.262008e+001
      vertex   -9.329313e+001 1.226429e+002 6.248589e+001
    endloop
  endfacet
  facet normal -4.582154e-001 0.000000e+000 8.888412e-001
    outer loop
      vertex   -9.303283e+001 1.287429e+002 6.262008e+001
      vertex   -9.303283e+001 1.348429e+002 6.262008e+001
      vertex   -9.329313e+001 1.287429e+002 6.248589e+001
    endloop
  endfacet
  facet normal -4.582154e-001 0.000000e+000 8.888412e-001
    outer loop
      vertex   -9.303283e+001 1.348429e+002 6.262008e+001
      vertex   -9.303283e+001 1.409429e+002 6.262008e+001
      vertex   -9.329313e+001 1.348429e+002 6.248589e+001
    endloop
  endfacet
  facet normal -4.582154e-001 0.000000e+000 8.888412e-001
    outer loop
      vertex   -9.303283e+001 1.531429e+002 6.262008e+001
      vertex   -9.329313e+001 1.470429e+002 6.248589e+001
      vertex   -9.303283e+001 1.470429e+002 6.262008e+001
    endloop
  endfacet
  facet normal -4.582154e-001 0.000000e+000 8.888412e-001
    outer loop
      vertex   -9.303283e+001 1.592429e+002 6.262008e+001
      vertex   -9.329313e+001 1.592429e+002 6.248589e+001
      vertex   -9.329313e+001 1.531429e+002 6.248589e+001
    endloop
  endfacet
  facet normal -4.582154e-001 0.000000e+000 8.888412e-001
    outer loop
      vertex   -9.303283e+001 1.653429e+002 6.262008e+001
      vertex   -9.329313e+001 1.653429e+002 6.248589e+001
      vertex   -9.329313e+001 1.592429e+002 6.248589e+001
    endloop
  endfacet
  facet normal -4.582154e-001 0.000000e+000 8.888412e-001
    outer loop
      vertex   -9.303283e+001 1.836429e+002 6.262008e+001
      vertex   -9.329313e+001 1.836429e+002 6.248589e+001
      vertex   -9.329313e+001 1.775429e+002 6.248589e+001
    endloop
  endfacet
  facet normal -4.582154e-001 0.000000e+000 8.888412e-001
    outer loop
      vertex   -9.303283e+001 1.775429e+002 6.262008e+001
      vertex   -9.303283e+001 1.836429e+002 6.262008e+001
      vertex   -9.329313e+001 1.775429e+002 6.248589e+001
    endloop
  endfacet
  facet normal -4.582154e-001 0.000000e+000 8.888412e-001
    outer loop
      vertex   -9.303283e+001 1.897429e+002 6.262008e+001
      vertex   -9.329313e+001 1.897429e+002 6.248589e+001
      vertex   -9.329313e+001 1.836429e+002 6.248589e+001
    endloop
  endfacet
  facet normal -4.582154e-001 0.000000e+000 8.888412e-001
    outer loop
      vertex   -9.303283e+001 2.019429e+002 6.262008e+001
      vertex   -9.329313e+001 2.019429e+002 6.248589e+001
      vertex   -9.329313e+001 1.958429e+002 6.248589e+001
    endloop
  endfacet
  facet normal -4.582154e-001 0.000000e+000 8.888412e-001
    outer loop
      vertex   -9.303283e+001 1.958429e+002 6.262008e+001
      vertex   -9.303283e+001 2.019429e+002 6.262008e+001
      vertex   -9.329313e+001 1.958429e+002 6.248589e+001
    endloop
  endfacet
  facet normal -3.919569e-001 0.000000e+000 9.199836e-001
    outer loop
      vertex   -9.276342e+001 9.824289e+001 6.273486e+001
      vertex   -9.276342e+001 1.043429e+002 6.273486e+001
      vertex   -9.303283e+001 9.824289e+001 6.262008e+001
    endloop
  endfacet
  facet normal -3.919569e-001 0.000000e+000 9.199836e-001
    outer loop
      vertex   -9.276342e+001 1.043429e+002 6.273486e+001
      vertex   -9.276342e+001 1.104429e+002 6.273486e+001
      vertex   -9.303283e+001 1.043429e+002 6.262008e+001
    endloop
  endfacet
  facet normal -3.919569e-001 0.000000e+000 9.199836e-001
    outer loop
      vertex   -9.276342e+001 1.104429e+002 6.273486e+001
      vertex   -9.276342e+001 1.165429e+002 6.273486e+001
      vertex   -9.303283e+001 1.104429e+002 6.262008e+001
    endloop
  endfacet
  facet normal -3.919569e-001 0.000000e+000 9.199836e-001
    outer loop
      vertex   -9.276342e+001 1.165429e+002 6.273486e+001
      vertex   -9.276342e+001 1.226429e+002 6.273486e+001
      vertex   -9.303283e+001 1.165429e+002 6.262008e+001
    endloop
  endfacet
  facet normal -3.919569e-001 0.000000e+000 9.199836e-001
    outer loop
      vertex   -9.276342e+001 1.226429e+002 6.273486e+001
      vertex   -9.276342e+001 1.287429e+002 6.273486e+001
      vertex   -9.303283e+001 1.226429e+002 6.262008e+001
    endloop
  endfacet
  facet normal -3.919569e-001 0.000000e+000 9.199836e-001
    outer loop
      vertex   -9.276342e+001 1.287429e+002 6.273486e+001
      vertex   -9.276342e+001 1.348429e+002 6.273486e+001
      vertex   -9.303283e+001 1.287429e+002 6.262008e+001
    endloop
  endfacet
  facet normal -3.919569e-001 0.000000e+000 9.199836e-001
    outer loop
      vertex   -9.276342e+001 1.348429e+002 6.273486e+001
      vertex   -9.276342e+001 1.409429e+002 6.273486e+001
      vertex   -9.303283e+001 1.348429e+002 6.262008e+001
    endloop
  endfacet
  facet normal -3.919569e-001 0.000000e+000 9.199836e-001
    outer loop
      vertex   -9.276342e+001 1.531429e+002 6.273486e+001
      vertex   -9.303283e+001 1.470429e+002 6.262008e+001
      vertex   -9.276342e+001 1.470429e+002 6.273486e+001
    endloop
  endfacet
  facet normal -3.919569e-001 0.000000e+000 9.199836e-001
    outer loop
      vertex   -9.276342e+001 1.897429e+002 6.273486e+001
      vertex   -9.303283e+001 1.897429e+002 6.262008e+001
      vertex   -9.303283e+001 1.836429e+002 6.262008e+001
    endloop
  endfacet
  facet normal -3.919569e-001 0.000000e+000 9.199836e-001
    outer loop
      vertex   -9.276342e+001 1.836429e+002 6.273486e+001
      vertex   -9.276342e+001 1.897429e+002 6.273486e+001
      vertex   -9.303283e+001 1.836429e+002 6.262008e+001
    endloop
  endfacet
  facet normal -3.919569e-001 0.000000e+000 9.199836e-001
    outer loop
      vertex   -9.276342e+001 1.958429e+002 6.273486e+001
      vertex   -9.303283e+001 1.958429e+002 6.262008e+001
      vertex   -9.303283e+001 1.897429e+002 6.262008e+001
    endloop
  endfacet
  facet normal -3.235974e-001 0.000000e+000 9.461949e-001
    outer loop
      vertex   -9.248632e+001 9.824289e+001 6.282963e+001
      vertex   -9.248632e+001 1.043429e+002 6.282963e+001
      vertex   -9.276342e+001 9.824289e+001 6.273486e+001
    endloop
  endfacet
  facet normal -3.235974e-001 0.000000e+000 9.461949e-001
    outer loop
      vertex   -9.248632e+001 1.165429e+002 6.282963e+001
      vertex   -9.276342e+001 1.104429e+002 6.273486e+001
      vertex   -9.248632e+001 1.104429e+002 6.282963e+001
    endloop
  endfacet
  facet normal -3.235974e-001 0.000000e+000 9.461949e-001
    outer loop
      vertex   -9.248632e+001 1.226429e+002 6.282963e+001
      vertex   -9.276342e+001 1.165429e+002 6.273486e+001
      vertex   -9.248632e+001 1.165429e+002 6.282963e+001
    endloop
  endfacet
  facet normal -3.235974e-001 0.000000e+000 9.461949e-001
    outer loop
      vertex   -9.248632e+001 1.287429e+002 6.282963e+001
      vertex   -9.276342e+001 1.226429e+002 6.273486e+001
      vertex   -9.248632e+001 1.226429e+002 6.282963e+001
    endloop
  endfacet
  facet normal -3.235974e-001 0.000000e+000 9.461949e-001
    outer loop
      vertex   -9.248632e+001 1.348429e+002 6.282963e+001
      vertex   -9.276342e+001 1.287429e+002 6.273486e+001
      vertex   -9.248632e+001 1.287429e+002 6.282963e+001
    endloop
  endfacet
  facet normal -3.235974e-001 0.000000e+000 9.461949e-001
    outer loop
      vertex   -9.248632e+001 1.409429e+002 6.282963e+001
      vertex   -9.276342e+001 1.348429e+002 6.273486e+001
      vertex   -9.248632e+001 1.348429e+002 6.282963e+001
    endloop
  endfacet
  facet normal -3.235974e-001 0.000000e+000 9.461949e-001
    outer loop
      vertex   -9.248632e+001 1.531429e+002 6.282963e+001
      vertex   -9.276342e+001 1.470429e+002 6.273486e+001
      vertex   -9.248632e+001 1.470429e+002 6.282963e+001
    endloop
  endfacet
  facet normal -3.235974e-001 0.000000e+000 9.461949e-001
    outer loop
      vertex   -9.248632e+001 1.653429e+002 6.282963e+001
      vertex   -9.276342e+001 1.653429e+002 6.273486e+001
      vertex   -9.276342e+001 1.592429e+002 6.273486e+001
    endloop
  endfacet
  facet normal -3.235974e-001 0.000000e+000 9.461949e-001
    outer loop
      vertex   -9.248632e+001 1.592429e+002 6.282963e+001
      vertex   -9.276342e+001 1.592429e+002 6.273486e+001
      vertex   -9.276342e+001 1.531429e+002 6.273486e+001
    endloop
  endfacet
  facet normal -3.235974e-001 0.000000e+000 9.461949e-001
    outer loop
      vertex   -9.248632e+001 1.592429e+002 6.282963e+001
      vertex   -9.248632e+001 1.653429e+002 6.282963e+001
      vertex   -9.276342e+001 1.592429e+002 6.273486e+001
    endloop
  endfacet
  facet normal -2.535035e-001 0.000000e+000 9.673345e-001
    outer loop
      vertex   -9.248632e+001 1.592429e+002 6.282963e+001
      vertex   -9.220304e+001 1.653429e+002 6.290386e+001
      vertex   -9.248632e+001 1.653429e+002 6.282963e+001
    endloop
  endfacet
  facet normal -2.535035e-001 0.000000e+000 9.673345e-001
    outer loop
      vertex   -9.248632e+001 1.592429e+002 6.282963e+001
      vertex   -9.220304e+001 1.592429e+002 6.290386e+001
      vertex   -9.220304e+001 1.653429e+002 6.290386e+001
    endloop
  endfacet
  facet normal -2.535035e-001 0.000000e+000 9.673345e-001
    outer loop
      vertex   -9.248632e+001 1.592429e+002 6.282963e+001
      vertex   -9.248632e+001 1.531429e+002 6.282963e+001
      vertex   -9.220304e+001 1.592429e+002 6.290386e+001
    endloop
  endfacet
  facet normal -3.235974e-001 0.000000e+000 9.461949e-001
    outer loop
      vertex   -9.248632e+001 1.958429e+002 6.282963e+001
      vertex   -9.276342e+001 1.958429e+002 6.273486e+001
      vertex   -9.276342e+001 1.897429e+002 6.273486e+001
    endloop
  endfacet
  facet normal -3.235974e-001 0.000000e+000 9.461949e-001
    outer loop
      vertex   -9.248632e+001 1.897429e+002 6.282963e+001
      vertex   -9.248632e+001 1.958429e+002 6.282963e+001
      vertex   -9.276342e+001 1.897429e+002 6.273486e+001
    endloop
  endfacet
  facet normal -3.235974e-001 0.000000e+000 9.461949e-001
    outer loop
      vertex   -9.248632e+001 2.019429e+002 6.282963e+001
      vertex   -9.276342e+001 2.019429e+002 6.273486e+001
      vertex   -9.276342e+001 1.958429e+002 6.273486e+001
    endloop
  endfacet
  facet normal -2.535035e-001 0.000000e+000 9.673345e-001
    outer loop
      vertex   -9.220304e+001 1.104429e+002 6.290386e+001
      vertex   -9.248632e+001 1.043429e+002 6.282963e+001
      vertex   -9.220304e+001 1.043429e+002 6.290386e+001
    endloop
  endfacet
  facet normal -1.820508e-001 0.000000e+000 9.832891e-001
    outer loop
      vertex   -9.191508e+001 1.104429e+002 6.295718e+001
      vertex   -9.220304e+001 1.043429e+002 6.290386e+001
      vertex   -9.191508e+001 1.043429e+002 6.295718e+001
    endloop
  endfacet
  facet normal -1.820508e-001 0.000000e+000 9.832891e-001
    outer loop
      vertex   -9.191508e+001 1.104429e+002 6.295718e+001
      vertex   -9.220304e+001 1.104429e+002 6.290386e+001
      vertex   -9.220304e+001 1.043429e+002 6.290386e+001
    endloop
  endfacet
  facet normal -1.820508e-001 0.000000e+000 9.832891e-001
    outer loop
      vertex   -9.191508e+001 1.104429e+002 6.295718e+001
      vertex   -9.191508e+001 1.165429e+002 6.295718e+001
      vertex   -9.220304e+001 1.104429e+002 6.290386e+001
    endloop
  endfacet
  facet normal -1.096223e-001 0.000000e+000 9.939733e-001
    outer loop
      vertex   -9.191508e+001 1.104429e+002 6.295718e+001
      vertex   -9.162400e+001 1.165429e+002 6.298928e+001
      vertex   -9.191508e+001 1.165429e+002 6.295718e+001
    endloop
  endfacet
  facet normal -1.096223e-001 0.000000e+000 9.939733e-001
    outer loop
      vertex   -9.191508e+001 1.165429e+002 6.295718e+001
      vertex   -9.162400e+001 1.165429e+002 6.298928e+001
      vertex   -9.162400e+001 1.226429e+002 6.298928e+001
    endloop
  endfacet
  facet normal -2.535035e-001 0.000000e+000 9.673345e-001
    outer loop
      vertex   -9.220304e+001 1.226429e+002 6.290386e+001
      vertex   -9.248632e+001 1.165429e+002 6.282963e+001
      vertex   -9.220304e+001 1.165429e+002 6.290386e+001
    endloop
  endfacet
  facet normal -2.535035e-001 0.000000e+000 9.673345e-001
    outer loop
      vertex   -9.220304e+001 1.287429e+002 6.290386e+001
      vertex   -9.248632e+001 1.226429e+002 6.282963e+001
      vertex   -9.220304e+001 1.226429e+002 6.290386e+001
    endloop
  endfacet
  facet normal -2.535035e-001 0.000000e+000 9.673345e-001
    outer loop
      vertex   -9.220304e+001 1.348429e+002 6.290386e+001
      vertex   -9.248632e+001 1.287429e+002 6.282963e+001
      vertex   -9.220304e+001 1.287429e+002 6.290386e+001
    endloop
  endfacet
  facet normal -2.535035e-001 0.000000e+000 9.673345e-001
    outer loop
      vertex   -9.220304e+001 1.409429e+002 6.290386e+001
      vertex   -9.248632e+001 1.348429e+002 6.282963e+001
      vertex   -9.220304e+001 1.348429e+002 6.290386e+001
    endloop
  endfacet
  facet normal -2.535035e-001 0.000000e+000 9.673345e-001
    outer loop
      vertex   -9.220304e+001 1.531429e+002 6.290386e+001
      vertex   -9.248632e+001 1.470429e+002 6.282963e+001
      vertex   -9.220304e+001 1.470429e+002 6.290386e+001
    endloop
  endfacet
  facet normal -2.535035e-001 0.000000e+000 9.673345e-001
    outer loop
      vertex   -9.220304e+001 1.714429e+002 6.290386e+001
      vertex   -9.248632e+001 1.714429e+002 6.282963e+001
      vertex   -9.248632e+001 1.653429e+002 6.282963e+001
    endloop
  endfacet
  facet normal -2.535035e-001 0.000000e+000 9.673345e-001
    outer loop
      vertex   -9.220304e+001 1.653429e+002 6.290386e+001
      vertex   -9.220304e+001 1.714429e+002 6.290386e+001
      vertex   -9.248632e+001 1.653429e+002 6.282963e+001
    endloop
  endfacet
  facet normal -1.820508e-001 0.000000e+000 9.832891e-001
    outer loop
      vertex   -9.220304e+001 1.653429e+002 6.290386e+001
      vertex   -9.191508e+001 1.714429e+002 6.295718e+001
      vertex   -9.220304e+001 1.714429e+002 6.290386e+001
    endloop
  endfacet
  facet normal -1.820508e-001 0.000000e+000 9.832891e-001
    outer loop
      vertex   -9.220304e+001 1.653429e+002 6.290386e+001
      vertex   -9.191508e+001 1.653429e+002 6.295718e+001
      vertex   -9.191508e+001 1.714429e+002 6.295718e+001
    endloop
  endfacet
  facet normal -1.820508e-001 0.000000e+000 9.832891e-001
    outer loop
      vertex   -9.220304e+001 1.653429e+002 6.290386e+001
      vertex   -9.220304e+001 1.592429e+002 6.290386e+001
      vertex   -9.191508e+001 1.653429e+002 6.295718e+001
    endloop
  endfacet
  facet normal -1.820508e-001 0.000000e+000 9.832891e-001
    outer loop
      vertex   -9.191508e+001 1.653429e+002 6.295718e+001
      vertex   -9.220304e+001 1.592429e+002 6.290386e+001
      vertex   -9.191508e+001 1.592429e+002 6.295718e+001
    endloop
  endfacet
  facet normal -1.096223e-001 0.000000e+000 9.939733e-001
    outer loop
      vertex   -9.162400e+001 1.653429e+002 6.298928e+001
      vertex   -9.191508e+001 1.592429e+002 6.295718e+001
      vertex   -9.162400e+001 1.592429e+002 6.298928e+001
    endloop
  endfacet
  facet normal -1.096223e-001 0.000000e+000 9.939733e-001
    outer loop
      vertex   -9.162400e+001 1.653429e+002 6.298928e+001
      vertex   -9.191508e+001 1.653429e+002 6.295718e+001
      vertex   -9.191508e+001 1.592429e+002 6.295718e+001
    endloop
  endfacet
  facet normal -1.096223e-001 0.000000e+000 9.939733e-001
    outer loop
      vertex   -9.162400e+001 1.653429e+002 6.298928e+001
      vertex   -9.162400e+001 1.714429e+002 6.298928e+001
      vertex   -9.191508e+001 1.653429e+002 6.295718e+001
    endloop
  endfacet
  facet normal -1.096223e-001 0.000000e+000 9.939733e-001
    outer loop
      vertex   -9.191508e+001 1.653429e+002 6.295718e+001
      vertex   -9.162400e+001 1.714429e+002 6.298928e+001
      vertex   -9.191508e+001 1.714429e+002 6.295718e+001
    endloop
  endfacet
  facet normal -1.096223e-001 0.000000e+000 9.939733e-001
    outer loop
      vertex   -9.191508e+001 1.714429e+002 6.295718e+001
      vertex   -9.162400e+001 1.714429e+002 6.298928e+001
      vertex   -9.162400e+001 1.775429e+002 6.298928e+001
    endloop
  endfacet
  facet normal -1.096223e-001 0.000000e+000 9.939733e-001
    outer loop
      vertex   -9.191508e+001 1.775429e+002 6.295718e+001
      vertex   -9.162400e+001 1.775429e+002 6.298928e+001
      vertex   -9.162400e+001 1.836429e+002 6.298928e+001
    endloop
  endfacet
  facet normal -1.096223e-001 0.000000e+000 9.939733e-001
    outer loop
      vertex   -9.191508e+001 1.836429e+002 6.295718e+001
      vertex   -9.191508e+001 1.775429e+002 6.295718e+001
      vertex   -9.162400e+001 1.836429e+002 6.298928e+001
    endloop
  endfacet
  facet normal -2.535035e-001 0.000000e+000 9.673345e-001
    outer loop
      vertex   -9.248632e+001 1.714429e+002 6.282963e+001
      vertex   -9.220304e+001 1.775429e+002 6.290386e+001
      vertex   -9.248632e+001 1.775429e+002 6.282963e+001
    endloop
  endfacet
  facet normal -2.535035e-001 0.000000e+000 9.673345e-001
    outer loop
      vertex   -9.248632e+001 1.775429e+002 6.282963e+001
      vertex   -9.220304e+001 1.775429e+002 6.290386e+001
      vertex   -9.220304e+001 1.836429e+002 6.290386e+001
    endloop
  endfacet
  facet normal -2.535035e-001 0.000000e+000 9.673345e-001
    outer loop
      vertex   -9.248632e+001 1.836429e+002 6.282963e+001
      vertex   -9.220304e+001 1.836429e+002 6.290386e+001
      vertex   -9.220304e+001 1.897429e+002 6.290386e+001
    endloop
  endfacet
  facet normal -2.535035e-001 0.000000e+000 9.673345e-001
    outer loop
      vertex   -9.248632e+001 1.897429e+002 6.282963e+001
      vertex   -9.220304e+001 1.897429e+002 6.290386e+001
      vertex   -9.220304e+001 1.958429e+002 6.290386e+001
    endloop
  endfacet
  facet normal -2.535035e-001 0.000000e+000 9.673345e-001
    outer loop
      vertex   -9.248632e+001 1.897429e+002 6.282963e+001
      vertex   -9.248632e+001 1.836429e+002 6.282963e+001
      vertex   -9.220304e+001 1.897429e+002 6.290386e+001
    endloop
  endfacet
  facet normal -2.535035e-001 0.000000e+000 9.673345e-001
    outer loop
      vertex   -9.248632e+001 1.836429e+002 6.282963e+001
      vertex   -9.248632e+001 1.775429e+002 6.282963e+001
      vertex   -9.220304e+001 1.836429e+002 6.290386e+001
    endloop
  endfacet
  facet normal -2.535035e-001 0.000000e+000 9.673345e-001
    outer loop
      vertex   -9.220304e+001 2.019429e+002 6.290386e+001
      vertex   -9.248632e+001 2.019429e+002 6.282963e+001
      vertex   -9.248632e+001 1.958429e+002 6.282963e+001
    endloop
  endfacet
  facet normal -2.535035e-001 0.000000e+000 9.673345e-001
    outer loop
      vertex   -9.220304e+001 1.958429e+002 6.290386e+001
      vertex   -9.220304e+001 2.019429e+002 6.290386e+001
      vertex   -9.248632e+001 1.958429e+002 6.282963e+001
    endloop
  endfacet
  facet normal -2.535035e-001 0.000000e+000 9.673345e-001
    outer loop
      vertex   -9.220304e+001 2.080429e+002 6.290386e+001
      vertex   -9.248632e+001 2.080429e+002 6.282963e+001
      vertex   -9.248632e+001 2.019429e+002 6.282963e+001
    endloop
  endfacet
  facet normal -1.820508e-001 0.000000e+000 9.832891e-001
    outer loop
      vertex   -9.191508e+001 1.287429e+002 6.295718e+001
      vertex   -9.220304e+001 1.226429e+002 6.290386e+001
      vertex   -9.191508e+001 1.226429e+002 6.295718e+001
    endloop
  endfacet
  facet normal -1.820508e-001 0.000000e+000 9.832891e-001
    outer loop
      vertex   -9.191508e+001 1.348429e+002 6.295718e+001
      vertex   -9.220304e+001 1.287429e+002 6.290386e+001
      vertex   -9.191508e+001 1.287429e+002 6.295718e+001
    endloop
  endfacet
  facet normal -1.820508e-001 0.000000e+000 9.832891e-001
    outer loop
      vertex   -9.191508e+001 1.409429e+002 6.295718e+001
      vertex   -9.220304e+001 1.348429e+002 6.290386e+001
      vertex   -9.191508e+001 1.348429e+002 6.295718e+001
    endloop
  endfacet
  facet normal -1.820508e-001 0.000000e+000 9.832891e-001
    outer loop
      vertex   -9.191508e+001 1.531429e+002 6.295718e+001
      vertex   -9.220304e+001 1.470429e+002 6.290386e+001
      vertex   -9.191508e+001 1.470429e+002 6.295718e+001
    endloop
  endfacet
  facet normal -1.820508e-001 0.000000e+000 9.832891e-001
    outer loop
      vertex   -9.191508e+001 1.592429e+002 6.295718e+001
      vertex   -9.220304e+001 1.592429e+002 6.290386e+001
      vertex   -9.220304e+001 1.531429e+002 6.290386e+001
    endloop
  endfacet
  facet normal -1.820508e-001 0.000000e+000 9.832891e-001
    outer loop
      vertex   -9.191508e+001 1.775429e+002 6.295718e+001
      vertex   -9.220304e+001 1.775429e+002 6.290386e+001
      vertex   -9.220304e+001 1.714429e+002 6.290386e+001
    endloop
  endfacet
  facet normal -1.820508e-001 0.000000e+000 9.832891e-001
    outer loop
      vertex   -9.191508e+001 1.714429e+002 6.295718e+001
      vertex   -9.191508e+001 1.775429e+002 6.295718e+001
      vertex   -9.220304e+001 1.714429e+002 6.290386e+001
    endloop
  endfacet
  facet normal -1.096223e-001 0.000000e+000 9.939733e-001
    outer loop
      vertex   -9.191508e+001 1.714429e+002 6.295718e+001
      vertex   -9.162400e+001 1.775429e+002 6.298928e+001
      vertex   -9.191508e+001 1.775429e+002 6.295718e+001
    endloop
  endfacet
  facet normal -1.820508e-001 0.000000e+000 9.832891e-001
    outer loop
      vertex   -9.220304e+001 1.775429e+002 6.290386e+001
      vertex   -9.191508e+001 1.836429e+002 6.295718e+001
      vertex   -9.220304e+001 1.836429e+002 6.290386e+001
    endloop
  endfacet
  facet normal -1.820508e-001 0.000000e+000 9.832891e-001
    outer loop
      vertex   -9.220304e+001 1.836429e+002 6.290386e+001
      vertex   -9.191508e+001 1.836429e+002 6.295718e+001
      vertex   -9.191508e+001 1.897429e+002 6.295718e+001
    endloop
  endfacet
  facet normal -1.820508e-001 0.000000e+000 9.832891e-001
    outer loop
      vertex   -9.220304e+001 1.897429e+002 6.290386e+001
      vertex   -9.191508e+001 1.897429e+002 6.295718e+001
      vertex   -9.191508e+001 1.958429e+002 6.295718e+001
    endloop
  endfacet
  facet normal -1.820508e-001 0.000000e+000 9.832891e-001
    outer loop
      vertex   -9.220304e+001 1.958429e+002 6.290386e+001
      vertex   -9.191508e+001 1.958429e+002 6.295718e+001
      vertex   -9.191508e+001 2.019429e+002 6.295718e+001
    endloop
  endfacet
  facet normal -1.820508e-001 0.000000e+000 9.832891e-001
    outer loop
      vertex   -9.220304e+001 1.958429e+002 6.290386e+001
      vertex   -9.220304e+001 1.897429e+002 6.290386e+001
      vertex   -9.191508e+001 1.958429e+002 6.295718e+001
    endloop
  endfacet
  facet normal -1.820508e-001 0.000000e+000 9.832891e-001
    outer loop
      vertex   -9.220304e+001 1.897429e+002 6.290386e+001
      vertex   -9.220304e+001 1.836429e+002 6.290386e+001
      vertex   -9.191508e+001 1.897429e+002 6.295718e+001
    endloop
  endfacet
  facet normal -1.096223e-001 0.000000e+000 9.939733e-001
    outer loop
      vertex   -9.162400e+001 9.824289e+001 6.298928e+001
      vertex   -9.162400e+001 1.043429e+002 6.298928e+001
      vertex   -9.191508e+001 9.824289e+001 6.295718e+001
    endloop
  endfacet
  facet normal -1.096223e-001 0.000000e+000 9.939733e-001
    outer loop
      vertex   -9.162400e+001 1.287429e+002 6.298928e+001
      vertex   -9.191508e+001 1.226429e+002 6.295718e+001
      vertex   -9.162400e+001 1.226429e+002 6.298928e+001
    endloop
  endfacet
  facet normal -3.660615e-002 0.000000e+000 9.993298e-001
    outer loop
      vertex   -9.133135e+001 1.341006e+002 6.300000e+001
      vertex   -9.162400e+001 1.287429e+002 6.298928e+001
      vertex   -9.162400e+001 1.226429e+002 6.298928e+001
    endloop
  endfacet
  facet normal -1.096223e-001 0.000000e+000 9.939733e-001
    outer loop
      vertex   -9.162400e+001 1.348429e+002 6.298928e+001
      vertex   -9.191508e+001 1.287429e+002 6.295718e+001
      vertex   -9.162400e+001 1.287429e+002 6.298928e+001
    endloop
  endfacet
  facet normal -1.096223e-001 0.000000e+000 9.939733e-001
    outer loop
      vertex   -9.162400e+001 1.531429e+002 6.298928e+001
      vertex   -9.191508e+001 1.470429e+002 6.295718e+001
      vertex   -9.162400e+001 1.470429e+002 6.298928e+001
    endloop
  endfacet
  facet normal -1.096223e-001 0.000000e+000 9.939733e-001
    outer loop
      vertex   -9.162400e+001 1.592429e+002 6.298928e+001
      vertex   -9.191508e+001 1.592429e+002 6.295718e+001
      vertex   -9.191508e+001 1.531429e+002 6.295718e+001
    endloop
  endfacet
  facet normal -1.096223e-001 0.000000e+000 9.939733e-001
    outer loop
      vertex   -9.191508e+001 1.836429e+002 6.295718e+001
      vertex   -9.162400e+001 1.897429e+002 6.298928e+001
      vertex   -9.191508e+001 1.897429e+002 6.295718e+001
    endloop
  endfacet
  facet normal -1.096223e-001 0.000000e+000 9.939733e-001
    outer loop
      vertex   -9.191508e+001 1.897429e+002 6.295718e+001
      vertex   -9.162400e+001 1.897429e+002 6.298928e+001
      vertex   -9.162400e+001 1.958429e+002 6.298928e+001
    endloop
  endfacet
  facet normal -1.096223e-001 0.000000e+000 9.939733e-001
    outer loop
      vertex   -9.191508e+001 1.958429e+002 6.295718e+001
      vertex   -9.162400e+001 1.958429e+002 6.298928e+001
      vertex   -9.162400e+001 2.019429e+002 6.298928e+001
    endloop
  endfacet
  facet normal -1.096223e-001 0.000000e+000 9.939733e-001
    outer loop
      vertex   -9.191508e+001 2.019429e+002 6.295718e+001
      vertex   -9.162400e+001 2.019429e+002 6.298928e+001
      vertex   -9.162400e+001 2.080429e+002 6.298928e+001
    endloop
  endfacet
  facet normal -1.096223e-001 0.000000e+000 9.939733e-001
    outer loop
      vertex   -9.191508e+001 2.019429e+002 6.295718e+001
      vertex   -9.191508e+001 1.958429e+002 6.295718e+001
      vertex   -9.162400e+001 2.019429e+002 6.298928e+001
    endloop
  endfacet
  facet normal -1.096223e-001 0.000000e+000 9.939733e-001
    outer loop
      vertex   -9.191508e+001 1.958429e+002 6.295718e+001
      vertex   -9.191508e+001 1.897429e+002 6.295718e+001
      vertex   -9.162400e+001 1.958429e+002 6.298928e+001
    endloop
  endfacet
  facet normal 2.526193e-016 0.000000e+000 1.000000e+000
    outer loop
      vertex   -3.507731e+001 2.102699e+002 6.300000e+001
      vertex   -9.133135e+001 2.102699e+002 6.300000e+001
      vertex   -3.507731e+001 1.721852e+002 6.300000e+001
    endloop
  endfacet
  facet normal 2.526193e-016 0.000000e+000 1.000000e+000
    outer loop
      vertex   -3.507731e+001 1.721852e+002 6.300000e+001
      vertex   -9.133135e+001 2.102699e+002 6.300000e+001
      vertex   -9.133135e+001 1.721852e+002 6.300000e+001
    endloop
  endfacet
  facet normal 2.526193e-016 0.000000e+000 1.000000e+000
    outer loop
      vertex   -9.133135e+001 1.341006e+002 6.300000e+001
      vertex   -3.507731e+001 1.721852e+002 6.300000e+001
      vertex   -9.133135e+001 1.721852e+002 6.300000e+001
    endloop
  endfacet
  facet normal 2.526193e-016 -0.000000e+000 1.000000e+000
    outer loop
      vertex   -9.133135e+001 1.341006e+002 6.300000e+001
      vertex   -3.507731e+001 1.341006e+002 6.300000e+001
      vertex   -3.507731e+001 1.721852e+002 6.300000e+001
    endloop
  endfacet
  facet normal 2.526193e-016 3.731384e-016 1.000000e+000
    outer loop
      vertex   -9.133135e+001 1.341006e+002 6.300000e+001
      vertex   -3.507731e+001 9.601588e+001 6.300000e+001
      vertex   -3.507731e+001 1.341006e+002 6.300000e+001
    endloop
  endfacet
  facet normal -0.000000e+000 0.000000e+000 1.000000e+000
    outer loop
      vertex   -9.133135e+001 1.341006e+002 6.300000e+001
      vertex   -9.133135e+001 9.601588e+001 6.300000e+001
      vertex   -3.507731e+001 9.601588e+001 6.300000e+001
    endloop
  endfacet
  facet normal 5.822750e-004 -2.117613e-002 9.997756e-001
    outer loop
      vertex   -9.149607e+001 9.585116e+001 6.299661e+001
      vertex   -8.356797e+001 9.572322e+001 6.298928e+001
      vertex   -9.133135e+001 9.601588e+001 6.300000e+001
    endloop
  endfacet
  facet normal 0.000000e+000 -5.717870e-002 9.983640e-001
    outer loop
      vertex   -9.149607e+001 9.585116e+001 6.299661e+001
      vertex   -8.938615e+001 9.572322e+001 6.298928e+001
      vertex   -8.356797e+001 9.572322e+001 6.298928e+001
    endloop
  endfacet
  facet normal -2.620813e-004 -6.148630e-002 9.981079e-001
    outer loop
      vertex   -9.149607e+001 9.585116e+001 6.299661e+001
      vertex   -9.166050e+001 9.568672e+001 6.298643e+001
      vertex   -8.938615e+001 9.572322e+001 6.298928e+001
    endloop
  endfacet
  facet normal 4.117920e-004 -1.032033e-001 9.946602e-001
    outer loop
      vertex   -8.938615e+001 9.572322e+001 6.298928e+001
      vertex   -9.166050e+001 9.568672e+001 6.298643e+001
      vertex   -9.182438e+001 9.552284e+001 6.296950e+001
    endloop
  endfacet
  facet normal -3.313215e-004 -1.433455e-001 9.896726e-001
    outer loop
      vertex   -8.938615e+001 9.543214e+001 6.295718e+001
      vertex   -9.182438e+001 9.552284e+001 6.296950e+001
      vertex   -9.198743e+001 9.535980e+001 6.294583e+001
    endloop
  endfacet
  facet normal 5.352834e-004 -1.848175e-001 9.827727e-001
    outer loop
      vertex   -8.938615e+001 9.514418e+001 6.290386e+001
      vertex   -9.198743e+001 9.535980e+001 6.294583e+001
      vertex   -9.214936e+001 9.519787e+001 6.291546e+001
    endloop
  endfacet
  facet normal -2.677095e-004 -2.243640e-001 9.745054e-001
    outer loop
      vertex   -9.230990e+001 9.503732e+001 6.287846e+001
      vertex   -8.938615e+001 9.514418e+001 6.290386e+001
      vertex   -9.214936e+001 9.519787e+001 6.291546e+001
    endloop
  endfacet
  facet normal 8.596295e-004 -2.535034e-001 9.673341e-001
    outer loop
      vertex   -9.230990e+001 9.503732e+001 6.287846e+001
      vertex   -8.938615e+001 9.486090e+001 6.282963e+001
      vertex   -8.938615e+001 9.514418e+001 6.290386e+001
    endloop
  endfacet
  facet normal 1.351177e-004 -2.646805e-001 9.643361e-001
    outer loop
      vertex   -9.230990e+001 9.503732e+001 6.287846e+001
      vertex   -9.246878e+001 9.487844e+001 6.283487e+001
      vertex   -8.938615e+001 9.486090e+001 6.282963e+001
    endloop
  endfacet
  facet normal -1.081050e-004 -3.039446e-001 9.526897e-001
    outer loop
      vertex   -8.938615e+001 9.486090e+001 6.282963e+001
      vertex   -9.246878e+001 9.487844e+001 6.283487e+001
      vertex   -9.262574e+001 9.472149e+001 6.278478e+001
    endloop
  endfacet
  facet normal -9.923550e-005 -3.429273e-001 9.393620e-001
    outer loop
      vertex   -8.938615e+001 9.458381e+001 6.273486e+001
      vertex   -9.262574e+001 9.472149e+001 6.278478e+001
      vertex   -9.278049e+001 9.456673e+001 6.272827e+001
    endloop
  endfacet
  facet normal 1.240304e-004 -3.815110e-001 9.243643e-001
    outer loop
      vertex   -9.293279e+001 9.441443e+001 6.266543e+001
      vertex   -8.938615e+001 9.458381e+001 6.273486e+001
      vertex   -9.278049e+001 9.456673e+001 6.272827e+001
    endloop
  endfacet
  facet normal 7.086541e-004 -3.919568e-001 9.199834e-001
    outer loop
      vertex   -9.293279e+001 9.441443e+001 6.266543e+001
      vertex   -8.938615e+001 9.431439e+001 6.262008e+001
      vertex   -8.938615e+001 9.458381e+001 6.273486e+001
    endloop
  endfacet
  facet normal -2.067985e-004 -4.189776e-001 9.079965e-001
    outer loop
      vertex   -9.293279e+001 9.441443e+001 6.266543e+001
      vertex   -9.308238e+001 9.426485e+001 6.259637e+001
      vertex   -8.938615e+001 9.431439e+001 6.262008e+001
    endloop
  endfacet
  facet normal 4.419680e-004 -4.582153e-001 8.888411e-001
    outer loop
      vertex   -8.938615e+001 9.431439e+001 6.262008e+001
      vertex   -9.308238e+001 9.426485e+001 6.259637e+001
      vertex   -8.938615e+001 9.405410e+001 6.248589e+001
    endloop
  endfacet
  facet normal 0.000000e+000 -5.220179e-001 8.529346e-001
    outer loop
      vertex   -8.356797e+001 9.405410e+001 6.248589e+001
      vertex   -8.938615e+001 9.405410e+001 6.248589e+001
      vertex   -8.356797e+001 9.380431e+001 6.233302e+001
    endloop
  endfacet
  facet normal 0.000000e+000 -5.830223e-001 8.124562e-001
    outer loop
      vertex   -7.774979e+001 9.380431e+001 6.233302e+001
      vertex   -8.356797e+001 9.380431e+001 6.233302e+001
      vertex   -7.774979e+001 9.356639e+001 6.216228e+001
    endloop
  endfacet
  facet normal 0.000000e+000 -6.409017e-001 7.676230e-001
    outer loop
      vertex   -7.193160e+001 9.356639e+001 6.216228e+001
      vertex   -7.774979e+001 9.356639e+001 6.216228e+001
      vertex   -7.193160e+001 9.334159e+001 6.197459e+001
    endloop
  endfacet
  facet normal 0.000000e+000 -6.953459e-001 7.186753e-001
    outer loop
      vertex   -6.611342e+001 9.334159e+001 6.197459e+001
      vertex   -7.193160e+001 9.334159e+001 6.197459e+001
      vertex   -6.611342e+001 9.313113e+001 6.177096e+001
    endloop
  endfacet
  facet normal 0.000000e+000 -7.460629e-001 6.658754e-001
    outer loop
      vertex   -6.029524e+001 9.313113e+001 6.177096e+001
      vertex   -6.611342e+001 9.313113e+001 6.177096e+001
      vertex   -6.029524e+001 9.293613e+001 6.155247e+001
    endloop
  endfacet
  facet normal 0.000000e+000 -7.927811e-001 6.095065e-001
    outer loop
      vertex   -5.447706e+001 9.293613e+001 6.155247e+001
      vertex   -6.029524e+001 9.293613e+001 6.155247e+001
      vertex   -5.447706e+001 9.275763e+001 6.132031e+001
    endloop
  endfacet
  facet normal 0.000000e+000 -8.352499e-001 5.498706e-001
    outer loop
      vertex   -4.865888e+001 9.275763e+001 6.132031e+001
      vertex   -5.447706e+001 9.275763e+001 6.132031e+001
      vertex   -4.865888e+001 9.259660e+001 6.107571e+001
    endloop
  endfacet
  facet normal 0.000000e+000 -8.732417e-001 4.872873e-001
    outer loop
      vertex   -4.284069e+001 9.259660e+001 6.107571e+001
      vertex   -4.865888e+001 9.259660e+001 6.107571e+001
      vertex   -4.284069e+001 9.245390e+001 6.081998e+001
    endloop
  endfacet
  facet normal 5.154781e-016 -9.065529e-001 4.220922e-001
    outer loop
      vertex   -3.702251e+001 9.245390e+001 6.081998e+001
      vertex   -4.284069e+001 9.245390e+001 6.081998e+001
      vertex   -3.702251e+001 9.233029e+001 6.055450e+001
    endloop
  endfacet
  facet normal 1.488187e-004 -9.222612e-001 3.865674e-001
    outer loop
      vertex   -3.142080e+001 9.235937e+001 6.062170e+001
      vertex   -3.702251e+001 9.233029e+001 6.055450e+001
      vertex   -3.135712e+001 9.229569e+001 6.046976e+001
    endloop
  endfacet
  facet normal -3.589321e-004 -9.065529e-001 4.220922e-001
    outer loop
      vertex   -3.142080e+001 9.235937e+001 6.062170e+001
      vertex   -3.702251e+001 9.245390e+001 6.081998e+001
      vertex   -3.702251e+001 9.233029e+001 6.055450e+001
    endloop
  endfacet
  facet normal -2.737539e-004 -9.056338e-001 4.240605e-001
    outer loop
      vertex   -3.142080e+001 9.235937e+001 6.062170e+001
      vertex   -3.149069e+001 9.242925e+001 6.077090e+001
      vertex   -3.702251e+001 9.245390e+001 6.081998e+001
    endloop
  endfacet
  facet normal 1.369404e-004 -8.873204e-001 4.611534e-001
    outer loop
      vertex   -3.702251e+001 9.245390e+001 6.081998e+001
      vertex   -3.149069e+001 9.242925e+001 6.077090e+001
      vertex   -3.156665e+001 9.250522e+001 6.091709e+001
    endloop
  endfacet
  facet normal -7.808319e-005 -8.676284e-001 4.972131e-001
    outer loop
      vertex   -3.702251e+001 9.259660e+001 6.107571e+001
      vertex   -3.156665e+001 9.250522e+001 6.091709e+001
      vertex   -3.164858e+001 9.258714e+001 6.106004e+001
    endloop
  endfacet
  facet normal 6.247605e-005 -8.463791e-001 5.325809e-001
    outer loop
      vertex   -3.173631e+001 9.267488e+001 6.119948e+001
      vertex   -3.702251e+001 9.259660e+001 6.107571e+001
      vertex   -3.164858e+001 9.258714e+001 6.106004e+001
    endloop
  endfacet
  facet normal -5.071545e-004 -8.352498e-001 5.498705e-001
    outer loop
      vertex   -3.173631e+001 9.267488e+001 6.119948e+001
      vertex   -3.702251e+001 9.275763e+001 6.132031e+001
      vertex   -3.702251e+001 9.259660e+001 6.107571e+001
    endloop
  endfacet
  facet normal 6.440948e-005 -8.237279e-001 5.669853e-001
    outer loop
      vertex   -3.173631e+001 9.267488e+001 6.119948e+001
      vertex   -3.182972e+001 9.276829e+001 6.133520e+001
      vertex   -3.702251e+001 9.275763e+001 6.132031e+001
    endloop
  endfacet
  facet normal -8.049987e-005 -7.997320e-001 6.003572e-001
    outer loop
      vertex   -3.702251e+001 9.275763e+001 6.132031e+001
      vertex   -3.182972e+001 9.276829e+001 6.133520e+001
      vertex   -3.192864e+001 9.286720e+001 6.146695e+001
    endloop
  endfacet
  facet normal 1.500812e-004 -7.742406e-001 6.328914e-001
    outer loop
      vertex   -3.702251e+001 9.293613e+001 6.155247e+001
      vertex   -3.192864e+001 9.286720e+001 6.146695e+001
      vertex   -3.203290e+001 9.297146e+001 6.159452e+001
    endloop
  endfacet
  facet normal -3.000320e-004 -7.477171e-001 6.640174e-001
    outer loop
      vertex   -3.214232e+001 9.308088e+001 6.171769e+001
      vertex   -3.702251e+001 9.293613e+001 6.155247e+001
      vertex   -3.203290e+001 9.297146e+001 6.159452e+001
    endloop
  endfacet
  facet normal -4.119988e-004 -7.460629e-001 6.658754e-001
    outer loop
      vertex   -3.214232e+001 9.308088e+001 6.171769e+001
      vertex   -3.702251e+001 9.313113e+001 6.177096e+001
      vertex   -3.702251e+001 9.293613e+001 6.155247e+001
    endloop
  endfacet
  facet normal 1.734916e-004 -7.195169e-001 6.944749e-001
    outer loop
      vertex   -3.214232e+001 9.308088e+001 6.171769e+001
      vertex   -3.225672e+001 9.319529e+001 6.183624e+001
      vertex   -3.702251e+001 9.313113e+001 6.177096e+001
    endloop
  endfacet
  facet normal -4.834202e-004 -6.953458e-001 7.186752e-001
    outer loop
      vertex   -3.702251e+001 9.313113e+001 6.177096e+001
      vertex   -3.225672e+001 9.319529e+001 6.183624e+001
      vertex   -3.702251e+001 9.334159e+001 6.197459e+001
    endloop
  endfacet
  facet normal 9.374559e-016 -6.409017e-001 7.676230e-001
    outer loop
      vertex   -4.284069e+001 9.334159e+001 6.197459e+001
      vertex   -3.702251e+001 9.334159e+001 6.197459e+001
      vertex   -4.284069e+001 9.356639e+001 6.216228e+001
    endloop
  endfacet
  facet normal 0.000000e+000 -5.830223e-001 8.124562e-001
    outer loop
      vertex   -4.865888e+001 9.356639e+001 6.216228e+001
      vertex   -4.284069e+001 9.356639e+001 6.216228e+001
      vertex   -4.865888e+001 9.380431e+001 6.233302e+001
    endloop
  endfacet
  facet normal 0.000000e+000 -5.220179e-001 8.529346e-001
    outer loop
      vertex   -5.447706e+001 9.380431e+001 6.233302e+001
      vertex   -4.865888e+001 9.380431e+001 6.233302e+001
      vertex   -5.447706e+001 9.405410e+001 6.248589e+001
    endloop
  endfacet
  facet normal 0.000000e+000 -4.582154e-001 8.888412e-001
    outer loop
      vertex   -6.029524e+001 9.405410e+001 6.248589e+001
      vertex   -5.447706e+001 9.405410e+001 6.248589e+001
      vertex   -6.029524e+001 9.431439e+001 6.262008e+001
    endloop
  endfacet
  facet normal 0.000000e+000 -3.919569e-001 9.199836e-001
    outer loop
      vertex   -6.611342e+001 9.431439e+001 6.262008e+001
      vertex   -6.029524e+001 9.431439e+001 6.262008e+001
      vertex   -6.611342e+001 9.458381e+001 6.273486e+001
    endloop
  endfacet
  facet normal 0.000000e+000 -3.235974e-001 9.461949e-001
    outer loop
      vertex   -7.193160e+001 9.458381e+001 6.273486e+001
      vertex   -6.611342e+001 9.458381e+001 6.273486e+001
      vertex   -7.193160e+001 9.486090e+001 6.282963e+001
    endloop
  endfacet
  facet normal 0.000000e+000 -2.535035e-001 9.673345e-001
    outer loop
      vertex   -7.774979e+001 9.486090e+001 6.282963e+001
      vertex   -7.193160e+001 9.486090e+001 6.282963e+001
      vertex   -7.774979e+001 9.514418e+001 6.290386e+001
    endloop
  endfacet
  facet normal 0.000000e+000 -1.820508e-001 9.832891e-001
    outer loop
      vertex   -8.356797e+001 9.514418e+001 6.290386e+001
      vertex   -7.774979e+001 9.514418e+001 6.290386e+001
      vertex   -8.356797e+001 9.543214e+001 6.295718e+001
    endloop
  endfacet
  facet normal 0.000000e+000 -1.096223e-001 9.939733e-001
    outer loop
      vertex   -8.938615e+001 9.543214e+001 6.295718e+001
      vertex   -8.356797e+001 9.543214e+001 6.295718e+001
      vertex   -8.938615e+001 9.572322e+001 6.298928e+001
    endloop
  endfacet
  facet normal 9.448958e-004 -1.096222e-001 9.939729e-001
    outer loop
      vertex   -9.182438e+001 9.552284e+001 6.296950e+001
      vertex   -8.938615e+001 9.543214e+001 6.295718e+001
      vertex   -8.938615e+001 9.572322e+001 6.298928e+001
    endloop
  endfacet
  facet normal 7.729402e-004 -1.820507e-001 9.832888e-001
    outer loop
      vertex   -8.938615e+001 9.543214e+001 6.295718e+001
      vertex   -9.198743e+001 9.535980e+001 6.294583e+001
      vertex   -8.938615e+001 9.514418e+001 6.290386e+001
    endloop
  endfacet
  facet normal 0.000000e+000 -2.535035e-001 9.673345e-001
    outer loop
      vertex   -8.356797e+001 9.514418e+001 6.290386e+001
      vertex   -8.938615e+001 9.514418e+001 6.290386e+001
      vertex   -8.356797e+001 9.486090e+001 6.282963e+001
    endloop
  endfacet
  facet normal 0.000000e+000 -3.235974e-001 9.461949e-001
    outer loop
      vertex   -7.774979e+001 9.486090e+001 6.282963e+001
      vertex   -8.356797e+001 9.486090e+001 6.282963e+001
      vertex   -7.774979e+001 9.458381e+001 6.273486e+001
    endloop
  endfacet
  facet normal 0.000000e+000 -3.919569e-001 9.199836e-001
    outer loop
      vertex   -7.193160e+001 9.458381e+001 6.273486e+001
      vertex   -7.774979e+001 9.458381e+001 6.273486e+001
      vertex   -7.193160e+001 9.431439e+001 6.262008e+001
    endloop
  endfacet
  facet normal 0.000000e+000 -4.582154e-001 8.888412e-001
    outer loop
      vertex   -6.611342e+001 9.431439e+001 6.262008e+001
      vertex   -7.193160e+001 9.431439e+001 6.262008e+001
      vertex   -6.611342e+001 9.405410e+001 6.248589e+001
    endloop
  endfacet
  facet normal 0.000000e+000 -5.220179e-001 8.529346e-001
    outer loop
      vertex   -6.029524e+001 9.405410e+001 6.248589e+001
      vertex   -6.611342e+001 9.405410e+001 6.248589e+001
      vertex   -6.029524e+001 9.380431e+001 6.233302e+001
    endloop
  endfacet
  facet normal 0.000000e+000 -5.830223e-001 8.124562e-001
    outer loop
      vertex   -5.447706e+001 9.380431e+001 6.233302e+001
      vertex   -6.029524e+001 9.380431e+001 6.233302e+001
      vertex   -5.447706e+001 9.356639e+001 6.216228e+001
    endloop
  endfacet
  facet normal 0.000000e+000 -6.409017e-001 7.676230e-001
    outer loop
      vertex   -4.865888e+001 9.356639e+001 6.216228e+001
      vertex   -5.447706e+001 9.356639e+001 6.216228e+001
      vertex   -4.865888e+001 9.334159e+001 6.197459e+001
    endloop
  endfacet
  facet normal 0.000000e+000 -6.953459e-001 7.186753e-001
    outer loop
      vertex   -4.284069e+001 9.334159e+001 6.197459e+001
      vertex   -4.865888e+001 9.334159e+001 6.197459e+001
      vertex   -4.284069e+001 9.313113e+001 6.177096e+001
    endloop
  endfacet
  facet normal 8.131973e-016 -7.460629e-001 6.658754e-001
    outer loop
      vertex   -3.702251e+001 9.313113e+001 6.177096e+001
      vertex   -4.284069e+001 9.313113e+001 6.177096e+001
      vertex   -3.702251e+001 9.293613e+001 6.155247e+001
    endloop
  endfacet
  facet normal 8.755830e-016 -6.953459e-001 7.186753e-001
    outer loop
      vertex   -3.702251e+001 9.313113e+001 6.177096e+001
      vertex   -4.284069e+001 9.334159e+001 6.197459e+001
      vertex   -4.284069e+001 9.313113e+001 6.177096e+001
    endloop
  endfacet
  facet normal 8.776788e-016 -6.953459e-001 7.186753e-001
    outer loop
      vertex   -3.702251e+001 9.313113e+001 6.177096e+001
      vertex   -3.702251e+001 9.334159e+001 6.197459e+001
      vertex   -4.284069e+001 9.334159e+001 6.197459e+001
    endloop
  endfacet
  facet normal 8.275492e-004 -3.235973e-001 9.461945e-001
    outer loop
      vertex   -8.938615e+001 9.486090e+001 6.282963e+001
      vertex   -9.262574e+001 9.472149e+001 6.278478e+001
      vertex   -8.938615e+001 9.458381e+001 6.273486e+001
    endloop
  endfacet
  facet normal 0.000000e+000 -3.919569e-001 9.199836e-001
    outer loop
      vertex   -8.356797e+001 9.458381e+001 6.273486e+001
      vertex   -8.938615e+001 9.458381e+001 6.273486e+001
      vertex   -8.356797e+001 9.431439e+001 6.262008e+001
    endloop
  endfacet
  facet normal 0.000000e+000 -4.582154e-001 8.888412e-001
    outer loop
      vertex   -7.774979e+001 9.431439e+001 6.262008e+001
      vertex   -8.356797e+001 9.431439e+001 6.262008e+001
      vertex   -7.774979e+001 9.405410e+001 6.248589e+001
    endloop
  endfacet
  facet normal 0.000000e+000 -5.220179e-001 8.529346e-001
    outer loop
      vertex   -7.193160e+001 9.405410e+001 6.248589e+001
      vertex   -7.774979e+001 9.405410e+001 6.248589e+001
      vertex   -7.193160e+001 9.380431e+001 6.233302e+001
    endloop
  endfacet
  facet normal 0.000000e+000 -5.830223e-001 8.124562e-001
    outer loop
      vertex   -6.611342e+001 9.380431e+001 6.233302e+001
      vertex   -7.193160e+001 9.380431e+001 6.233302e+001
      vertex   -6.611342e+001 9.356639e+001 6.216228e+001
    endloop
  endfacet
  facet normal 0.000000e+000 -6.409017e-001 7.676230e-001
    outer loop
      vertex   -6.029524e+001 9.356639e+001 6.216228e+001
      vertex   -6.611342e+001 9.356639e+001 6.216228e+001
      vertex   -6.029524e+001 9.334159e+001 6.197459e+001
    endloop
  endfacet
  facet normal 0.000000e+000 -6.953459e-001 7.186753e-001
    outer loop
      vertex   -5.447706e+001 9.334159e+001 6.197459e+001
      vertex   -6.029524e+001 9.334159e+001 6.197459e+001
      vertex   -5.447706e+001 9.313113e+001 6.177096e+001
    endloop
  endfacet
  facet normal 0.000000e+000 -7.460629e-001 6.658754e-001
    outer loop
      vertex   -4.865888e+001 9.313113e+001 6.177096e+001
      vertex   -5.447706e+001 9.313113e+001 6.177096e+001
      vertex   -4.865888e+001 9.293613e+001 6.155247e+001
    endloop
  endfacet
  facet normal 0.000000e+000 -7.927811e-001 6.095065e-001
    outer loop
      vertex   -4.284069e+001 9.293613e+001 6.155247e+001
      vertex   -4.865888e+001 9.293613e+001 6.155247e+001
      vertex   -4.284069e+001 9.275763e+001 6.132031e+001
    endloop
  endfacet
  facet normal 6.715269e-016 -8.352499e-001 5.498706e-001
    outer loop
      vertex   -3.702251e+001 9.275763e+001 6.132031e+001
      vertex   -4.284069e+001 9.275763e+001 6.132031e+001
      vertex   -3.702251e+001 9.259660e+001 6.107571e+001
    endloop
  endfacet
  facet normal 7.452637e-016 -7.927811e-001 6.095065e-001
    outer loop
      vertex   -3.702251e+001 9.275763e+001 6.132031e+001
      vertex   -4.284069e+001 9.293613e+001 6.155247e+001
      vertex   -4.284069e+001 9.275763e+001 6.132031e+001
    endloop
  endfacet
  facet normal 7.443570e-016 -7.927811e-001 6.095065e-001
    outer loop
      vertex   -3.702251e+001 9.275763e+001 6.132031e+001
      vertex   -3.702251e+001 9.293613e+001 6.155247e+001
      vertex   -4.284069e+001 9.293613e+001 6.155247e+001
    endloop
  endfacet
  facet normal -4.934053e-004 -7.927810e-001 6.095064e-001
    outer loop
      vertex   -3.702251e+001 9.275763e+001 6.132031e+001
      vertex   -3.192864e+001 9.286720e+001 6.146695e+001
      vertex   -3.702251e+001 9.293613e+001 6.155247e+001
    endloop
  endfacet
  facet normal 5.573575e-004 -4.566214e-001 8.896609e-001
    outer loop
      vertex   -9.308238e+001 9.426485e+001 6.259637e+001
      vertex   -9.322899e+001 9.411824e+001 6.252122e+001
      vertex   -8.938615e+001 9.405410e+001 6.248589e+001
    endloop
  endfacet
  facet normal -2.144724e-004 -4.922758e-001 8.704392e-001
    outer loop
      vertex   -8.938615e+001 9.405410e+001 6.248589e+001
      vertex   -9.322899e+001 9.411824e+001 6.252122e+001
      vertex   -9.337238e+001 9.397485e+001 6.244009e+001
    endloop
  endfacet
  facet normal 2.216776e-004 -5.280210e-001 8.492313e-001
    outer loop
      vertex   -8.938615e+001 9.380431e+001 6.233302e+001
      vertex   -9.337238e+001 9.397485e+001 6.244009e+001
      vertex   -9.351231e+001 9.383492e+001 6.235312e+001
    endloop
  endfacet
  facet normal -1.411041e-004 -5.622918e-001 8.269389e-001
    outer loop
      vertex   -9.364854e+001 9.369869e+001 6.226046e+001
      vertex   -8.938615e+001 9.380431e+001 6.233302e+001
      vertex   -9.351231e+001 9.383492e+001 6.235312e+001
    endloop
  endfacet
  facet normal 6.191422e-004 -5.830222e-001 8.124560e-001
    outer loop
      vertex   -9.364854e+001 9.369869e+001 6.226046e+001
      vertex   -8.938615e+001 9.356639e+001 6.216228e+001
      vertex   -8.938615e+001 9.380431e+001 6.233302e+001
    endloop
  endfacet
  facet normal 0.000000e+000 -5.959615e-001 8.030130e-001
    outer loop
      vertex   -9.364854e+001 9.369869e+001 6.226046e+001
      vertex   -9.378084e+001 9.356639e+001 6.216228e+001
      vertex   -8.938615e+001 9.356639e+001 6.216228e+001
    endloop
  endfacet
  facet normal 0.000000e+000 -6.285236e-001 7.777905e-001
    outer loop
      vertex   -8.938615e+001 9.356639e+001 6.216228e+001
      vertex   -9.378084e+001 9.356639e+001 6.216228e+001
      vertex   -9.390898e+001 9.343824e+001 6.205873e+001
    endloop
  endfacet
  facet normal -1.269706e-004 -6.599478e-001 7.513114e-001
    outer loop
      vertex   -8.938615e+001 9.334159e+001 6.197459e+001
      vertex   -9.390898e+001 9.343824e+001 6.205873e+001
      vertex   -9.403275e+001 9.331447e+001 6.194999e+001
    endloop
  endfacet
  facet normal 1.994684e-004 -6.905000e-001 7.233323e-001
    outer loop
      vertex   -9.415194e+001 9.319529e+001 6.183624e+001
      vertex   -8.938615e+001 9.334159e+001 6.197459e+001
      vertex   -9.403275e+001 9.331447e+001 6.194999e+001
    endloop
  endfacet
  facet normal 4.834202e-004 -6.953458e-001 7.186752e-001
    outer loop
      vertex   -9.415194e+001 9.319529e+001 6.183624e+001
      vertex   -8.938615e+001 9.313113e+001 6.177096e+001
      vertex   -8.938615e+001 9.334159e+001 6.197459e+001
    endloop
  endfacet
  facet normal -1.734916e-004 -7.195169e-001 6.944749e-001
    outer loop
      vertex   -9.415194e+001 9.319529e+001 6.183624e+001
      vertex   -9.426634e+001 9.308088e+001 6.171769e+001
      vertex   -8.938615e+001 9.313113e+001 6.177096e+001
    endloop
  endfacet
  facet normal 4.119988e-004 -7.460629e-001 6.658754e-001
    outer loop
      vertex   -8.938615e+001 9.313113e+001 6.177096e+001
      vertex   -9.426634e+001 9.308088e+001 6.171769e+001
      vertex   -8.938615e+001 9.293613e+001 6.155247e+001
    endloop
  endfacet
  facet normal 0.000000e+000 -7.927811e-001 6.095065e-001
    outer loop
      vertex   -8.356797e+001 9.293613e+001 6.155247e+001
      vertex   -8.938615e+001 9.293613e+001 6.155247e+001
      vertex   -8.356797e+001 9.275763e+001 6.132031e+001
    endloop
  endfacet
  facet normal 0.000000e+000 -8.352499e-001 5.498706e-001
    outer loop
      vertex   -7.774979e+001 9.275763e+001 6.132031e+001
      vertex   -8.356797e+001 9.275763e+001 6.132031e+001
      vertex   -7.774979e+001 9.259660e+001 6.107571e+001
    endloop
  endfacet
  facet normal 0.000000e+000 -8.732417e-001 4.872873e-001
    outer loop
      vertex   -7.193160e+001 9.259660e+001 6.107571e+001
      vertex   -7.774979e+001 9.259660e+001 6.107571e+001
      vertex   -7.193160e+001 9.245390e+001 6.081998e+001
    endloop
  endfacet
  facet normal 0.000000e+000 -9.065529e-001 4.220922e-001
    outer loop
      vertex   -6.611342e+001 9.245390e+001 6.081998e+001
      vertex   -7.193160e+001 9.245390e+001 6.081998e+001
      vertex   -6.611342e+001 9.233029e+001 6.055450e+001
    endloop
  endfacet
  facet normal 0.000000e+000 -9.350050e-001 3.546346e-001
    outer loop
      vertex   -6.029524e+001 9.233029e+001 6.055450e+001
      vertex   -6.611342e+001 9.233029e+001 6.055450e+001
      vertex   -6.029524e+001 9.222644e+001 6.028068e+001
    endloop
  endfacet
  facet normal 0.000000e+000 -9.584454e-001 2.852762e-001
    outer loop
      vertex   -5.447706e+001 9.222644e+001 6.028068e+001
      vertex   -6.029524e+001 9.222644e+001 6.028068e+001
      vertex   -6.320433e+001 9.214289e+001 6.000000e+001
    endloop
  endfacet
  facet normal 0.000000e+000 -9.584454e-001 2.852762e-001
    outer loop
      vertex   -4.865888e+001 9.222644e+001 6.028068e+001
      vertex   -6.320433e+001 9.214289e+001 6.000000e+001
      vertex   -3.120433e+001 9.214289e+001 6.000000e+001
    endloop
  endfacet
  facet normal 3.481970e-016 -9.584454e-001 2.852762e-001
    outer loop
      vertex   -4.284069e+001 9.222644e+001 6.028068e+001
      vertex   -3.120433e+001 9.214289e+001 6.000000e+001
      vertex   -3.702251e+001 9.222644e+001 6.028068e+001
    endloop
  endfacet
  facet normal 4.337190e-016 -9.350050e-001 3.546346e-001
    outer loop
      vertex   -4.284069e+001 9.233029e+001 6.055450e+001
      vertex   -3.702251e+001 9.222644e+001 6.028068e+001
      vertex   -3.702251e+001 9.233029e+001 6.055450e+001
    endloop
  endfacet
  facet normal 5.154781e-016 -9.065529e-001 4.220922e-001
    outer loop
      vertex   -4.284069e+001 9.245390e+001 6.081998e+001
      vertex   -4.284069e+001 9.233029e+001 6.055450e+001
      vertex   -3.702251e+001 9.233029e+001 6.055450e+001
    endloop
  endfacet
  facet normal 0.000000e+000 -9.065529e-001 4.220922e-001
    outer loop
      vertex   -4.284069e+001 9.245390e+001 6.081998e+001
      vertex   -4.865888e+001 9.245390e+001 6.081998e+001
      vertex   -4.284069e+001 9.233029e+001 6.055450e+001
    endloop
  endfacet
  facet normal 0.000000e+000 -8.732417e-001 4.872873e-001
    outer loop
      vertex   -4.284069e+001 9.245390e+001 6.081998e+001
      vertex   -4.865888e+001 9.259660e+001 6.107571e+001
      vertex   -4.865888e+001 9.245390e+001 6.081998e+001
    endloop
  endfacet
  facet normal 0.000000e+000 -8.732417e-001 4.872873e-001
    outer loop
      vertex   -4.865888e+001 9.245390e+001 6.081998e+001
      vertex   -4.865888e+001 9.259660e+001 6.107571e+001
      vertex   -5.447706e+001 9.259660e+001 6.107571e+001
    endloop
  endfacet
  facet normal 0.000000e+000 -8.732417e-001 4.872873e-001
    outer loop
      vertex   -5.447706e+001 9.245390e+001 6.081998e+001
      vertex   -5.447706e+001 9.259660e+001 6.107571e+001
      vertex   -6.029524e+001 9.259660e+001 6.107571e+001
    endloop
  endfacet
  facet normal 0.000000e+000 -8.732417e-001 4.872873e-001
    outer loop
      vertex   -6.029524e+001 9.245390e+001 6.081998e+001
      vertex   -6.029524e+001 9.259660e+001 6.107571e+001
      vertex   -6.611342e+001 9.259660e+001 6.107571e+001
    endloop
  endfacet
  facet normal 0.000000e+000 -8.732417e-001 4.872873e-001
    outer loop
      vertex   -6.611342e+001 9.245390e+001 6.081998e+001
      vertex   -6.611342e+001 9.259660e+001 6.107571e+001
      vertex   -7.193160e+001 9.259660e+001 6.107571e+001
    endloop
  endfacet
  facet normal 0.000000e+000 -8.732417e-001 4.872873e-001
    outer loop
      vertex   -7.193160e+001 9.245390e+001 6.081998e+001
      vertex   -6.611342e+001 9.245390e+001 6.081998e+001
      vertex   -7.193160e+001 9.259660e+001 6.107571e+001
    endloop
  endfacet
  facet normal 5.779593e-004 -5.220178e-001 8.529344e-001
    outer loop
      vertex   -8.938615e+001 9.405410e+001 6.248589e+001
      vertex   -9.337238e+001 9.397485e+001 6.244009e+001
      vertex   -8.938615e+001 9.380431e+001 6.233302e+001
    endloop
  endfacet
  facet normal 0.000000e+000 -5.830223e-001 8.124562e-001
    outer loop
      vertex   -8.356797e+001 9.380431e+001 6.233302e+001
      vertex   -8.938615e+001 9.380431e+001 6.233302e+001
      vertex   -8.356797e+001 9.356639e+001 6.216228e+001
    endloop
  endfacet
  facet normal 0.000000e+000 -6.409017e-001 7.676230e-001
    outer loop
      vertex   -7.774979e+001 9.356639e+001 6.216228e+001
      vertex   -8.356797e+001 9.356639e+001 6.216228e+001
      vertex   -7.774979e+001 9.334159e+001 6.197459e+001
    endloop
  endfacet
  facet normal 0.000000e+000 -6.953459e-001 7.186753e-001
    outer loop
      vertex   -7.193160e+001 9.334159e+001 6.197459e+001
      vertex   -7.774979e+001 9.334159e+001 6.197459e+001
      vertex   -7.193160e+001 9.313113e+001 6.177096e+001
    endloop
  endfacet
  facet normal 0.000000e+000 -7.460629e-001 6.658754e-001
    outer loop
      vertex   -6.611342e+001 9.313113e+001 6.177096e+001
      vertex   -7.193160e+001 9.313113e+001 6.177096e+001
      vertex   -6.611342e+001 9.293613e+001 6.155247e+001
    endloop
  endfacet
  facet normal 0.000000e+000 -7.927811e-001 6.095065e-001
    outer loop
      vertex   -6.029524e+001 9.293613e+001 6.155247e+001
      vertex   -6.611342e+001 9.293613e+001 6.155247e+001
      vertex   -6.029524e+001 9.275763e+001 6.132031e+001
    endloop
  endfacet
  facet normal 0.000000e+000 -8.352499e-001 5.498706e-001
    outer loop
      vertex   -5.447706e+001 9.275763e+001 6.132031e+001
      vertex   -6.029524e+001 9.275763e+001 6.132031e+001
      vertex   -5.447706e+001 9.259660e+001 6.107571e+001
    endloop
  endfacet
  facet normal 0.000000e+000 -8.352499e-001 5.498706e-001
    outer loop
      vertex   -4.865888e+001 9.259660e+001 6.107571e+001
      vertex   -5.447706e+001 9.275763e+001 6.132031e+001
      vertex   -5.447706e+001 9.259660e+001 6.107571e+001
    endloop
  endfacet
  facet normal 5.834896e-004 -6.409016e-001 7.676228e-001
    outer loop
      vertex   -8.938615e+001 9.356639e+001 6.216228e+001
      vertex   -9.390898e+001 9.343824e+001 6.205873e+001
      vertex   -8.938615e+001 9.334159e+001 6.197459e+001
    endloop
  endfacet
  facet normal 0.000000e+000 -6.953459e-001 7.186753e-001
    outer loop
      vertex   -8.356797e+001 9.334159e+001 6.197459e+001
      vertex   -8.938615e+001 9.334159e+001 6.197459e+001
      vertex   -8.356797e+001 9.313113e+001 6.177096e+001
    endloop
  endfacet
  facet normal 0.000000e+000 -7.460629e-001 6.658754e-001
    outer loop
      vertex   -7.774979e+001 9.313113e+001 6.177096e+001
      vertex   -8.356797e+001 9.313113e+001 6.177096e+001
      vertex   -7.774979e+001 9.293613e+001 6.155247e+001
    endloop
  endfacet
  facet normal 0.000000e+000 -7.927811e-001 6.095065e-001
    outer loop
      vertex   -7.193160e+001 9.293613e+001 6.155247e+001
      vertex   -7.774979e+001 9.293613e+001 6.155247e+001
      vertex   -7.193160e+001 9.275763e+001 6.132031e+001
    endloop
  endfacet
  facet normal 0.000000e+000 -8.352499e-001 5.498706e-001
    outer loop
      vertex   -6.611342e+001 9.275763e+001 6.132031e+001
      vertex   -7.193160e+001 9.275763e+001 6.132031e+001
      vertex   -6.611342e+001 9.259660e+001 6.107571e+001
    endloop
  endfacet
  facet normal 0.000000e+000 -8.352499e-001 5.498706e-001
    outer loop
      vertex   -6.029524e+001 9.259660e+001 6.107571e+001
      vertex   -6.611342e+001 9.275763e+001 6.132031e+001
      vertex   -6.611342e+001 9.259660e+001 6.107571e+001
    endloop
  endfacet
  facet normal 0.000000e+000 -8.352499e-001 5.498706e-001
    outer loop
      vertex   -6.029524e+001 9.259660e+001 6.107571e+001
      vertex   -6.029524e+001 9.275763e+001 6.132031e+001
      vertex   -6.611342e+001 9.275763e+001 6.132031e+001
    endloop
  endfacet
  facet normal 0.000000e+000 -8.352499e-001 5.498706e-001
    outer loop
      vertex   -6.029524e+001 9.259660e+001 6.107571e+001
      vertex   -5.447706e+001 9.259660e+001 6.107571e+001
      vertex   -6.029524e+001 9.275763e+001 6.132031e+001
    endloop
  endfacet
  facet normal 3.000320e-004 -7.477171e-001 6.640174e-001
    outer loop
      vertex   -9.426634e+001 9.308088e+001 6.171769e+001
      vertex   -9.437576e+001 9.297146e+001 6.159452e+001
      vertex   -8.938615e+001 9.293613e+001 6.155247e+001
    endloop
  endfacet
  facet normal -1.500812e-004 -7.742406e-001 6.328914e-001
    outer loop
      vertex   -8.938615e+001 9.293613e+001 6.155247e+001
      vertex   -9.437576e+001 9.297146e+001 6.159452e+001
      vertex   -9.448002e+001 9.286720e+001 6.146695e+001
    endloop
  endfacet
  facet normal 8.049987e-005 -7.997320e-001 6.003572e-001
    outer loop
      vertex   -8.938615e+001 9.275763e+001 6.132031e+001
      vertex   -9.448002e+001 9.286720e+001 6.146695e+001
      vertex   -9.457894e+001 9.276829e+001 6.133520e+001
    endloop
  endfacet
  facet normal -6.440948e-005 -8.237279e-001 5.669853e-001
    outer loop
      vertex   -9.467235e+001 9.267488e+001 6.119948e+001
      vertex   -8.938615e+001 9.275763e+001 6.132031e+001
      vertex   -9.457894e+001 9.276829e+001 6.133520e+001
    endloop
  endfacet
  facet normal 5.071545e-004 -8.352498e-001 5.498705e-001
    outer loop
      vertex   -9.467235e+001 9.267488e+001 6.119948e+001
      vertex   -8.938615e+001 9.259660e+001 6.107571e+001
      vertex   -8.938615e+001 9.275763e+001 6.132031e+001
    endloop
  endfacet
  facet normal -6.247605e-005 -8.463791e-001 5.325809e-001
    outer loop
      vertex   -9.467235e+001 9.267488e+001 6.119948e+001
      vertex   -9.476009e+001 9.258714e+001 6.106004e+001
      vertex   -8.938615e+001 9.259660e+001 6.107571e+001
    endloop
  endfacet
  facet normal 7.808319e-005 -8.676284e-001 4.972131e-001
    outer loop
      vertex   -8.938615e+001 9.259660e+001 6.107571e+001
      vertex   -9.476009e+001 9.258714e+001 6.106004e+001
      vertex   -9.484201e+001 9.250522e+001 6.091709e+001
    endloop
  endfacet
  facet normal -1.369404e-004 -8.873204e-001 4.611534e-001
    outer loop
      vertex   -8.938615e+001 9.245390e+001 6.081998e+001
      vertex   -9.484201e+001 9.250522e+001 6.091709e+001
      vertex   -9.491798e+001 9.242925e+001 6.077090e+001
    endloop
  endfacet
  facet normal 2.737539e-004 -9.056338e-001 4.240605e-001
    outer loop
      vertex   -9.498786e+001 9.235937e+001 6.062170e+001
      vertex   -8.938615e+001 9.245390e+001 6.081998e+001
      vertex   -9.491798e+001 9.242925e+001 6.077090e+001
    endloop
  endfacet
  facet normal 3.589321e-004 -9.065529e-001 4.220922e-001
    outer loop
      vertex   -9.498786e+001 9.235937e+001 6.062170e+001
      vertex   -8.938615e+001 9.233029e+001 6.055450e+001
      vertex   -8.938615e+001 9.245390e+001 6.081998e+001
    endloop
  endfacet
  facet normal -1.488187e-004 -9.222612e-001 3.865674e-001
    outer loop
      vertex   -9.498786e+001 9.235937e+001 6.062170e+001
      vertex   -9.505154e+001 9.229569e+001 6.046976e+001
      vertex   -8.938615e+001 9.233029e+001 6.055450e+001
    endloop
  endfacet
  facet normal 4.066585e-004 -9.350049e-001 3.546346e-001
    outer loop
      vertex   -8.938615e+001 9.233029e+001 6.055450e+001
      vertex   -9.505154e+001 9.229569e+001 6.046976e+001
      vertex   -8.938615e+001 9.222644e+001 6.028068e+001
    endloop
  endfacet
  facet normal 0.000000e+000 -9.523671e-001 3.049540e-001
    outer loop
      vertex   -8.356797e+001 9.222644e+001 6.028068e+001
      vertex   -8.938615e+001 9.222644e+001 6.028068e+001
      vertex   -9.515987e+001 9.218736e+001 6.015864e+001
    endloop
  endfacet
  facet normal 5.988509e-017 -9.628920e-001 2.698871e-001
    outer loop
      vertex   -6.320433e+001 9.214289e+001 6.000000e+001
      vertex   -9.515987e+001 9.218736e+001 6.015864e+001
      vertex   -9.520433e+001 9.214289e+001 6.000000e+001
    endloop
  endfacet
  facet normal 1.287233e-004 -9.558535e-001 2.938438e-001
    outer loop
      vertex   -6.320433e+001 9.214289e+001 6.000000e+001
      vertex   -8.356797e+001 9.222644e+001 6.028068e+001
      vertex   -9.515987e+001 9.218736e+001 6.015864e+001
    endloop
  endfacet
  facet normal 0.000000e+000 -9.584454e-001 2.852762e-001
    outer loop
      vertex   -6.320433e+001 9.214289e+001 6.000000e+001
      vertex   -7.774979e+001 9.222644e+001 6.028068e+001
      vertex   -8.356797e+001 9.222644e+001 6.028068e+001
    endloop
  endfacet
  facet normal 0.000000e+000 -9.584454e-001 2.852762e-001
    outer loop
      vertex   -6.320433e+001 9.214289e+001 6.000000e+001
      vertex   -7.193160e+001 9.222644e+001 6.028068e+001
      vertex   -7.774979e+001 9.222644e+001 6.028068e+001
    endloop
  endfacet
  facet normal 0.000000e+000 -9.584454e-001 2.852762e-001
    outer loop
      vertex   -6.320433e+001 9.214289e+001 6.000000e+001
      vertex   -6.611342e+001 9.222644e+001 6.028068e+001
      vertex   -7.193160e+001 9.222644e+001 6.028068e+001
    endloop
  endfacet
  facet normal 0.000000e+000 -9.584454e-001 2.852762e-001
    outer loop
      vertex   -6.320433e+001 9.214289e+001 6.000000e+001
      vertex   -6.029524e+001 9.222644e+001 6.028068e+001
      vertex   -6.611342e+001 9.222644e+001 6.028068e+001
    endloop
  endfacet
  facet normal 0.000000e+000 -9.350050e-001 3.546346e-001
    outer loop
      vertex   -6.611342e+001 9.222644e+001 6.028068e+001
      vertex   -6.029524e+001 9.222644e+001 6.028068e+001
      vertex   -6.611342e+001 9.233029e+001 6.055450e+001
    endloop
  endfacet
  facet normal 0.000000e+000 -9.065529e-001 4.220922e-001
    outer loop
      vertex   -7.193160e+001 9.233029e+001 6.055450e+001
      vertex   -6.611342e+001 9.233029e+001 6.055450e+001
      vertex   -7.193160e+001 9.245390e+001 6.081998e+001
    endloop
  endfacet
  facet normal 0.000000e+000 -8.732417e-001 4.872873e-001
    outer loop
      vertex   -7.774979e+001 9.245390e+001 6.081998e+001
      vertex   -7.193160e+001 9.245390e+001 6.081998e+001
      vertex   -7.774979e+001 9.259660e+001 6.107571e+001
    endloop
  endfacet
  facet normal 0.000000e+000 -8.352499e-001 5.498706e-001
    outer loop
      vertex   -8.356797e+001 9.259660e+001 6.107571e+001
      vertex   -7.774979e+001 9.259660e+001 6.107571e+001
      vertex   -8.356797e+001 9.275763e+001 6.132031e+001
    endloop
  endfacet
  facet normal 0.000000e+000 -7.927811e-001 6.095065e-001
    outer loop
      vertex   -8.938615e+001 9.275763e+001 6.132031e+001
      vertex   -8.356797e+001 9.275763e+001 6.132031e+001
      vertex   -8.938615e+001 9.293613e+001 6.155247e+001
    endloop
  endfacet
  facet normal 4.934053e-004 -7.927810e-001 6.095064e-001
    outer loop
      vertex   -9.448002e+001 9.286720e+001 6.146695e+001
      vertex   -8.938615e+001 9.275763e+001 6.132031e+001
      vertex   -8.938615e+001 9.293613e+001 6.155247e+001
    endloop
  endfacet
  facet normal 4.606687e-004 -8.732416e-001 4.872873e-001
    outer loop
      vertex   -8.938615e+001 9.259660e+001 6.107571e+001
      vertex   -9.484201e+001 9.250522e+001 6.091709e+001
      vertex   -8.938615e+001 9.245390e+001 6.081998e+001
    endloop
  endfacet
  facet normal 0.000000e+000 -9.065529e-001 4.220922e-001
    outer loop
      vertex   -8.356797e+001 9.245390e+001 6.081998e+001
      vertex   -8.938615e+001 9.245390e+001 6.081998e+001
      vertex   -8.356797e+001 9.233029e+001 6.055450e+001
    endloop
  endfacet
  facet normal 0.000000e+000 -9.350050e-001 3.546346e-001
    outer loop
      vertex   -7.774979e+001 9.233029e+001 6.055450e+001
      vertex   -8.356797e+001 9.233029e+001 6.055450e+001
      vertex   -7.774979e+001 9.222644e+001 6.028068e+001
    endloop
  endfacet
  facet normal 0.000000e+000 -9.350050e-001 3.546346e-001
    outer loop
      vertex   -7.193160e+001 9.222644e+001 6.028068e+001
      vertex   -7.774979e+001 9.233029e+001 6.055450e+001
      vertex   -7.774979e+001 9.222644e+001 6.028068e+001
    endloop
  endfacet
  facet normal 0.000000e+000 -9.350050e-001 3.546346e-001
    outer loop
      vertex   -7.193160e+001 9.222644e+001 6.028068e+001
      vertex   -7.193160e+001 9.233029e+001 6.055450e+001
      vertex   -7.774979e+001 9.233029e+001 6.055450e+001
    endloop
  endfacet
  facet normal 0.000000e+000 -9.350050e-001 3.546346e-001
    outer loop
      vertex   -7.193160e+001 9.222644e+001 6.028068e+001
      vertex   -6.611342e+001 9.222644e+001 6.028068e+001
      vertex   -7.193160e+001 9.233029e+001 6.055450e+001
    endloop
  endfacet
  facet normal 0.000000e+000 -9.350050e-001 3.546346e-001
    outer loop
      vertex   -7.193160e+001 9.233029e+001 6.055450e+001
      vertex   -6.611342e+001 9.222644e+001 6.028068e+001
      vertex   -6.611342e+001 9.233029e+001 6.055450e+001
    endloop
  endfacet
  facet normal 1.606779e-004 -9.374370e-001 3.481549e-001
    outer loop
      vertex   -9.505154e+001 9.229569e+001 6.046976e+001
      vertex   -9.510891e+001 9.223832e+001 6.031531e+001
      vertex   -8.938615e+001 9.222644e+001 6.028068e+001
    endloop
  endfacet
  facet normal -1.022813e-004 -9.509516e-001 3.093397e-001
    outer loop
      vertex   -8.938615e+001 9.222644e+001 6.028068e+001
      vertex   -9.510891e+001 9.223832e+001 6.031531e+001
      vertex   -9.515987e+001 9.218736e+001 6.015864e+001
    endloop
  endfacet
  facet normal 0.000000e+000 -9.584454e-001 2.852762e-001
    outer loop
      vertex   -5.447706e+001 9.222644e+001 6.028068e+001
      vertex   -6.320433e+001 9.214289e+001 6.000000e+001
      vertex   -4.865888e+001 9.222644e+001 6.028068e+001
    endloop
  endfacet
  facet normal 0.000000e+000 -9.350050e-001 3.546346e-001
    outer loop
      vertex   -5.447706e+001 9.233029e+001 6.055450e+001
      vertex   -4.865888e+001 9.222644e+001 6.028068e+001
      vertex   -4.865888e+001 9.233029e+001 6.055450e+001
    endloop
  endfacet
  facet normal 0.000000e+000 -9.065529e-001 4.220922e-001
    outer loop
      vertex   -5.447706e+001 9.245390e+001 6.081998e+001
      vertex   -4.865888e+001 9.233029e+001 6.055450e+001
      vertex   -4.865888e+001 9.245390e+001 6.081998e+001
    endloop
  endfacet
  facet normal 0.000000e+000 -8.732417e-001 4.872873e-001
    outer loop
      vertex   -5.447706e+001 9.259660e+001 6.107571e+001
      vertex   -5.447706e+001 9.245390e+001 6.081998e+001
      vertex   -4.865888e+001 9.245390e+001 6.081998e+001
    endloop
  endfacet
  facet normal -8.173472e-004 -9.629512e-001 2.696746e-001
    outer loop
      vertex   -3.120433e+001 9.214289e+001 6.000000e+001
      vertex   -3.124880e+001 9.218736e+001 6.015864e+001
      vertex   -3.702251e+001 9.222644e+001 6.028068e+001
    endloop
  endfacet
  facet normal 1.022813e-004 -9.509516e-001 3.093397e-001
    outer loop
      vertex   -3.702251e+001 9.222644e+001 6.028068e+001
      vertex   -3.124880e+001 9.218736e+001 6.015864e+001
      vertex   -3.129976e+001 9.223832e+001 6.031531e+001
    endloop
  endfacet
  facet normal -1.606779e-004 -9.374370e-001 3.481549e-001
    outer loop
      vertex   -3.135712e+001 9.229569e+001 6.046976e+001
      vertex   -3.702251e+001 9.222644e+001 6.028068e+001
      vertex   -3.129976e+001 9.223832e+001 6.031531e+001
    endloop
  endfacet
  facet normal -4.066585e-004 -9.350049e-001 3.546346e-001
    outer loop
      vertex   -3.135712e+001 9.229569e+001 6.046976e+001
      vertex   -3.702251e+001 9.233029e+001 6.055450e+001
      vertex   -3.702251e+001 9.222644e+001 6.028068e+001
    endloop
  endfacet
  facet normal -4.606687e-004 -8.732416e-001 4.872873e-001
    outer loop
      vertex   -3.702251e+001 9.245390e+001 6.081998e+001
      vertex   -3.156665e+001 9.250522e+001 6.091709e+001
      vertex   -3.702251e+001 9.259660e+001 6.107571e+001
    endloop
  endfacet
  facet normal 6.715269e-016 -8.352499e-001 5.498706e-001
    outer loop
      vertex   -4.284069e+001 9.259660e+001 6.107571e+001
      vertex   -3.702251e+001 9.259660e+001 6.107571e+001
      vertex   -4.284069e+001 9.275763e+001 6.132031e+001
    endloop
  endfacet
  facet normal 0.000000e+000 -7.927811e-001 6.095065e-001
    outer loop
      vertex   -4.865888e+001 9.275763e+001 6.132031e+001
      vertex   -4.284069e+001 9.275763e+001 6.132031e+001
      vertex   -4.865888e+001 9.293613e+001 6.155247e+001
    endloop
  endfacet
  facet normal 0.000000e+000 -7.460629e-001 6.658754e-001
    outer loop
      vertex   -5.447706e+001 9.293613e+001 6.155247e+001
      vertex   -4.865888e+001 9.293613e+001 6.155247e+001
      vertex   -5.447706e+001 9.313113e+001 6.177096e+001
    endloop
  endfacet
  facet normal 0.000000e+000 -6.953459e-001 7.186753e-001
    outer loop
      vertex   -6.029524e+001 9.313113e+001 6.177096e+001
      vertex   -5.447706e+001 9.313113e+001 6.177096e+001
      vertex   -6.029524e+001 9.334159e+001 6.197459e+001
    endloop
  endfacet
  facet normal 0.000000e+000 -6.409017e-001 7.676230e-001
    outer loop
      vertex   -6.611342e+001 9.334159e+001 6.197459e+001
      vertex   -6.029524e+001 9.334159e+001 6.197459e+001
      vertex   -6.611342e+001 9.356639e+001 6.216228e+001
    endloop
  endfacet
  facet normal 0.000000e+000 -5.830223e-001 8.124562e-001
    outer loop
      vertex   -7.193160e+001 9.356639e+001 6.216228e+001
      vertex   -6.611342e+001 9.356639e+001 6.216228e+001
      vertex   -7.193160e+001 9.380431e+001 6.233302e+001
    endloop
  endfacet
  facet normal 0.000000e+000 -5.220179e-001 8.529346e-001
    outer loop
      vertex   -7.774979e+001 9.380431e+001 6.233302e+001
      vertex   -7.193160e+001 9.380431e+001 6.233302e+001
      vertex   -7.774979e+001 9.405410e+001 6.248589e+001
    endloop
  endfacet
  facet normal 0.000000e+000 -4.582154e-001 8.888412e-001
    outer loop
      vertex   -8.356797e+001 9.405410e+001 6.248589e+001
      vertex   -7.774979e+001 9.405410e+001 6.248589e+001
      vertex   -8.356797e+001 9.431439e+001 6.262008e+001
    endloop
  endfacet
  facet normal 0.000000e+000 -3.919569e-001 9.199836e-001
    outer loop
      vertex   -8.938615e+001 9.431439e+001 6.262008e+001
      vertex   -8.356797e+001 9.431439e+001 6.262008e+001
      vertex   -8.938615e+001 9.458381e+001 6.273486e+001
    endloop
  endfacet
  facet normal 0.000000e+000 -4.582154e-001 8.888412e-001
    outer loop
      vertex   -8.938615e+001 9.431439e+001 6.262008e+001
      vertex   -8.356797e+001 9.405410e+001 6.248589e+001
      vertex   -8.356797e+001 9.431439e+001 6.262008e+001
    endloop
  endfacet
  facet normal 0.000000e+000 -4.582154e-001 8.888412e-001
    outer loop
      vertex   -8.938615e+001 9.431439e+001 6.262008e+001
      vertex   -8.938615e+001 9.405410e+001 6.248589e+001
      vertex   -8.356797e+001 9.405410e+001 6.248589e+001
    endloop
  endfacet
  facet normal -1.994684e-004 -6.905000e-001 7.233323e-001
    outer loop
      vertex   -3.225672e+001 9.319529e+001 6.183624e+001
      vertex   -3.237591e+001 9.331447e+001 6.194999e+001
      vertex   -3.702251e+001 9.334159e+001 6.197459e+001
    endloop
  endfacet
  facet normal 1.269706e-004 -6.599478e-001 7.513114e-001
    outer loop
      vertex   -3.702251e+001 9.334159e+001 6.197459e+001
      vertex   -3.237591e+001 9.331447e+001 6.194999e+001
      vertex   -3.249968e+001 9.343824e+001 6.205873e+001
    endloop
  endfacet
  facet normal 1.257849e-015 -6.285236e-001 7.777905e-001
    outer loop
      vertex   -3.702251e+001 9.356639e+001 6.216228e+001
      vertex   -3.249968e+001 9.343824e+001 6.205873e+001
      vertex   -3.262782e+001 9.356639e+001 6.216228e+001
    endloop
  endfacet
  facet normal 1.298329e-015 -5.959615e-001 8.030130e-001
    outer loop
      vertex   -3.276012e+001 9.369869e+001 6.226046e+001
      vertex   -3.702251e+001 9.356639e+001 6.216228e+001
      vertex   -3.262782e+001 9.356639e+001 6.216228e+001
    endloop
  endfacet
  facet normal -6.191422e-004 -5.830222e-001 8.124560e-001
    outer loop
      vertex   -3.276012e+001 9.369869e+001 6.226046e+001
      vertex   -3.702251e+001 9.380431e+001 6.233302e+001
      vertex   -3.702251e+001 9.356639e+001 6.216228e+001
    endloop
  endfacet
  facet normal 1.411041e-004 -5.622918e-001 8.269389e-001
    outer loop
      vertex   -3.276012e+001 9.369869e+001 6.226046e+001
      vertex   -3.289635e+001 9.383492e+001 6.235312e+001
      vertex   -3.702251e+001 9.380431e+001 6.233302e+001
    endloop
  endfacet
  facet normal -2.216776e-004 -5.280210e-001 8.492313e-001
    outer loop
      vertex   -3.702251e+001 9.380431e+001 6.233302e+001
      vertex   -3.289635e+001 9.383492e+001 6.235312e+001
      vertex   -3.303628e+001 9.397485e+001 6.244009e+001
    endloop
  endfacet
  facet normal 2.144724e-004 -4.922758e-001 8.704392e-001
    outer loop
      vertex   -3.702251e+001 9.405410e+001 6.248589e+001
      vertex   -3.303628e+001 9.397485e+001 6.244009e+001
      vertex   -3.317967e+001 9.411824e+001 6.252122e+001
    endloop
  endfacet
  facet normal -5.573575e-004 -4.566214e-001 8.896609e-001
    outer loop
      vertex   -3.332629e+001 9.426485e+001 6.259637e+001
      vertex   -3.702251e+001 9.405410e+001 6.248589e+001
      vertex   -3.317967e+001 9.411824e+001 6.252122e+001
    endloop
  endfacet
  facet normal -4.419680e-004 -4.582153e-001 8.888411e-001
    outer loop
      vertex   -3.332629e+001 9.426485e+001 6.259637e+001
      vertex   -3.702251e+001 9.431439e+001 6.262008e+001
      vertex   -3.702251e+001 9.405410e+001 6.248589e+001
    endloop
  endfacet
  facet normal 2.067985e-004 -4.189776e-001 9.079965e-001
    outer loop
      vertex   -3.332629e+001 9.426485e+001 6.259637e+001
      vertex   -3.347587e+001 9.441443e+001 6.266543e+001
      vertex   -3.702251e+001 9.431439e+001 6.262008e+001
    endloop
  endfacet
  facet normal -7.086541e-004 -3.919568e-001 9.199834e-001
    outer loop
      vertex   -3.702251e+001 9.431439e+001 6.262008e+001
      vertex   -3.347587e+001 9.441443e+001 6.266543e+001
      vertex   -3.702251e+001 9.458381e+001 6.273486e+001
    endloop
  endfacet
  facet normal 1.155536e-015 -3.235974e-001 9.461949e-001
    outer loop
      vertex   -4.284069e+001 9.458381e+001 6.273486e+001
      vertex   -3.702251e+001 9.458381e+001 6.273486e+001
      vertex   -4.284069e+001 9.486090e+001 6.282963e+001
    endloop
  endfacet
  facet normal 0.000000e+000 -2.535035e-001 9.673345e-001
    outer loop
      vertex   -4.865888e+001 9.486090e+001 6.282963e+001
      vertex   -4.284069e+001 9.486090e+001 6.282963e+001
      vertex   -4.865888e+001 9.514418e+001 6.290386e+001
    endloop
  endfacet
  facet normal 0.000000e+000 -1.820508e-001 9.832891e-001
    outer loop
      vertex   -5.447706e+001 9.514418e+001 6.290386e+001
      vertex   -4.865888e+001 9.514418e+001 6.290386e+001
      vertex   -5.447706e+001 9.543214e+001 6.295718e+001
    endloop
  endfacet
  facet normal 0.000000e+000 -1.096223e-001 9.939733e-001
    outer loop
      vertex   -6.029524e+001 9.543214e+001 6.295718e+001
      vertex   -5.447706e+001 9.543214e+001 6.295718e+001
      vertex   -6.029524e+001 9.572322e+001 6.298928e+001
    endloop
  endfacet
  facet normal 0.000000e+000 -3.660615e-002 9.993298e-001
    outer loop
      vertex   -6.611342e+001 9.572322e+001 6.298928e+001
      vertex   -6.029524e+001 9.572322e+001 6.298928e+001
      vertex   -9.133135e+001 9.601588e+001 6.300000e+001
    endloop
  endfacet
  facet normal 0.000000e+000 -3.660615e-002 9.993298e-001
    outer loop
      vertex   -7.193160e+001 9.572322e+001 6.298928e+001
      vertex   -9.133135e+001 9.601588e+001 6.300000e+001
      vertex   -7.774979e+001 9.572322e+001 6.298928e+001
    endloop
  endfacet
  facet normal 0.000000e+000 -1.096223e-001 9.939733e-001
    outer loop
      vertex   -7.193160e+001 9.543214e+001 6.295718e+001
      vertex   -7.774979e+001 9.572322e+001 6.298928e+001
      vertex   -7.774979e+001 9.543214e+001 6.295718e+001
    endloop
  endfacet
  facet normal 0.000000e+000 -1.820508e-001 9.832891e-001
    outer loop
      vertex   -7.193160e+001 9.514418e+001 6.290386e+001
      vertex   -7.774979e+001 9.543214e+001 6.295718e+001
      vertex   -7.774979e+001 9.514418e+001 6.290386e+001
    endloop
  endfacet
  facet normal 0.000000e+000 -2.535035e-001 9.673345e-001
    outer loop
      vertex   -7.193160e+001 9.486090e+001 6.282963e+001
      vertex   -7.193160e+001 9.514418e+001 6.290386e+001
      vertex   -7.774979e+001 9.514418e+001 6.290386e+001
    endloop
  endfacet
  facet normal 0.000000e+000 -2.535035e-001 9.673345e-001
    outer loop
      vertex   -7.193160e+001 9.486090e+001 6.282963e+001
      vertex   -6.611342e+001 9.486090e+001 6.282963e+001
      vertex   -7.193160e+001 9.514418e+001 6.290386e+001
    endloop
  endfacet
  facet normal 0.000000e+000 -3.235974e-001 9.461949e-001
    outer loop
      vertex   -7.193160e+001 9.486090e+001 6.282963e+001
      vertex   -6.611342e+001 9.458381e+001 6.273486e+001
      vertex   -6.611342e+001 9.486090e+001 6.282963e+001
    endloop
  endfacet
  facet normal 0.000000e+000 -3.235974e-001 9.461949e-001
    outer loop
      vertex   -6.611342e+001 9.486090e+001 6.282963e+001
      vertex   -6.611342e+001 9.458381e+001 6.273486e+001
      vertex   -6.029524e+001 9.458381e+001 6.273486e+001
    endloop
  endfacet
  facet normal 0.000000e+000 -3.235974e-001 9.461949e-001
    outer loop
      vertex   -6.029524e+001 9.486090e+001 6.282963e+001
      vertex   -6.029524e+001 9.458381e+001 6.273486e+001
      vertex   -5.447706e+001 9.458381e+001 6.273486e+001
    endloop
  endfacet
  facet normal 0.000000e+000 -3.235974e-001 9.461949e-001
    outer loop
      vertex   -5.447706e+001 9.486090e+001 6.282963e+001
      vertex   -5.447706e+001 9.458381e+001 6.273486e+001
      vertex   -4.865888e+001 9.458381e+001 6.273486e+001
    endloop
  endfacet
  facet normal 0.000000e+000 -3.235974e-001 9.461949e-001
    outer loop
      vertex   -4.865888e+001 9.486090e+001 6.282963e+001
      vertex   -4.865888e+001 9.458381e+001 6.273486e+001
      vertex   -4.284069e+001 9.458381e+001 6.273486e+001
    endloop
  endfacet
  facet normal 0.000000e+000 -3.235974e-001 9.461949e-001
    outer loop
      vertex   -4.284069e+001 9.486090e+001 6.282963e+001
      vertex   -4.865888e+001 9.486090e+001 6.282963e+001
      vertex   -4.284069e+001 9.458381e+001 6.273486e+001
    endloop
  endfacet
  facet normal -5.834896e-004 -6.409016e-001 7.676228e-001
    outer loop
      vertex   -3.702251e+001 9.334159e+001 6.197459e+001
      vertex   -3.249968e+001 9.343824e+001 6.205873e+001
      vertex   -3.702251e+001 9.356639e+001 6.216228e+001
    endloop
  endfacet
  facet normal 9.922083e-016 -5.830223e-001 8.124562e-001
    outer loop
      vertex   -4.284069e+001 9.356639e+001 6.216228e+001
      vertex   -3.702251e+001 9.356639e+001 6.216228e+001
      vertex   -4.284069e+001 9.380431e+001 6.233302e+001
    endloop
  endfacet
  facet normal 0.000000e+000 -5.220179e-001 8.529346e-001
    outer loop
      vertex   -4.865888e+001 9.380431e+001 6.233302e+001
      vertex   -4.284069e+001 9.380431e+001 6.233302e+001
      vertex   -4.865888e+001 9.405410e+001 6.248589e+001
    endloop
  endfacet
  facet normal 0.000000e+000 -4.582154e-001 8.888412e-001
    outer loop
      vertex   -5.447706e+001 9.405410e+001 6.248589e+001
      vertex   -4.865888e+001 9.405410e+001 6.248589e+001
      vertex   -5.447706e+001 9.431439e+001 6.262008e+001
    endloop
  endfacet
  facet normal 0.000000e+000 -3.919569e-001 9.199836e-001
    outer loop
      vertex   -6.029524e+001 9.431439e+001 6.262008e+001
      vertex   -5.447706e+001 9.431439e+001 6.262008e+001
      vertex   -6.029524e+001 9.458381e+001 6.273486e+001
    endloop
  endfacet
  facet normal 0.000000e+000 -3.919569e-001 9.199836e-001
    outer loop
      vertex   -6.611342e+001 9.458381e+001 6.273486e+001
      vertex   -6.029524e+001 9.431439e+001 6.262008e+001
      vertex   -6.029524e+001 9.458381e+001 6.273486e+001
    endloop
  endfacet
  facet normal -5.779593e-004 -5.220178e-001 8.529344e-001
    outer loop
      vertex   -3.702251e+001 9.380431e+001 6.233302e+001
      vertex   -3.303628e+001 9.397485e+001 6.244009e+001
      vertex   -3.702251e+001 9.405410e+001 6.248589e+001
    endloop
  endfacet
  facet normal 1.085493e-015 -4.582154e-001 8.888412e-001
    outer loop
      vertex   -4.284069e+001 9.405410e+001 6.248589e+001
      vertex   -3.702251e+001 9.405410e+001 6.248589e+001
      vertex   -4.284069e+001 9.431439e+001 6.262008e+001
    endloop
  endfacet
  facet normal 0.000000e+000 -3.919569e-001 9.199836e-001
    outer loop
      vertex   -4.865888e+001 9.431439e+001 6.262008e+001
      vertex   -4.284069e+001 9.431439e+001 6.262008e+001
      vertex   -4.865888e+001 9.458381e+001 6.273486e+001
    endloop
  endfacet
  facet normal 0.000000e+000 -3.919569e-001 9.199836e-001
    outer loop
      vertex   -5.447706e+001 9.458381e+001 6.273486e+001
      vertex   -4.865888e+001 9.431439e+001 6.262008e+001
      vertex   -4.865888e+001 9.458381e+001 6.273486e+001
    endloop
  endfacet
  facet normal 0.000000e+000 -3.919569e-001 9.199836e-001
    outer loop
      vertex   -5.447706e+001 9.458381e+001 6.273486e+001
      vertex   -5.447706e+001 9.431439e+001 6.262008e+001
      vertex   -4.865888e+001 9.431439e+001 6.262008e+001
    endloop
  endfacet
  facet normal 0.000000e+000 -3.919569e-001 9.199836e-001
    outer loop
      vertex   -5.447706e+001 9.458381e+001 6.273486e+001
      vertex   -6.029524e+001 9.458381e+001 6.273486e+001
      vertex   -5.447706e+001 9.431439e+001 6.262008e+001
    endloop
  endfacet
  facet normal -1.240304e-004 -3.815110e-001 9.243643e-001
    outer loop
      vertex   -3.347587e+001 9.441443e+001 6.266543e+001
      vertex   -3.362817e+001 9.456673e+001 6.272827e+001
      vertex   -3.702251e+001 9.458381e+001 6.273486e+001
    endloop
  endfacet
  facet normal 9.923550e-005 -3.429273e-001 9.393620e-001
    outer loop
      vertex   -3.702251e+001 9.458381e+001 6.273486e+001
      vertex   -3.362817e+001 9.456673e+001 6.272827e+001
      vertex   -3.378292e+001 9.472149e+001 6.278478e+001
    endloop
  endfacet
  facet normal 1.081050e-004 -3.039446e-001 9.526897e-001
    outer loop
      vertex   -3.702251e+001 9.486090e+001 6.282963e+001
      vertex   -3.378292e+001 9.472149e+001 6.278478e+001
      vertex   -3.393988e+001 9.487844e+001 6.283487e+001
    endloop
  endfacet
  facet normal -1.351177e-004 -2.646805e-001 9.643361e-001
    outer loop
      vertex   -3.409876e+001 9.503732e+001 6.287846e+001
      vertex   -3.702251e+001 9.486090e+001 6.282963e+001
      vertex   -3.393988e+001 9.487844e+001 6.283487e+001
    endloop
  endfacet
  facet normal -8.596295e-004 -2.535034e-001 9.673341e-001
    outer loop
      vertex   -3.409876e+001 9.503732e+001 6.287846e+001
      vertex   -3.702251e+001 9.514418e+001 6.290386e+001
      vertex   -3.702251e+001 9.486090e+001 6.282963e+001
    endloop
  endfacet
  facet normal 2.677095e-004 -2.243640e-001 9.745054e-001
    outer loop
      vertex   -3.409876e+001 9.503732e+001 6.287846e+001
      vertex   -3.425930e+001 9.519787e+001 6.291546e+001
      vertex   -3.702251e+001 9.514418e+001 6.290386e+001
    endloop
  endfacet
  facet normal -5.352834e-004 -1.848175e-001 9.827727e-001
    outer loop
      vertex   -3.702251e+001 9.514418e+001 6.290386e+001
      vertex   -3.425930e+001 9.519787e+001 6.291546e+001
      vertex   -3.442123e+001 9.535980e+001 6.294583e+001
    endloop
  endfacet
  facet normal 3.313215e-004 -1.433455e-001 9.896726e-001
    outer loop
      vertex   -3.702251e+001 9.543214e+001 6.295718e+001
      vertex   -3.442123e+001 9.535980e+001 6.294583e+001
      vertex   -3.458428e+001 9.552284e+001 6.296950e+001
    endloop
  endfacet
  facet normal -4.117920e-004 -1.032033e-001 9.946602e-001
    outer loop
      vertex   -3.702251e+001 9.572322e+001 6.298928e+001
      vertex   -3.458428e+001 9.552284e+001 6.296950e+001
      vertex   -3.474816e+001 9.568672e+001 6.298643e+001
    endloop
  endfacet
  facet normal 2.620813e-004 -6.148630e-002 9.981079e-001
    outer loop
      vertex   -3.491260e+001 9.585116e+001 6.299661e+001
      vertex   -3.702251e+001 9.572322e+001 6.298928e+001
      vertex   -3.474816e+001 9.568672e+001 6.298643e+001
    endloop
  endfacet
  facet normal 1.219247e-015 -5.717870e-002 9.983640e-001
    outer loop
      vertex   -3.491260e+001 9.585116e+001 6.299661e+001
      vertex   -4.284069e+001 9.572322e+001 6.298928e+001
      vertex   -3.702251e+001 9.572322e+001 6.298928e+001
    endloop
  endfacet
  facet normal 0.000000e+000 -5.717870e-002 9.983640e-001
    outer loop
      vertex   -3.491260e+001 9.585116e+001 6.299661e+001
      vertex   -4.865888e+001 9.572322e+001 6.298928e+001
      vertex   -4.284069e+001 9.572322e+001 6.298928e+001
    endloop
  endfacet
  facet normal 0.000000e+000 -5.717870e-002 9.983640e-001
    outer loop
      vertex   -3.491260e+001 9.585116e+001 6.299661e+001
      vertex   -5.447706e+001 9.572322e+001 6.298928e+001
      vertex   -4.865888e+001 9.572322e+001 6.298928e+001
    endloop
  endfacet
  facet normal -7.394455e-005 -4.590406e-002 9.989459e-001
    outer loop
      vertex   -3.491260e+001 9.585116e+001 6.299661e+001
      vertex   -9.133135e+001 9.601588e+001 6.300000e+001
      vertex   -5.447706e+001 9.572322e+001 6.298928e+001
    endloop
  endfacet
  facet normal 0.000000e+000 -2.059411e-002 9.997879e-001
    outer loop
      vertex   -3.491260e+001 9.585116e+001 6.299661e+001
      vertex   -3.507731e+001 9.601588e+001 6.300000e+001
      vertex   -9.133135e+001 9.601588e+001 6.300000e+001
    endloop
  endfacet
  facet normal -8.275492e-004 -3.235973e-001 9.461945e-001
    outer loop
      vertex   -3.702251e+001 9.458381e+001 6.273486e+001
      vertex   -3.378292e+001 9.472149e+001 6.278478e+001
      vertex   -3.702251e+001 9.486090e+001 6.282963e+001
    endloop
  endfacet
  facet normal 1.181353e-015 -2.535035e-001 9.673345e-001
    outer loop
      vertex   -4.284069e+001 9.486090e+001 6.282963e+001
      vertex   -3.702251e+001 9.486090e+001 6.282963e+001
      vertex   -4.284069e+001 9.514418e+001 6.290386e+001
    endloop
  endfacet
  facet normal 0.000000e+000 -1.820508e-001 9.832891e-001
    outer loop
      vertex   -4.865888e+001 9.514418e+001 6.290386e+001
      vertex   -4.284069e+001 9.514418e+001 6.290386e+001
      vertex   -4.865888e+001 9.543214e+001 6.295718e+001
    endloop
  endfacet
  facet normal 0.000000e+000 -1.096223e-001 9.939733e-001
    outer loop
      vertex   -5.447706e+001 9.543214e+001 6.295718e+001
      vertex   -4.865888e+001 9.543214e+001 6.295718e+001
      vertex   -5.447706e+001 9.572322e+001 6.298928e+001
    endloop
  endfacet
  facet normal 0.000000e+000 -3.660615e-002 9.993298e-001
    outer loop
      vertex   -6.029524e+001 9.572322e+001 6.298928e+001
      vertex   -5.447706e+001 9.572322e+001 6.298928e+001
      vertex   -9.133135e+001 9.601588e+001 6.300000e+001
    endloop
  endfacet
  facet normal 0.000000e+000 -1.096223e-001 9.939733e-001
    outer loop
      vertex   -6.029524e+001 9.572322e+001 6.298928e+001
      vertex   -5.447706e+001 9.543214e+001 6.295718e+001
      vertex   -5.447706e+001 9.572322e+001 6.298928e+001
    endloop
  endfacet
  facet normal -7.729402e-004 -1.820507e-001 9.832888e-001
    outer loop
      vertex   -3.702251e+001 9.514418e+001 6.290386e+001
      vertex   -3.442123e+001 9.535980e+001 6.294583e+001
      vertex   -3.702251e+001 9.543214e+001 6.295718e+001
    endloop
  endfacet
  facet normal 1.213885e-015 -1.096223e-001 9.939733e-001
    outer loop
      vertex   -4.284069e+001 9.543214e+001 6.295718e+001
      vertex   -3.702251e+001 9.543214e+001 6.295718e+001
      vertex   -4.284069e+001 9.572322e+001 6.298928e+001
    endloop
  endfacet
  facet normal 0.000000e+000 -1.096223e-001 9.939733e-001
    outer loop
      vertex   -4.865888e+001 9.572322e+001 6.298928e+001
      vertex   -4.284069e+001 9.543214e+001 6.295718e+001
      vertex   -4.284069e+001 9.572322e+001 6.298928e+001
    endloop
  endfacet
  facet normal 0.000000e+000 -1.096223e-001 9.939733e-001
    outer loop
      vertex   -4.865888e+001 9.572322e+001 6.298928e+001
      vertex   -4.865888e+001 9.543214e+001 6.295718e+001
      vertex   -4.284069e+001 9.543214e+001 6.295718e+001
    endloop
  endfacet
  facet normal 0.000000e+000 -1.096223e-001 9.939733e-001
    outer loop
      vertex   -4.865888e+001 9.572322e+001 6.298928e+001
      vertex   -5.447706e+001 9.572322e+001 6.298928e+001
      vertex   -4.865888e+001 9.543214e+001 6.295718e+001
    endloop
  endfacet
  facet normal -9.448958e-004 -1.096222e-001 9.939729e-001
    outer loop
      vertex   -3.702251e+001 9.543214e+001 6.295718e+001
      vertex   -3.458428e+001 9.552284e+001 6.296950e+001
      vertex   -3.702251e+001 9.572322e+001 6.298928e+001
    endloop
  endfacet
  facet normal 1.213599e-015 -1.096223e-001 9.939733e-001
    outer loop
      vertex   -4.284069e+001 9.572322e+001 6.298928e+001
      vertex   -3.702251e+001 9.543214e+001 6.295718e+001
      vertex   -3.702251e+001 9.572322e+001 6.298928e+001
    endloop
  endfacet
  facet normal 0.000000e+000 -1.096223e-001 9.939733e-001
    outer loop
      vertex   -7.774979e+001 9.543214e+001 6.295718e+001
      vertex   -7.774979e+001 9.572322e+001 6.298928e+001
      vertex   -8.356797e+001 9.572322e+001 6.298928e+001
    endloop
  endfacet
  facet normal 0.000000e+000 -1.096223e-001 9.939733e-001
    outer loop
      vertex   -8.356797e+001 9.543214e+001 6.295718e+001
      vertex   -8.356797e+001 9.572322e+001 6.298928e+001
      vertex   -8.938615e+001 9.572322e+001 6.298928e+001
    endloop
  endfacet
  facet normal 0.000000e+000 -1.096223e-001 9.939733e-001
    outer loop
      vertex   -8.356797e+001 9.543214e+001 6.295718e+001
      vertex   -7.774979e+001 9.543214e+001 6.295718e+001
      vertex   -8.356797e+001 9.572322e+001 6.298928e+001
    endloop
  endfacet
  facet normal 0.000000e+000 -1.820508e-001 9.832891e-001
    outer loop
      vertex   -8.356797e+001 9.543214e+001 6.295718e+001
      vertex   -7.774979e+001 9.514418e+001 6.290386e+001
      vertex   -7.774979e+001 9.543214e+001 6.295718e+001
    endloop
  endfacet
  facet normal 0.000000e+000 -3.660615e-002 9.993298e-001
    outer loop
      vertex   -6.611342e+001 9.572322e+001 6.298928e+001
      vertex   -9.133135e+001 9.601588e+001 6.300000e+001
      vertex   -7.193160e+001 9.572322e+001 6.298928e+001
    endloop
  endfacet
  facet normal 0.000000e+000 -1.096223e-001 9.939733e-001
    outer loop
      vertex   -6.611342e+001 9.543214e+001 6.295718e+001
      vertex   -7.193160e+001 9.572322e+001 6.298928e+001
      vertex   -7.193160e+001 9.543214e+001 6.295718e+001
    endloop
  endfacet
  facet normal 0.000000e+000 -1.820508e-001 9.832891e-001
    outer loop
      vertex   -6.611342e+001 9.514418e+001 6.290386e+001
      vertex   -7.193160e+001 9.543214e+001 6.295718e+001
      vertex   -7.193160e+001 9.514418e+001 6.290386e+001
    endloop
  endfacet
  facet normal 0.000000e+000 -2.535035e-001 9.673345e-001
    outer loop
      vertex   -6.611342e+001 9.486090e+001 6.282963e+001
      vertex   -6.611342e+001 9.514418e+001 6.290386e+001
      vertex   -7.193160e+001 9.514418e+001 6.290386e+001
    endloop
  endfacet
  facet normal 0.000000e+000 -2.535035e-001 9.673345e-001
    outer loop
      vertex   -6.611342e+001 9.486090e+001 6.282963e+001
      vertex   -6.029524e+001 9.486090e+001 6.282963e+001
      vertex   -6.611342e+001 9.514418e+001 6.290386e+001
    endloop
  endfacet
  facet normal 0.000000e+000 -3.235974e-001 9.461949e-001
    outer loop
      vertex   -6.611342e+001 9.486090e+001 6.282963e+001
      vertex   -6.029524e+001 9.458381e+001 6.273486e+001
      vertex   -6.029524e+001 9.486090e+001 6.282963e+001
    endloop
  endfacet
  facet normal 0.000000e+000 -3.660615e-002 9.993298e-001
    outer loop
      vertex   -9.133135e+001 9.601588e+001 6.300000e+001
      vertex   -8.356797e+001 9.572322e+001 6.298928e+001
      vertex   -7.774979e+001 9.572322e+001 6.298928e+001
    endloop
  endfacet
  facet normal 0.000000e+000 -1.096223e-001 9.939733e-001
    outer loop
      vertex   -7.193160e+001 9.572322e+001 6.298928e+001
      vertex   -7.774979e+001 9.572322e+001 6.298928e+001
      vertex   -7.193160e+001 9.543214e+001 6.295718e+001
    endloop
  endfacet
  facet normal 0.000000e+000 -1.096223e-001 9.939733e-001
    outer loop
      vertex   -6.029524e+001 9.543214e+001 6.295718e+001
      vertex   -6.029524e+001 9.572322e+001 6.298928e+001
      vertex   -6.611342e+001 9.572322e+001 6.298928e+001
    endloop
  endfacet
  facet normal 0.000000e+000 -1.096223e-001 9.939733e-001
    outer loop
      vertex   -6.611342e+001 9.543214e+001 6.295718e+001
      vertex   -6.611342e+001 9.572322e+001 6.298928e+001
      vertex   -7.193160e+001 9.572322e+001 6.298928e+001
    endloop
  endfacet
  facet normal 0.000000e+000 -1.096223e-001 9.939733e-001
    outer loop
      vertex   -6.611342e+001 9.543214e+001 6.295718e+001
      vertex   -6.029524e+001 9.543214e+001 6.295718e+001
      vertex   -6.611342e+001 9.572322e+001 6.298928e+001
    endloop
  endfacet
  facet normal 0.000000e+000 -1.820508e-001 9.832891e-001
    outer loop
      vertex   -6.611342e+001 9.543214e+001 6.295718e+001
      vertex   -6.029524e+001 9.514418e+001 6.290386e+001
      vertex   -6.029524e+001 9.543214e+001 6.295718e+001
    endloop
  endfacet
  facet normal 0.000000e+000 -1.820508e-001 9.832891e-001
    outer loop
      vertex   -6.611342e+001 9.543214e+001 6.295718e+001
      vertex   -6.611342e+001 9.514418e+001 6.290386e+001
      vertex   -6.029524e+001 9.514418e+001 6.290386e+001
    endloop
  endfacet
  facet normal 0.000000e+000 -1.820508e-001 9.832891e-001
    outer loop
      vertex   -6.611342e+001 9.543214e+001 6.295718e+001
      vertex   -7.193160e+001 9.543214e+001 6.295718e+001
      vertex   -6.611342e+001 9.514418e+001 6.290386e+001
    endloop
  endfacet
  facet normal 0.000000e+000 -1.820508e-001 9.832891e-001
    outer loop
      vertex   -8.356797e+001 9.514418e+001 6.290386e+001
      vertex   -8.356797e+001 9.543214e+001 6.295718e+001
      vertex   -8.938615e+001 9.543214e+001 6.295718e+001
    endloop
  endfacet
  facet normal 0.000000e+000 -1.820508e-001 9.832891e-001
    outer loop
      vertex   -8.938615e+001 9.514418e+001 6.290386e+001
      vertex   -8.356797e+001 9.514418e+001 6.290386e+001
      vertex   -8.938615e+001 9.543214e+001 6.295718e+001
    endloop
  endfacet
  facet normal 0.000000e+000 -1.820508e-001 9.832891e-001
    outer loop
      vertex   -7.193160e+001 9.514418e+001 6.290386e+001
      vertex   -7.193160e+001 9.543214e+001 6.295718e+001
      vertex   -7.774979e+001 9.543214e+001 6.295718e+001
    endloop
  endfacet
  facet normal 0.000000e+000 -1.820508e-001 9.832891e-001
    outer loop
      vertex   -5.447706e+001 9.514418e+001 6.290386e+001
      vertex   -5.447706e+001 9.543214e+001 6.295718e+001
      vertex   -6.029524e+001 9.543214e+001 6.295718e+001
    endloop
  endfacet
  facet normal 0.000000e+000 -1.820508e-001 9.832891e-001
    outer loop
      vertex   -6.029524e+001 9.514418e+001 6.290386e+001
      vertex   -5.447706e+001 9.514418e+001 6.290386e+001
      vertex   -6.029524e+001 9.543214e+001 6.295718e+001
    endloop
  endfacet
  facet normal 0.000000e+000 -2.535035e-001 9.673345e-001
    outer loop
      vertex   -6.029524e+001 9.514418e+001 6.290386e+001
      vertex   -5.447706e+001 9.486090e+001 6.282963e+001
      vertex   -5.447706e+001 9.514418e+001 6.290386e+001
    endloop
  endfacet
  facet normal 0.000000e+000 -2.535035e-001 9.673345e-001
    outer loop
      vertex   -6.029524e+001 9.514418e+001 6.290386e+001
      vertex   -6.029524e+001 9.486090e+001 6.282963e+001
      vertex   -5.447706e+001 9.486090e+001 6.282963e+001
    endloop
  endfacet
  facet normal 0.000000e+000 -2.535035e-001 9.673345e-001
    outer loop
      vertex   -6.029524e+001 9.514418e+001 6.290386e+001
      vertex   -6.611342e+001 9.514418e+001 6.290386e+001
      vertex   -6.029524e+001 9.486090e+001 6.282963e+001
    endloop
  endfacet
  facet normal 0.000000e+000 -1.820508e-001 9.832891e-001
    outer loop
      vertex   -4.865888e+001 9.514418e+001 6.290386e+001
      vertex   -4.865888e+001 9.543214e+001 6.295718e+001
      vertex   -5.447706e+001 9.543214e+001 6.295718e+001
    endloop
  endfacet
  facet normal 1.200837e-015 -1.820508e-001 9.832891e-001
    outer loop
      vertex   -3.702251e+001 9.514418e+001 6.290386e+001
      vertex   -3.702251e+001 9.543214e+001 6.295718e+001
      vertex   -4.284069e+001 9.543214e+001 6.295718e+001
    endloop
  endfacet
  facet normal 0.000000e+000 -1.820508e-001 9.832891e-001
    outer loop
      vertex   -4.284069e+001 9.514418e+001 6.290386e+001
      vertex   -4.284069e+001 9.543214e+001 6.295718e+001
      vertex   -4.865888e+001 9.543214e+001 6.295718e+001
    endloop
  endfacet
  facet normal 1.200837e-015 -1.820508e-001 9.832891e-001
    outer loop
      vertex   -4.284069e+001 9.514418e+001 6.290386e+001
      vertex   -3.702251e+001 9.514418e+001 6.290386e+001
      vertex   -4.284069e+001 9.543214e+001 6.295718e+001
    endloop
  endfacet
  facet normal 1.181019e-015 -2.535035e-001 9.673345e-001
    outer loop
      vertex   -4.284069e+001 9.514418e+001 6.290386e+001
      vertex   -3.702251e+001 9.486090e+001 6.282963e+001
      vertex   -3.702251e+001 9.514418e+001 6.290386e+001
    endloop
  endfacet
  facet normal 0.000000e+000 -2.535035e-001 9.673345e-001
    outer loop
      vertex   -7.774979e+001 9.486090e+001 6.282963e+001
      vertex   -7.774979e+001 9.514418e+001 6.290386e+001
      vertex   -8.356797e+001 9.514418e+001 6.290386e+001
    endloop
  endfacet
  facet normal 0.000000e+000 -2.535035e-001 9.673345e-001
    outer loop
      vertex   -8.356797e+001 9.486090e+001 6.282963e+001
      vertex   -7.774979e+001 9.486090e+001 6.282963e+001
      vertex   -8.356797e+001 9.514418e+001 6.290386e+001
    endloop
  endfacet
  facet normal 0.000000e+000 -2.535035e-001 9.673345e-001
    outer loop
      vertex   -4.865888e+001 9.486090e+001 6.282963e+001
      vertex   -4.865888e+001 9.514418e+001 6.290386e+001
      vertex   -5.447706e+001 9.514418e+001 6.290386e+001
    endloop
  endfacet
  facet normal 0.000000e+000 -2.535035e-001 9.673345e-001
    outer loop
      vertex   -5.447706e+001 9.486090e+001 6.282963e+001
      vertex   -4.865888e+001 9.486090e+001 6.282963e+001
      vertex   -5.447706e+001 9.514418e+001 6.290386e+001
    endloop
  endfacet
  facet normal 0.000000e+000 -3.235974e-001 9.461949e-001
    outer loop
      vertex   -5.447706e+001 9.486090e+001 6.282963e+001
      vertex   -4.865888e+001 9.458381e+001 6.273486e+001
      vertex   -4.865888e+001 9.486090e+001 6.282963e+001
    endloop
  endfacet
  facet normal 0.000000e+000 -2.535035e-001 9.673345e-001
    outer loop
      vertex   -4.284069e+001 9.486090e+001 6.282963e+001
      vertex   -4.284069e+001 9.514418e+001 6.290386e+001
      vertex   -4.865888e+001 9.514418e+001 6.290386e+001
    endloop
  endfacet
  facet normal 0.000000e+000 -2.535035e-001 9.673345e-001
    outer loop
      vertex   -8.938615e+001 9.514418e+001 6.290386e+001
      vertex   -8.938615e+001 9.486090e+001 6.282963e+001
      vertex   -8.356797e+001 9.486090e+001 6.282963e+001
    endloop
  endfacet
  facet normal 0.000000e+000 -3.235974e-001 9.461949e-001
    outer loop
      vertex   -8.356797e+001 9.486090e+001 6.282963e+001
      vertex   -8.938615e+001 9.486090e+001 6.282963e+001
      vertex   -8.356797e+001 9.458381e+001 6.273486e+001
    endloop
  endfacet
  facet normal 0.000000e+000 -3.919569e-001 9.199836e-001
    outer loop
      vertex   -7.774979e+001 9.458381e+001 6.273486e+001
      vertex   -8.356797e+001 9.458381e+001 6.273486e+001
      vertex   -7.774979e+001 9.431439e+001 6.262008e+001
    endloop
  endfacet
  facet normal 0.000000e+000 -4.582154e-001 8.888412e-001
    outer loop
      vertex   -7.193160e+001 9.431439e+001 6.262008e+001
      vertex   -7.774979e+001 9.431439e+001 6.262008e+001
      vertex   -7.193160e+001 9.405410e+001 6.248589e+001
    endloop
  endfacet
  facet normal 0.000000e+000 -5.220179e-001 8.529346e-001
    outer loop
      vertex   -6.611342e+001 9.405410e+001 6.248589e+001
      vertex   -7.193160e+001 9.405410e+001 6.248589e+001
      vertex   -6.611342e+001 9.380431e+001 6.233302e+001
    endloop
  endfacet
  facet normal 0.000000e+000 -5.830223e-001 8.124562e-001
    outer loop
      vertex   -6.029524e+001 9.380431e+001 6.233302e+001
      vertex   -6.611342e+001 9.380431e+001 6.233302e+001
      vertex   -6.029524e+001 9.356639e+001 6.216228e+001
    endloop
  endfacet
  facet normal 0.000000e+000 -6.409017e-001 7.676230e-001
    outer loop
      vertex   -5.447706e+001 9.356639e+001 6.216228e+001
      vertex   -6.029524e+001 9.356639e+001 6.216228e+001
      vertex   -5.447706e+001 9.334159e+001 6.197459e+001
    endloop
  endfacet
  facet normal 0.000000e+000 -6.953459e-001 7.186753e-001
    outer loop
      vertex   -4.865888e+001 9.334159e+001 6.197459e+001
      vertex   -5.447706e+001 9.334159e+001 6.197459e+001
      vertex   -4.865888e+001 9.313113e+001 6.177096e+001
    endloop
  endfacet
  facet normal 0.000000e+000 -7.460629e-001 6.658754e-001
    outer loop
      vertex   -4.284069e+001 9.313113e+001 6.177096e+001
      vertex   -4.865888e+001 9.313113e+001 6.177096e+001
      vertex   -4.284069e+001 9.293613e+001 6.155247e+001
    endloop
  endfacet
  facet normal 8.104233e-016 -7.460629e-001 6.658754e-001
    outer loop
      vertex   -3.702251e+001 9.293613e+001 6.155247e+001
      vertex   -4.284069e+001 9.313113e+001 6.177096e+001
      vertex   -4.284069e+001 9.293613e+001 6.155247e+001
    endloop
  endfacet
  facet normal 0.000000e+000 -3.235974e-001 9.461949e-001
    outer loop
      vertex   -8.938615e+001 9.458381e+001 6.273486e+001
      vertex   -8.356797e+001 9.458381e+001 6.273486e+001
      vertex   -8.938615e+001 9.486090e+001 6.282963e+001
    endloop
  endfacet
  facet normal 0.000000e+000 -3.235974e-001 9.461949e-001
    outer loop
      vertex   -7.193160e+001 9.458381e+001 6.273486e+001
      vertex   -7.193160e+001 9.486090e+001 6.282963e+001
      vertex   -7.774979e+001 9.486090e+001 6.282963e+001
    endloop
  endfacet
  facet normal 0.000000e+000 -3.235974e-001 9.461949e-001
    outer loop
      vertex   -7.774979e+001 9.458381e+001 6.273486e+001
      vertex   -7.193160e+001 9.458381e+001 6.273486e+001
      vertex   -7.774979e+001 9.486090e+001 6.282963e+001
    endloop
  endfacet
  facet normal 0.000000e+000 -3.235974e-001 9.461949e-001
    outer loop
      vertex   -8.356797e+001 9.458381e+001 6.273486e+001
      vertex   -7.774979e+001 9.458381e+001 6.273486e+001
      vertex   -8.356797e+001 9.486090e+001 6.282963e+001
    endloop
  endfacet
  facet normal 0.000000e+000 -3.235974e-001 9.461949e-001
    outer loop
      vertex   -5.447706e+001 9.458381e+001 6.273486e+001
      vertex   -5.447706e+001 9.486090e+001 6.282963e+001
      vertex   -6.029524e+001 9.486090e+001 6.282963e+001
    endloop
  endfacet
  facet normal 1.155536e-015 -3.235974e-001 9.461949e-001
    outer loop
      vertex   -3.702251e+001 9.458381e+001 6.273486e+001
      vertex   -3.702251e+001 9.486090e+001 6.282963e+001
      vertex   -4.284069e+001 9.486090e+001 6.282963e+001
    endloop
  endfacet
  facet normal 0.000000e+000 -3.919569e-001 9.199836e-001
    outer loop
      vertex   -7.774979e+001 9.431439e+001 6.262008e+001
      vertex   -8.356797e+001 9.458381e+001 6.273486e+001
      vertex   -8.356797e+001 9.431439e+001 6.262008e+001
    endloop
  endfacet
  facet normal 0.000000e+000 -3.919569e-001 9.199836e-001
    outer loop
      vertex   -7.193160e+001 9.431439e+001 6.262008e+001
      vertex   -7.774979e+001 9.458381e+001 6.273486e+001
      vertex   -7.774979e+001 9.431439e+001 6.262008e+001
    endloop
  endfacet
  facet normal 0.000000e+000 -3.919569e-001 9.199836e-001
    outer loop
      vertex   -6.611342e+001 9.431439e+001 6.262008e+001
      vertex   -6.611342e+001 9.458381e+001 6.273486e+001
      vertex   -7.193160e+001 9.458381e+001 6.273486e+001
    endloop
  endfacet
  facet normal 0.000000e+000 -3.919569e-001 9.199836e-001
    outer loop
      vertex   -7.193160e+001 9.431439e+001 6.262008e+001
      vertex   -6.611342e+001 9.431439e+001 6.262008e+001
      vertex   -7.193160e+001 9.458381e+001 6.273486e+001
    endloop
  endfacet
  facet normal 1.123526e-015 -3.919569e-001 9.199836e-001
    outer loop
      vertex   -3.702251e+001 9.431439e+001 6.262008e+001
      vertex   -3.702251e+001 9.458381e+001 6.273486e+001
      vertex   -4.284069e+001 9.458381e+001 6.273486e+001
    endloop
  endfacet
  facet normal 0.000000e+000 -3.919569e-001 9.199836e-001
    outer loop
      vertex   -4.284069e+001 9.431439e+001 6.262008e+001
      vertex   -4.284069e+001 9.458381e+001 6.273486e+001
      vertex   -4.865888e+001 9.458381e+001 6.273486e+001
    endloop
  endfacet
  facet normal 1.123526e-015 -3.919569e-001 9.199836e-001
    outer loop
      vertex   -4.284069e+001 9.431439e+001 6.262008e+001
      vertex   -3.702251e+001 9.431439e+001 6.262008e+001
      vertex   -4.284069e+001 9.458381e+001 6.273486e+001
    endloop
  endfacet
  facet normal 1.087352e-015 -4.582154e-001 8.888412e-001
    outer loop
      vertex   -4.284069e+001 9.431439e+001 6.262008e+001
      vertex   -3.702251e+001 9.405410e+001 6.248589e+001
      vertex   -3.702251e+001 9.431439e+001 6.262008e+001
    endloop
  endfacet
  facet normal 0.000000e+000 -4.582154e-001 8.888412e-001
    outer loop
      vertex   -7.193160e+001 9.405410e+001 6.248589e+001
      vertex   -7.774979e+001 9.431439e+001 6.262008e+001
      vertex   -7.774979e+001 9.405410e+001 6.248589e+001
    endloop
  endfacet
  facet normal 0.000000e+000 -4.582154e-001 8.888412e-001
    outer loop
      vertex   -6.611342e+001 9.405410e+001 6.248589e+001
      vertex   -7.193160e+001 9.431439e+001 6.262008e+001
      vertex   -7.193160e+001 9.405410e+001 6.248589e+001
    endloop
  endfacet
  facet normal 0.000000e+000 -4.582154e-001 8.888412e-001
    outer loop
      vertex   -6.029524e+001 9.405410e+001 6.248589e+001
      vertex   -6.029524e+001 9.431439e+001 6.262008e+001
      vertex   -6.611342e+001 9.431439e+001 6.262008e+001
    endloop
  endfacet
  facet normal 0.000000e+000 -4.582154e-001 8.888412e-001
    outer loop
      vertex   -6.611342e+001 9.405410e+001 6.248589e+001
      vertex   -6.029524e+001 9.405410e+001 6.248589e+001
      vertex   -6.611342e+001 9.431439e+001 6.262008e+001
    endloop
  endfacet
  facet normal 0.000000e+000 -4.582154e-001 8.888412e-001
    outer loop
      vertex   -5.447706e+001 9.405410e+001 6.248589e+001
      vertex   -5.447706e+001 9.431439e+001 6.262008e+001
      vertex   -6.029524e+001 9.431439e+001 6.262008e+001
    endloop
  endfacet
  facet normal 0.000000e+000 -4.582154e-001 8.888412e-001
    outer loop
      vertex   -4.284069e+001 9.405410e+001 6.248589e+001
      vertex   -4.284069e+001 9.431439e+001 6.262008e+001
      vertex   -4.865888e+001 9.431439e+001 6.262008e+001
    endloop
  endfacet
  facet normal 0.000000e+000 -4.582154e-001 8.888412e-001
    outer loop
      vertex   -4.865888e+001 9.405410e+001 6.248589e+001
      vertex   -4.865888e+001 9.431439e+001 6.262008e+001
      vertex   -5.447706e+001 9.431439e+001 6.262008e+001
    endloop
  endfacet
  facet normal 0.000000e+000 -4.582154e-001 8.888412e-001
    outer loop
      vertex   -4.865888e+001 9.405410e+001 6.248589e+001
      vertex   -4.284069e+001 9.405410e+001 6.248589e+001
      vertex   -4.865888e+001 9.431439e+001 6.262008e+001
    endloop
  endfacet
  facet normal 0.000000e+000 -5.220179e-001 8.529346e-001
    outer loop
      vertex   -4.865888e+001 9.405410e+001 6.248589e+001
      vertex   -4.284069e+001 9.380431e+001 6.233302e+001
      vertex   -4.284069e+001 9.405410e+001 6.248589e+001
    endloop
  endfacet
  facet normal 1.041642e-015 -5.220179e-001 8.529346e-001
    outer loop
      vertex   -4.284069e+001 9.405410e+001 6.248589e+001
      vertex   -4.284069e+001 9.380431e+001 6.233302e+001
      vertex   -3.702251e+001 9.380431e+001 6.233302e+001
    endloop
  endfacet
  facet normal 1.041642e-015 -5.220179e-001 8.529346e-001
    outer loop
      vertex   -3.702251e+001 9.405410e+001 6.248589e+001
      vertex   -4.284069e+001 9.405410e+001 6.248589e+001
      vertex   -3.702251e+001 9.380431e+001 6.233302e+001
    endloop
  endfacet
  facet normal 0.000000e+000 -5.220179e-001 8.529346e-001
    outer loop
      vertex   -7.774979e+001 9.380431e+001 6.233302e+001
      vertex   -7.774979e+001 9.405410e+001 6.248589e+001
      vertex   -8.356797e+001 9.405410e+001 6.248589e+001
    endloop
  endfacet
  facet normal 0.000000e+000 -5.220179e-001 8.529346e-001
    outer loop
      vertex   -8.356797e+001 9.380431e+001 6.233302e+001
      vertex   -7.774979e+001 9.380431e+001 6.233302e+001
      vertex   -8.356797e+001 9.405410e+001 6.248589e+001
    endloop
  endfacet
  facet normal 0.000000e+000 -5.220179e-001 8.529346e-001
    outer loop
      vertex   -8.938615e+001 9.380431e+001 6.233302e+001
      vertex   -8.356797e+001 9.380431e+001 6.233302e+001
      vertex   -8.938615e+001 9.405410e+001 6.248589e+001
    endloop
  endfacet
  facet normal 0.000000e+000 -5.220179e-001 8.529346e-001
    outer loop
      vertex   -6.611342e+001 9.380431e+001 6.233302e+001
      vertex   -7.193160e+001 9.405410e+001 6.248589e+001
      vertex   -7.193160e+001 9.380431e+001 6.233302e+001
    endloop
  endfacet
  facet normal 0.000000e+000 -5.220179e-001 8.529346e-001
    outer loop
      vertex   -6.029524e+001 9.380431e+001 6.233302e+001
      vertex   -6.611342e+001 9.405410e+001 6.248589e+001
      vertex   -6.611342e+001 9.380431e+001 6.233302e+001
    endloop
  endfacet
  facet normal 0.000000e+000 -5.220179e-001 8.529346e-001
    outer loop
      vertex   -5.447706e+001 9.380431e+001 6.233302e+001
      vertex   -5.447706e+001 9.405410e+001 6.248589e+001
      vertex   -6.029524e+001 9.405410e+001 6.248589e+001
    endloop
  endfacet
  facet normal 0.000000e+000 -5.220179e-001 8.529346e-001
    outer loop
      vertex   -6.029524e+001 9.380431e+001 6.233302e+001
      vertex   -5.447706e+001 9.380431e+001 6.233302e+001
      vertex   -6.029524e+001 9.405410e+001 6.248589e+001
    endloop
  endfacet
  facet normal 0.000000e+000 -5.220179e-001 8.529346e-001
    outer loop
      vertex   -4.865888e+001 9.380431e+001 6.233302e+001
      vertex   -4.865888e+001 9.405410e+001 6.248589e+001
      vertex   -5.447706e+001 9.405410e+001 6.248589e+001
    endloop
  endfacet
  facet normal 0.000000e+000 -5.830223e-001 8.124562e-001
    outer loop
      vertex   -7.193160e+001 9.356639e+001 6.216228e+001
      vertex   -7.193160e+001 9.380431e+001 6.233302e+001
      vertex   -7.774979e+001 9.380431e+001 6.233302e+001
    endloop
  endfacet
  facet normal 0.000000e+000 -5.830223e-001 8.124562e-001
    outer loop
      vertex   -7.774979e+001 9.356639e+001 6.216228e+001
      vertex   -7.193160e+001 9.356639e+001 6.216228e+001
      vertex   -7.774979e+001 9.380431e+001 6.233302e+001
    endloop
  endfacet
  facet normal 0.000000e+000 -5.830223e-001 8.124562e-001
    outer loop
      vertex   -8.356797e+001 9.356639e+001 6.216228e+001
      vertex   -7.774979e+001 9.356639e+001 6.216228e+001
      vertex   -8.356797e+001 9.380431e+001 6.233302e+001
    endloop
  endfacet
  facet normal 0.000000e+000 -5.830223e-001 8.124562e-001
    outer loop
      vertex   -6.029524e+001 9.356639e+001 6.216228e+001
      vertex   -6.611342e+001 9.380431e+001 6.233302e+001
      vertex   -6.611342e+001 9.356639e+001 6.216228e+001
    endloop
  endfacet
  facet normal 0.000000e+000 -5.830223e-001 8.124562e-001
    outer loop
      vertex   -5.447706e+001 9.356639e+001 6.216228e+001
      vertex   -6.029524e+001 9.380431e+001 6.233302e+001
      vertex   -6.029524e+001 9.356639e+001 6.216228e+001
    endloop
  endfacet
  facet normal 0.000000e+000 -5.830223e-001 8.124562e-001
    outer loop
      vertex   -4.865888e+001 9.356639e+001 6.216228e+001
      vertex   -4.865888e+001 9.380431e+001 6.233302e+001
      vertex   -5.447706e+001 9.380431e+001 6.233302e+001
    endloop
  endfacet
  facet normal 0.000000e+000 -5.830223e-001 8.124562e-001
    outer loop
      vertex   -5.447706e+001 9.356639e+001 6.216228e+001
      vertex   -4.865888e+001 9.356639e+001 6.216228e+001
      vertex   -5.447706e+001 9.380431e+001 6.233302e+001
    endloop
  endfacet
  facet normal 0.000000e+000 -5.830223e-001 8.124562e-001
    outer loop
      vertex   -4.284069e+001 9.356639e+001 6.216228e+001
      vertex   -4.284069e+001 9.380431e+001 6.233302e+001
      vertex   -4.865888e+001 9.380431e+001 6.233302e+001
    endloop
  endfacet
  facet normal 9.922083e-016 -5.830223e-001 8.124562e-001
    outer loop
      vertex   -3.702251e+001 9.356639e+001 6.216228e+001
      vertex   -3.702251e+001 9.380431e+001 6.233302e+001
      vertex   -4.284069e+001 9.380431e+001 6.233302e+001
    endloop
  endfacet
  facet normal 0.000000e+000 -5.830223e-001 8.124562e-001
    outer loop
      vertex   -8.938615e+001 9.380431e+001 6.233302e+001
      vertex   -8.938615e+001 9.356639e+001 6.216228e+001
      vertex   -8.356797e+001 9.356639e+001 6.216228e+001
    endloop
  endfacet
  facet normal 0.000000e+000 -6.409017e-001 7.676230e-001
    outer loop
      vertex   -8.356797e+001 9.356639e+001 6.216228e+001
      vertex   -8.938615e+001 9.356639e+001 6.216228e+001
      vertex   -8.356797e+001 9.334159e+001 6.197459e+001
    endloop
  endfacet
  facet normal 0.000000e+000 -6.953459e-001 7.186753e-001
    outer loop
      vertex   -7.774979e+001 9.334159e+001 6.197459e+001
      vertex   -8.356797e+001 9.334159e+001 6.197459e+001
      vertex   -7.774979e+001 9.313113e+001 6.177096e+001
    endloop
  endfacet
  facet normal 0.000000e+000 -7.460629e-001 6.658754e-001
    outer loop
      vertex   -7.193160e+001 9.313113e+001 6.177096e+001
      vertex   -7.774979e+001 9.313113e+001 6.177096e+001
      vertex   -7.193160e+001 9.293613e+001 6.155247e+001
    endloop
  endfacet
  facet normal 0.000000e+000 -7.927811e-001 6.095065e-001
    outer loop
      vertex   -6.611342e+001 9.293613e+001 6.155247e+001
      vertex   -7.193160e+001 9.293613e+001 6.155247e+001
      vertex   -6.611342e+001 9.275763e+001 6.132031e+001
    endloop
  endfacet
  facet normal 0.000000e+000 -7.927811e-001 6.095065e-001
    outer loop
      vertex   -6.029524e+001 9.275763e+001 6.132031e+001
      vertex   -6.611342e+001 9.293613e+001 6.155247e+001
      vertex   -6.611342e+001 9.275763e+001 6.132031e+001
    endloop
  endfacet
  facet normal 0.000000e+000 -6.409017e-001 7.676230e-001
    outer loop
      vertex   -8.938615e+001 9.334159e+001 6.197459e+001
      vertex   -8.356797e+001 9.334159e+001 6.197459e+001
      vertex   -8.938615e+001 9.356639e+001 6.216228e+001
    endloop
  endfacet
  facet normal 0.000000e+000 -6.409017e-001 7.676230e-001
    outer loop
      vertex   -8.356797e+001 9.334159e+001 6.197459e+001
      vertex   -7.774979e+001 9.334159e+001 6.197459e+001
      vertex   -8.356797e+001 9.356639e+001 6.216228e+001
    endloop
  endfacet
  facet normal 0.000000e+000 -6.409017e-001 7.676230e-001
    outer loop
      vertex   -6.611342e+001 9.334159e+001 6.197459e+001
      vertex   -6.611342e+001 9.356639e+001 6.216228e+001
      vertex   -7.193160e+001 9.356639e+001 6.216228e+001
    endloop
  endfacet
  facet normal 0.000000e+000 -6.409017e-001 7.676230e-001
    outer loop
      vertex   -7.193160e+001 9.334159e+001 6.197459e+001
      vertex   -6.611342e+001 9.334159e+001 6.197459e+001
      vertex   -7.193160e+001 9.356639e+001 6.216228e+001
    endloop
  endfacet
  facet normal 0.000000e+000 -6.409017e-001 7.676230e-001
    outer loop
      vertex   -7.774979e+001 9.334159e+001 6.197459e+001
      vertex   -7.193160e+001 9.334159e+001 6.197459e+001
      vertex   -7.774979e+001 9.356639e+001 6.216228e+001
    endloop
  endfacet
  facet normal 0.000000e+000 -6.409017e-001 7.676230e-001
    outer loop
      vertex   -5.447706e+001 9.334159e+001 6.197459e+001
      vertex   -6.029524e+001 9.356639e+001 6.216228e+001
      vertex   -6.029524e+001 9.334159e+001 6.197459e+001
    endloop
  endfacet
  facet normal 0.000000e+000 -6.409017e-001 7.676230e-001
    outer loop
      vertex   -4.865888e+001 9.334159e+001 6.197459e+001
      vertex   -5.447706e+001 9.356639e+001 6.216228e+001
      vertex   -5.447706e+001 9.334159e+001 6.197459e+001
    endloop
  endfacet
  facet normal 0.000000e+000 -6.409017e-001 7.676230e-001
    outer loop
      vertex   -4.284069e+001 9.334159e+001 6.197459e+001
      vertex   -4.284069e+001 9.356639e+001 6.216228e+001
      vertex   -4.865888e+001 9.356639e+001 6.216228e+001
    endloop
  endfacet
  facet normal 0.000000e+000 -6.409017e-001 7.676230e-001
    outer loop
      vertex   -4.865888e+001 9.334159e+001 6.197459e+001
      vertex   -4.284069e+001 9.334159e+001 6.197459e+001
      vertex   -4.865888e+001 9.356639e+001 6.216228e+001
    endloop
  endfacet
  facet normal 9.374559e-016 -6.409017e-001 7.676230e-001
    outer loop
      vertex   -3.702251e+001 9.334159e+001 6.197459e+001
      vertex   -3.702251e+001 9.356639e+001 6.216228e+001
      vertex   -4.284069e+001 9.356639e+001 6.216228e+001
    endloop
  endfacet
  facet normal 0.000000e+000 -6.953459e-001 7.186753e-001
    outer loop
      vertex   -8.356797e+001 9.313113e+001 6.177096e+001
      vertex   -7.774979e+001 9.313113e+001 6.177096e+001
      vertex   -8.356797e+001 9.334159e+001 6.197459e+001
    endloop
  endfacet
  facet normal 0.000000e+000 -6.953459e-001 7.186753e-001
    outer loop
      vertex   -7.774979e+001 9.313113e+001 6.177096e+001
      vertex   -7.193160e+001 9.313113e+001 6.177096e+001
      vertex   -7.774979e+001 9.334159e+001 6.197459e+001
    endloop
  endfacet
  facet normal 0.000000e+000 -6.953459e-001 7.186753e-001
    outer loop
      vertex   -6.029524e+001 9.313113e+001 6.177096e+001
      vertex   -6.029524e+001 9.334159e+001 6.197459e+001
      vertex   -6.611342e+001 9.334159e+001 6.197459e+001
    endloop
  endfacet
  facet normal 0.000000e+000 -6.953459e-001 7.186753e-001
    outer loop
      vertex   -6.611342e+001 9.313113e+001 6.177096e+001
      vertex   -6.029524e+001 9.313113e+001 6.177096e+001
      vertex   -6.611342e+001 9.334159e+001 6.197459e+001
    endloop
  endfacet
  facet normal 0.000000e+000 -6.953459e-001 7.186753e-001
    outer loop
      vertex   -7.193160e+001 9.313113e+001 6.177096e+001
      vertex   -6.611342e+001 9.313113e+001 6.177096e+001
      vertex   -7.193160e+001 9.334159e+001 6.197459e+001
    endloop
  endfacet
  facet normal 0.000000e+000 -6.953459e-001 7.186753e-001
    outer loop
      vertex   -4.865888e+001 9.313113e+001 6.177096e+001
      vertex   -5.447706e+001 9.334159e+001 6.197459e+001
      vertex   -5.447706e+001 9.313113e+001 6.177096e+001
    endloop
  endfacet
  facet normal 0.000000e+000 -6.953459e-001 7.186753e-001
    outer loop
      vertex   -4.284069e+001 9.313113e+001 6.177096e+001
      vertex   -4.865888e+001 9.334159e+001 6.197459e+001
      vertex   -4.865888e+001 9.313113e+001 6.177096e+001
    endloop
  endfacet
  facet normal 0.000000e+000 -6.953459e-001 7.186753e-001
    outer loop
      vertex   -8.938615e+001 9.334159e+001 6.197459e+001
      vertex   -8.938615e+001 9.313113e+001 6.177096e+001
      vertex   -8.356797e+001 9.313113e+001 6.177096e+001
    endloop
  endfacet
  facet normal 0.000000e+000 -7.460629e-001 6.658754e-001
    outer loop
      vertex   -8.356797e+001 9.313113e+001 6.177096e+001
      vertex   -8.938615e+001 9.313113e+001 6.177096e+001
      vertex   -8.356797e+001 9.293613e+001 6.155247e+001
    endloop
  endfacet
  facet normal 0.000000e+000 -7.927811e-001 6.095065e-001
    outer loop
      vertex   -7.774979e+001 9.293613e+001 6.155247e+001
      vertex   -8.356797e+001 9.293613e+001 6.155247e+001
      vertex   -7.774979e+001 9.275763e+001 6.132031e+001
    endloop
  endfacet
  facet normal 0.000000e+000 -8.352499e-001 5.498706e-001
    outer loop
      vertex   -7.193160e+001 9.275763e+001 6.132031e+001
      vertex   -7.774979e+001 9.275763e+001 6.132031e+001
      vertex   -7.193160e+001 9.259660e+001 6.107571e+001
    endloop
  endfacet
  facet normal 0.000000e+000 -8.352499e-001 5.498706e-001
    outer loop
      vertex   -6.611342e+001 9.259660e+001 6.107571e+001
      vertex   -7.193160e+001 9.275763e+001 6.132031e+001
      vertex   -7.193160e+001 9.259660e+001 6.107571e+001
    endloop
  endfacet
  facet normal 0.000000e+000 -7.460629e-001 6.658754e-001
    outer loop
      vertex   -8.938615e+001 9.293613e+001 6.155247e+001
      vertex   -8.356797e+001 9.293613e+001 6.155247e+001
      vertex   -8.938615e+001 9.313113e+001 6.177096e+001
    endloop
  endfacet
  facet normal 0.000000e+000 -7.460629e-001 6.658754e-001
    outer loop
      vertex   -8.356797e+001 9.293613e+001 6.155247e+001
      vertex   -7.774979e+001 9.293613e+001 6.155247e+001
      vertex   -8.356797e+001 9.313113e+001 6.177096e+001
    endloop
  endfacet
  facet normal 0.000000e+000 -7.460629e-001 6.658754e-001
    outer loop
      vertex   -7.774979e+001 9.293613e+001 6.155247e+001
      vertex   -7.193160e+001 9.293613e+001 6.155247e+001
      vertex   -7.774979e+001 9.313113e+001 6.177096e+001
    endloop
  endfacet
  facet normal 0.000000e+000 -7.460629e-001 6.658754e-001
    outer loop
      vertex   -7.193160e+001 9.293613e+001 6.155247e+001
      vertex   -6.611342e+001 9.293613e+001 6.155247e+001
      vertex   -7.193160e+001 9.313113e+001 6.177096e+001
    endloop
  endfacet
  facet normal 0.000000e+000 -7.460629e-001 6.658754e-001
    outer loop
      vertex   -5.447706e+001 9.293613e+001 6.155247e+001
      vertex   -5.447706e+001 9.313113e+001 6.177096e+001
      vertex   -6.029524e+001 9.313113e+001 6.177096e+001
    endloop
  endfacet
  facet normal 0.000000e+000 -7.460629e-001 6.658754e-001
    outer loop
      vertex   -6.029524e+001 9.293613e+001 6.155247e+001
      vertex   -5.447706e+001 9.293613e+001 6.155247e+001
      vertex   -6.029524e+001 9.313113e+001 6.177096e+001
    endloop
  endfacet
  facet normal 0.000000e+000 -7.460629e-001 6.658754e-001
    outer loop
      vertex   -6.611342e+001 9.293613e+001 6.155247e+001
      vertex   -6.029524e+001 9.293613e+001 6.155247e+001
      vertex   -6.611342e+001 9.313113e+001 6.177096e+001
    endloop
  endfacet
  facet normal 0.000000e+000 -7.460629e-001 6.658754e-001
    outer loop
      vertex   -4.284069e+001 9.293613e+001 6.155247e+001
      vertex   -4.865888e+001 9.313113e+001 6.177096e+001
      vertex   -4.865888e+001 9.293613e+001 6.155247e+001
    endloop
  endfacet
  facet normal 0.000000e+000 -7.927811e-001 6.095065e-001
    outer loop
      vertex   -7.774979e+001 9.275763e+001 6.132031e+001
      vertex   -8.356797e+001 9.293613e+001 6.155247e+001
      vertex   -8.356797e+001 9.275763e+001 6.132031e+001
    endloop
  endfacet
  facet normal 0.000000e+000 -7.927811e-001 6.095065e-001
    outer loop
      vertex   -7.193160e+001 9.275763e+001 6.132031e+001
      vertex   -7.774979e+001 9.293613e+001 6.155247e+001
      vertex   -7.774979e+001 9.275763e+001 6.132031e+001
    endloop
  endfacet
  facet normal 0.000000e+000 -7.927811e-001 6.095065e-001
    outer loop
      vertex   -6.611342e+001 9.275763e+001 6.132031e+001
      vertex   -7.193160e+001 9.293613e+001 6.155247e+001
      vertex   -7.193160e+001 9.275763e+001 6.132031e+001
    endloop
  endfacet
  facet normal 0.000000e+000 -7.927811e-001 6.095065e-001
    outer loop
      vertex   -5.447706e+001 9.275763e+001 6.132031e+001
      vertex   -6.029524e+001 9.293613e+001 6.155247e+001
      vertex   -6.029524e+001 9.275763e+001 6.132031e+001
    endloop
  endfacet
  facet normal 0.000000e+000 -7.927811e-001 6.095065e-001
    outer loop
      vertex   -4.865888e+001 9.275763e+001 6.132031e+001
      vertex   -4.865888e+001 9.293613e+001 6.155247e+001
      vertex   -5.447706e+001 9.293613e+001 6.155247e+001
    endloop
  endfacet
  facet normal 0.000000e+000 -7.927811e-001 6.095065e-001
    outer loop
      vertex   -5.447706e+001 9.275763e+001 6.132031e+001
      vertex   -4.865888e+001 9.275763e+001 6.132031e+001
      vertex   -5.447706e+001 9.293613e+001 6.155247e+001
    endloop
  endfacet
  facet normal 0.000000e+000 -8.352499e-001 5.498706e-001
    outer loop
      vertex   -8.356797e+001 9.259660e+001 6.107571e+001
      vertex   -8.356797e+001 9.275763e+001 6.132031e+001
      vertex   -8.938615e+001 9.275763e+001 6.132031e+001
    endloop
  endfacet
  facet normal 0.000000e+000 -8.352499e-001 5.498706e-001
    outer loop
      vertex   -8.938615e+001 9.259660e+001 6.107571e+001
      vertex   -8.356797e+001 9.259660e+001 6.107571e+001
      vertex   -8.938615e+001 9.275763e+001 6.132031e+001
    endloop
  endfacet
  facet normal 0.000000e+000 -8.732417e-001 4.872873e-001
    outer loop
      vertex   -8.938615e+001 9.259660e+001 6.107571e+001
      vertex   -8.356797e+001 9.245390e+001 6.081998e+001
      vertex   -8.356797e+001 9.259660e+001 6.107571e+001
    endloop
  endfacet
  facet normal 0.000000e+000 -8.732417e-001 4.872873e-001
    outer loop
      vertex   -8.938615e+001 9.259660e+001 6.107571e+001
      vertex   -8.938615e+001 9.245390e+001 6.081998e+001
      vertex   -8.356797e+001 9.245390e+001 6.081998e+001
    endloop
  endfacet
  facet normal 0.000000e+000 -8.352499e-001 5.498706e-001
    outer loop
      vertex   -7.193160e+001 9.259660e+001 6.107571e+001
      vertex   -7.774979e+001 9.275763e+001 6.132031e+001
      vertex   -7.774979e+001 9.259660e+001 6.107571e+001
    endloop
  endfacet
  facet normal 0.000000e+000 -8.352499e-001 5.498706e-001
    outer loop
      vertex   -4.284069e+001 9.259660e+001 6.107571e+001
      vertex   -4.284069e+001 9.275763e+001 6.132031e+001
      vertex   -4.865888e+001 9.275763e+001 6.132031e+001
    endloop
  endfacet
  facet normal 0.000000e+000 -8.352499e-001 5.498706e-001
    outer loop
      vertex   -4.865888e+001 9.259660e+001 6.107571e+001
      vertex   -4.284069e+001 9.259660e+001 6.107571e+001
      vertex   -4.865888e+001 9.275763e+001 6.132031e+001
    endloop
  endfacet
  facet normal 0.000000e+000 -8.732417e-001 4.872873e-001
    outer loop
      vertex   -7.774979e+001 9.245390e+001 6.081998e+001
      vertex   -7.774979e+001 9.259660e+001 6.107571e+001
      vertex   -8.356797e+001 9.259660e+001 6.107571e+001
    endloop
  endfacet
  facet normal 0.000000e+000 -8.732417e-001 4.872873e-001
    outer loop
      vertex   -8.356797e+001 9.245390e+001 6.081998e+001
      vertex   -7.774979e+001 9.245390e+001 6.081998e+001
      vertex   -8.356797e+001 9.259660e+001 6.107571e+001
    endloop
  endfacet
  facet normal 0.000000e+000 -9.065529e-001 4.220922e-001
    outer loop
      vertex   -8.356797e+001 9.245390e+001 6.081998e+001
      vertex   -7.774979e+001 9.233029e+001 6.055450e+001
      vertex   -7.774979e+001 9.245390e+001 6.081998e+001
    endloop
  endfacet
  facet normal 0.000000e+000 -9.065529e-001 4.220922e-001
    outer loop
      vertex   -8.356797e+001 9.245390e+001 6.081998e+001
      vertex   -8.356797e+001 9.233029e+001 6.055450e+001
      vertex   -7.774979e+001 9.233029e+001 6.055450e+001
    endloop
  endfacet
  facet normal 0.000000e+000 -8.732417e-001 4.872873e-001
    outer loop
      vertex   -6.029524e+001 9.245390e+001 6.081998e+001
      vertex   -6.611342e+001 9.259660e+001 6.107571e+001
      vertex   -6.611342e+001 9.245390e+001 6.081998e+001
    endloop
  endfacet
  facet normal 0.000000e+000 -9.065529e-001 4.220922e-001
    outer loop
      vertex   -6.029524e+001 9.233029e+001 6.055450e+001
      vertex   -6.611342e+001 9.245390e+001 6.081998e+001
      vertex   -6.611342e+001 9.233029e+001 6.055450e+001
    endloop
  endfacet
  facet normal 0.000000e+000 -9.065529e-001 4.220922e-001
    outer loop
      vertex   -6.029524e+001 9.233029e+001 6.055450e+001
      vertex   -6.029524e+001 9.245390e+001 6.081998e+001
      vertex   -6.611342e+001 9.245390e+001 6.081998e+001
    endloop
  endfacet
  facet normal 0.000000e+000 -9.065529e-001 4.220922e-001
    outer loop
      vertex   -6.029524e+001 9.233029e+001 6.055450e+001
      vertex   -5.447706e+001 9.233029e+001 6.055450e+001
      vertex   -6.029524e+001 9.245390e+001 6.081998e+001
    endloop
  endfacet
  facet normal 0.000000e+000 -9.350050e-001 3.546346e-001
    outer loop
      vertex   -6.029524e+001 9.233029e+001 6.055450e+001
      vertex   -5.447706e+001 9.222644e+001 6.028068e+001
      vertex   -5.447706e+001 9.233029e+001 6.055450e+001
    endloop
  endfacet
  facet normal 0.000000e+000 -9.350050e-001 3.546346e-001
    outer loop
      vertex   -6.029524e+001 9.233029e+001 6.055450e+001
      vertex   -6.029524e+001 9.222644e+001 6.028068e+001
      vertex   -5.447706e+001 9.222644e+001 6.028068e+001
    endloop
  endfacet
  facet normal 0.000000e+000 -8.732417e-001 4.872873e-001
    outer loop
      vertex   -5.447706e+001 9.245390e+001 6.081998e+001
      vertex   -6.029524e+001 9.259660e+001 6.107571e+001
      vertex   -6.029524e+001 9.245390e+001 6.081998e+001
    endloop
  endfacet
  facet normal 0.000000e+000 -9.065529e-001 4.220922e-001
    outer loop
      vertex   -5.447706e+001 9.233029e+001 6.055450e+001
      vertex   -5.447706e+001 9.245390e+001 6.081998e+001
      vertex   -6.029524e+001 9.245390e+001 6.081998e+001
    endloop
  endfacet
  facet normal 0.000000e+000 -9.065529e-001 4.220922e-001
    outer loop
      vertex   -5.447706e+001 9.233029e+001 6.055450e+001
      vertex   -4.865888e+001 9.233029e+001 6.055450e+001
      vertex   -5.447706e+001 9.245390e+001 6.081998e+001
    endloop
  endfacet
  facet normal 5.950974e-016 -8.732417e-001 4.872873e-001
    outer loop
      vertex   -3.702251e+001 9.245390e+001 6.081998e+001
      vertex   -3.702251e+001 9.259660e+001 6.107571e+001
      vertex   -4.284069e+001 9.259660e+001 6.107571e+001
    endloop
  endfacet
  facet normal 5.950974e-016 -8.732417e-001 4.872873e-001
    outer loop
      vertex   -4.284069e+001 9.245390e+001 6.081998e+001
      vertex   -3.702251e+001 9.245390e+001 6.081998e+001
      vertex   -4.284069e+001 9.259660e+001 6.107571e+001
    endloop
  endfacet
  facet normal 0.000000e+000 -9.065529e-001 4.220922e-001
    outer loop
      vertex   -7.193160e+001 9.233029e+001 6.055450e+001
      vertex   -7.193160e+001 9.245390e+001 6.081998e+001
      vertex   -7.774979e+001 9.245390e+001 6.081998e+001
    endloop
  endfacet
  facet normal 0.000000e+000 -9.065529e-001 4.220922e-001
    outer loop
      vertex   -7.774979e+001 9.233029e+001 6.055450e+001
      vertex   -7.193160e+001 9.233029e+001 6.055450e+001
      vertex   -7.774979e+001 9.245390e+001 6.081998e+001
    endloop
  endfacet
  facet normal 0.000000e+000 -9.065529e-001 4.220922e-001
    outer loop
      vertex   -4.284069e+001 9.233029e+001 6.055450e+001
      vertex   -4.865888e+001 9.245390e+001 6.081998e+001
      vertex   -4.865888e+001 9.233029e+001 6.055450e+001
    endloop
  endfacet
  facet normal 0.000000e+000 -9.350050e-001 3.546346e-001
    outer loop
      vertex   -4.284069e+001 9.222644e+001 6.028068e+001
      vertex   -4.865888e+001 9.233029e+001 6.055450e+001
      vertex   -4.865888e+001 9.222644e+001 6.028068e+001
    endloop
  endfacet
  facet normal 0.000000e+000 -9.584454e-001 2.852762e-001
    outer loop
      vertex   -3.120433e+001 9.214289e+001 6.000000e+001
      vertex   -4.284069e+001 9.222644e+001 6.028068e+001
      vertex   -4.865888e+001 9.222644e+001 6.028068e+001
    endloop
  endfacet
  facet normal 0.000000e+000 -9.065529e-001 4.220922e-001
    outer loop
      vertex   -8.938615e+001 9.245390e+001 6.081998e+001
      vertex   -8.938615e+001 9.233029e+001 6.055450e+001
      vertex   -8.356797e+001 9.233029e+001 6.055450e+001
    endloop
  endfacet
  facet normal 0.000000e+000 -9.350050e-001 3.546346e-001
    outer loop
      vertex   -8.356797e+001 9.233029e+001 6.055450e+001
      vertex   -8.938615e+001 9.233029e+001 6.055450e+001
      vertex   -8.356797e+001 9.222644e+001 6.028068e+001
    endloop
  endfacet
  facet normal 0.000000e+000 -9.350050e-001 3.546346e-001
    outer loop
      vertex   -7.774979e+001 9.222644e+001 6.028068e+001
      vertex   -8.356797e+001 9.233029e+001 6.055450e+001
      vertex   -8.356797e+001 9.222644e+001 6.028068e+001
    endloop
  endfacet
  facet normal 0.000000e+000 -9.350050e-001 3.546346e-001
    outer loop
      vertex   -8.938615e+001 9.222644e+001 6.028068e+001
      vertex   -8.356797e+001 9.222644e+001 6.028068e+001
      vertex   -8.938615e+001 9.233029e+001 6.055450e+001
    endloop
  endfacet
  facet normal 0.000000e+000 -9.350050e-001 3.546346e-001
    outer loop
      vertex   -4.865888e+001 9.222644e+001 6.028068e+001
      vertex   -5.447706e+001 9.233029e+001 6.055450e+001
      vertex   -5.447706e+001 9.222644e+001 6.028068e+001
    endloop
  endfacet
  facet normal 4.337190e-016 -9.350050e-001 3.546346e-001
    outer loop
      vertex   -3.702251e+001 9.222644e+001 6.028068e+001
      vertex   -4.284069e+001 9.233029e+001 6.055450e+001
      vertex   -4.284069e+001 9.222644e+001 6.028068e+001
    endloop
  endfacet
  facet normal 0.000000e+000 -9.350050e-001 3.546346e-001
    outer loop
      vertex   -4.284069e+001 9.222644e+001 6.028068e+001
      vertex   -4.284069e+001 9.233029e+001 6.055450e+001
      vertex   -4.865888e+001 9.233029e+001 6.055450e+001
    endloop
  endfacet
  facet normal 8.173472e-004 9.629512e-001 2.696746e-001
    outer loop
      vertex   -9.515987e+001 2.140984e+002 6.015864e+001
      vertex   -8.938615e+001 2.140594e+002 6.028068e+001
      vertex   -9.520433e+001 2.141429e+002 6.000000e+001
    endloop
  endfacet
  facet normal -1.022813e-004 9.509516e-001 3.093397e-001
    outer loop
      vertex   -9.515987e+001 2.140984e+002 6.015864e+001
      vertex   -9.510891e+001 2.140475e+002 6.031531e+001
      vertex   -8.938615e+001 2.140594e+002 6.028068e+001
    endloop
  endfacet
  facet normal 1.606779e-004 9.374370e-001 3.481549e-001
    outer loop
      vertex   -8.938615e+001 2.140594e+002 6.028068e+001
      vertex   -9.510891e+001 2.140475e+002 6.031531e+001
      vertex   -9.505154e+001 2.139901e+002 6.046976e+001
    endloop
  endfacet
  facet normal -1.488187e-004 9.222612e-001 3.865674e-001
    outer loop
      vertex   -8.938615e+001 2.139555e+002 6.055450e+001
      vertex   -9.505154e+001 2.139901e+002 6.046976e+001
      vertex   -9.498786e+001 2.139264e+002 6.062170e+001
    endloop
  endfacet
  facet normal 2.737539e-004 9.056338e-001 4.240605e-001
    outer loop
      vertex   -8.938615e+001 2.138319e+002 6.081998e+001
      vertex   -9.498786e+001 2.139264e+002 6.062170e+001
      vertex   -9.491798e+001 2.138565e+002 6.077090e+001
    endloop
  endfacet
  facet normal -1.369404e-004 8.873204e-001 4.611534e-001
    outer loop
      vertex   -9.484201e+001 2.137806e+002 6.091709e+001
      vertex   -8.938615e+001 2.138319e+002 6.081998e+001
      vertex   -9.491798e+001 2.138565e+002 6.077090e+001
    endloop
  endfacet
  facet normal 4.606687e-004 8.732416e-001 4.872873e-001
    outer loop
      vertex   -9.484201e+001 2.137806e+002 6.091709e+001
      vertex   -8.938615e+001 2.136892e+002 6.107571e+001
      vertex   -8.938615e+001 2.138319e+002 6.081998e+001
    endloop
  endfacet
  facet normal 7.808319e-005 8.676284e-001 4.972131e-001
    outer loop
      vertex   -9.484201e+001 2.137806e+002 6.091709e+001
      vertex   -9.476009e+001 2.136986e+002 6.106004e+001
      vertex   -8.938615e+001 2.136892e+002 6.107571e+001
    endloop
  endfacet
  facet normal -6.247605e-005 8.463791e-001 5.325809e-001
    outer loop
      vertex   -8.938615e+001 2.136892e+002 6.107571e+001
      vertex   -9.476009e+001 2.136986e+002 6.106004e+001
      vertex   -9.467235e+001 2.136109e+002 6.119948e+001
    endloop
  endfacet
  facet normal -6.440948e-005 8.237279e-001 5.669853e-001
    outer loop
      vertex   -8.938615e+001 2.135282e+002 6.132031e+001
      vertex   -9.467235e+001 2.136109e+002 6.119948e+001
      vertex   -9.457894e+001 2.135175e+002 6.133520e+001
    endloop
  endfacet
  facet normal 8.049987e-005 7.997320e-001 6.003572e-001
    outer loop
      vertex   -9.448002e+001 2.134186e+002 6.146695e+001
      vertex   -8.938615e+001 2.135282e+002 6.132031e+001
      vertex   -9.457894e+001 2.135175e+002 6.133520e+001
    endloop
  endfacet
  facet normal 4.934053e-004 7.927810e-001 6.095064e-001
    outer loop
      vertex   -9.448002e+001 2.134186e+002 6.146695e+001
      vertex   -8.938615e+001 2.133497e+002 6.155247e+001
      vertex   -8.938615e+001 2.135282e+002 6.132031e+001
    endloop
  endfacet
  facet normal -1.500812e-004 7.742406e-001 6.328914e-001
    outer loop
      vertex   -9.448002e+001 2.134186e+002 6.146695e+001
      vertex   -9.437576e+001 2.133143e+002 6.159452e+001
      vertex   -8.938615e+001 2.133497e+002 6.155247e+001
    endloop
  endfacet
  facet normal 3.000320e-004 7.477171e-001 6.640174e-001
    outer loop
      vertex   -8.938615e+001 2.133497e+002 6.155247e+001
      vertex   -9.437576e+001 2.133143e+002 6.159452e+001
      vertex   -9.426634e+001 2.132049e+002 6.171769e+001
    endloop
  endfacet
  facet normal -1.734916e-004 7.195169e-001 6.944749e-001
    outer loop
      vertex   -8.938615e+001 2.131547e+002 6.177096e+001
      vertex   -9.426634e+001 2.132049e+002 6.171769e+001
      vertex   -9.415194e+001 2.130905e+002 6.183624e+001
    endloop
  endfacet
  facet normal 1.994684e-004 6.905000e-001 7.233323e-001
    outer loop
      vertex   -8.938615e+001 2.129442e+002 6.197459e+001
      vertex   -9.415194e+001 2.130905e+002 6.183624e+001
      vertex   -9.403275e+001 2.129713e+002 6.194999e+001
    endloop
  endfacet
  facet normal -1.269706e-004 6.599478e-001 7.513114e-001
    outer loop
      vertex   -9.390898e+001 2.128475e+002 6.205873e+001
      vertex   -8.938615e+001 2.129442e+002 6.197459e+001
      vertex   -9.403275e+001 2.129713e+002 6.194999e+001
    endloop
  endfacet
  facet normal 5.834896e-004 6.409016e-001 7.676228e-001
    outer loop
      vertex   -9.390898e+001 2.128475e+002 6.205873e+001
      vertex   -8.938615e+001 2.127194e+002 6.216228e+001
      vertex   -8.938615e+001 2.129442e+002 6.197459e+001
    endloop
  endfacet
  facet normal 1.257549e-015 6.285236e-001 7.777905e-001
    outer loop
      vertex   -9.390898e+001 2.128475e+002 6.205873e+001
      vertex   -9.378084e+001 2.127194e+002 6.216228e+001
      vertex   -8.938615e+001 2.127194e+002 6.216228e+001
    endloop
  endfacet
  facet normal 1.298329e-015 5.959615e-001 8.030130e-001
    outer loop
      vertex   -8.938615e+001 2.127194e+002 6.216228e+001
      vertex   -9.378084e+001 2.127194e+002 6.216228e+001
      vertex   -9.364854e+001 2.125871e+002 6.226046e+001
    endloop
  endfacet
  facet normal -1.411041e-004 5.622918e-001 8.269389e-001
    outer loop
      vertex   -8.938615e+001 2.124815e+002 6.233302e+001
      vertex   -9.364854e+001 2.125871e+002 6.226046e+001
      vertex   -9.351231e+001 2.124509e+002 6.235312e+001
    endloop
  endfacet
  facet normal 2.216776e-004 5.280210e-001 8.492313e-001
    outer loop
      vertex   -9.337238e+001 2.123109e+002 6.244009e+001
      vertex   -8.938615e+001 2.124815e+002 6.233302e+001
      vertex   -9.351231e+001 2.124509e+002 6.235312e+001
    endloop
  endfacet
  facet normal 5.779593e-004 5.220178e-001 8.529344e-001
    outer loop
      vertex   -9.337238e+001 2.123109e+002 6.244009e+001
      vertex   -8.938615e+001 2.122317e+002 6.248589e+001
      vertex   -8.938615e+001 2.124815e+002 6.233302e+001
    endloop
  endfacet
  facet normal -2.144724e-004 4.922758e-001 8.704392e-001
    outer loop
      vertex   -9.337238e+001 2.123109e+002 6.244009e+001
      vertex   -9.322899e+001 2.121676e+002 6.252122e+001
      vertex   -8.938615e+001 2.122317e+002 6.248589e+001
    endloop
  endfacet
  facet normal 5.573575e-004 4.566214e-001 8.896609e-001
    outer loop
      vertex   -8.938615e+001 2.122317e+002 6.248589e+001
      vertex   -9.322899e+001 2.121676e+002 6.252122e+001
      vertex   -9.308238e+001 2.120209e+002 6.259637e+001
    endloop
  endfacet
  facet normal -2.067985e-004 4.189776e-001 9.079965e-001
    outer loop
      vertex   -8.938615e+001 2.119714e+002 6.262008e+001
      vertex   -9.308238e+001 2.120209e+002 6.259637e+001
      vertex   -9.293279e+001 2.118714e+002 6.266543e+001
    endloop
  endfacet
  facet normal 1.240304e-004 3.815110e-001 9.243643e-001
    outer loop
      vertex   -8.938615e+001 2.117020e+002 6.273486e+001
      vertex   -9.293279e+001 2.118714e+002 6.266543e+001
      vertex   -9.278049e+001 2.117191e+002 6.272827e+001
    endloop
  endfacet
  facet normal -9.923550e-005 3.429273e-001 9.393620e-001
    outer loop
      vertex   -9.262574e+001 2.115643e+002 6.278478e+001
      vertex   -8.938615e+001 2.117020e+002 6.273486e+001
      vertex   -9.278049e+001 2.117191e+002 6.272827e+001
    endloop
  endfacet
  facet normal 8.275492e-004 3.235973e-001 9.461945e-001
    outer loop
      vertex   -9.262574e+001 2.115643e+002 6.278478e+001
      vertex   -8.938615e+001 2.114249e+002 6.282963e+001
      vertex   -8.938615e+001 2.117020e+002 6.273486e+001
    endloop
  endfacet
  facet normal -1.081050e-004 3.039446e-001 9.526897e-001
    outer loop
      vertex   -9.262574e+001 2.115643e+002 6.278478e+001
      vertex   -9.246878e+001 2.114073e+002 6.283487e+001
      vertex   -8.938615e+001 2.114249e+002 6.282963e+001
    endloop
  endfacet
  facet normal 1.351177e-004 2.646805e-001 9.643361e-001
    outer loop
      vertex   -8.938615e+001 2.114249e+002 6.282963e+001
      vertex   -9.246878e+001 2.114073e+002 6.283487e+001
      vertex   -9.230990e+001 2.112485e+002 6.287846e+001
    endloop
  endfacet
  facet normal -2.677095e-004 2.243640e-001 9.745054e-001
    outer loop
      vertex   -8.938615e+001 2.111416e+002 6.290386e+001
      vertex   -9.230990e+001 2.112485e+002 6.287846e+001
      vertex   -9.214936e+001 2.110879e+002 6.291546e+001
    endloop
  endfacet
  facet normal 5.352834e-004 1.848175e-001 9.827727e-001
    outer loop
      vertex   -9.198743e+001 2.109260e+002 6.294583e+001
      vertex   -8.938615e+001 2.111416e+002 6.290386e+001
      vertex   -9.214936e+001 2.110879e+002 6.291546e+001
    endloop
  endfacet
  facet normal 7.729402e-004 1.820507e-001 9.832888e-001
    outer loop
      vertex   -9.198743e+001 2.109260e+002 6.294583e+001
      vertex   -8.938615e+001 2.108536e+002 6.295718e+001
      vertex   -8.938615e+001 2.111416e+002 6.290386e+001
    endloop
  endfacet
  facet normal -3.313215e-004 1.433455e-001 9.896726e-001
    outer loop
      vertex   -9.198743e+001 2.109260e+002 6.294583e+001
      vertex   -9.182438e+001 2.107629e+002 6.296950e+001
      vertex   -8.938615e+001 2.108536e+002 6.295718e+001
    endloop
  endfacet
  facet normal 9.448958e-004 1.096222e-001 9.939729e-001
    outer loop
      vertex   -8.938615e+001 2.108536e+002 6.295718e+001
      vertex   -9.182438e+001 2.107629e+002 6.296950e+001
      vertex   -8.938615e+001 2.105626e+002 6.298928e+001
    endloop
  endfacet
  facet normal 0.000000e+000 5.717870e-002 9.983640e-001
    outer loop
      vertex   -8.356797e+001 2.105626e+002 6.298928e+001
      vertex   -8.938615e+001 2.105626e+002 6.298928e+001
      vertex   -9.149607e+001 2.104346e+002 6.299661e+001
    endloop
  endfacet
  facet normal 0.000000e+000 5.717870e-002 9.983640e-001
    outer loop
      vertex   -7.774979e+001 2.105626e+002 6.298928e+001
      vertex   -9.149607e+001 2.104346e+002 6.299661e+001
      vertex   -7.193160e+001 2.105626e+002 6.298928e+001
    endloop
  endfacet
  facet normal 0.000000e+000 1.096223e-001 9.939733e-001
    outer loop
      vertex   -7.774979e+001 2.108536e+002 6.295718e+001
      vertex   -7.193160e+001 2.105626e+002 6.298928e+001
      vertex   -7.193160e+001 2.108536e+002 6.295718e+001
    endloop
  endfacet
  facet normal 0.000000e+000 1.820508e-001 9.832891e-001
    outer loop
      vertex   -7.774979e+001 2.111416e+002 6.290386e+001
      vertex   -7.193160e+001 2.108536e+002 6.295718e+001
      vertex   -7.193160e+001 2.111416e+002 6.290386e+001
    endloop
  endfacet
  facet normal 0.000000e+000 2.535035e-001 9.673345e-001
    outer loop
      vertex   -7.774979e+001 2.114249e+002 6.282963e+001
      vertex   -7.193160e+001 2.111416e+002 6.290386e+001
      vertex   -7.193160e+001 2.114249e+002 6.282963e+001
    endloop
  endfacet
  facet normal 0.000000e+000 3.235974e-001 9.461949e-001
    outer loop
      vertex   -7.774979e+001 2.117020e+002 6.273486e+001
      vertex   -7.193160e+001 2.114249e+002 6.282963e+001
      vertex   -7.193160e+001 2.117020e+002 6.273486e+001
    endloop
  endfacet
  facet normal 0.000000e+000 3.919569e-001 9.199836e-001
    outer loop
      vertex   -7.774979e+001 2.119714e+002 6.262008e+001
      vertex   -7.193160e+001 2.117020e+002 6.273486e+001
      vertex   -7.193160e+001 2.119714e+002 6.262008e+001
    endloop
  endfacet
  facet normal 0.000000e+000 4.582154e-001 8.888412e-001
    outer loop
      vertex   -7.774979e+001 2.122317e+002 6.248589e+001
      vertex   -7.193160e+001 2.119714e+002 6.262008e+001
      vertex   -7.193160e+001 2.122317e+002 6.248589e+001
    endloop
  endfacet
  facet normal 0.000000e+000 5.220179e-001 8.529346e-001
    outer loop
      vertex   -7.774979e+001 2.124815e+002 6.233302e+001
      vertex   -7.193160e+001 2.122317e+002 6.248589e+001
      vertex   -7.193160e+001 2.124815e+002 6.233302e+001
    endloop
  endfacet
  facet normal 0.000000e+000 5.830223e-001 8.124562e-001
    outer loop
      vertex   -7.774979e+001 2.127194e+002 6.216228e+001
      vertex   -7.193160e+001 2.124815e+002 6.233302e+001
      vertex   -7.193160e+001 2.127194e+002 6.216228e+001
    endloop
  endfacet
  facet normal 0.000000e+000 6.409017e-001 7.676230e-001
    outer loop
      vertex   -7.774979e+001 2.129442e+002 6.197459e+001
      vertex   -7.193160e+001 2.127194e+002 6.216228e+001
      vertex   -7.193160e+001 2.129442e+002 6.197459e+001
    endloop
  endfacet
  facet normal 0.000000e+000 6.953459e-001 7.186753e-001
    outer loop
      vertex   -7.774979e+001 2.131547e+002 6.177096e+001
      vertex   -7.193160e+001 2.129442e+002 6.197459e+001
      vertex   -7.193160e+001 2.131547e+002 6.177096e+001
    endloop
  endfacet
  facet normal 0.000000e+000 7.460629e-001 6.658754e-001
    outer loop
      vertex   -7.774979e+001 2.133497e+002 6.155247e+001
      vertex   -7.193160e+001 2.131547e+002 6.177096e+001
      vertex   -7.193160e+001 2.133497e+002 6.155247e+001
    endloop
  endfacet
  facet normal 0.000000e+000 7.927811e-001 6.095065e-001
    outer loop
      vertex   -7.774979e+001 2.135282e+002 6.132031e+001
      vertex   -7.193160e+001 2.133497e+002 6.155247e+001
      vertex   -7.193160e+001 2.135282e+002 6.132031e+001
    endloop
  endfacet
  facet normal 0.000000e+000 8.352499e-001 5.498706e-001
    outer loop
      vertex   -7.774979e+001 2.136892e+002 6.107571e+001
      vertex   -7.193160e+001 2.135282e+002 6.132031e+001
      vertex   -7.193160e+001 2.136892e+002 6.107571e+001
    endloop
  endfacet
  facet normal 0.000000e+000 8.732417e-001 4.872873e-001
    outer loop
      vertex   -7.774979e+001 2.138319e+002 6.081998e+001
      vertex   -7.193160e+001 2.136892e+002 6.107571e+001
      vertex   -7.193160e+001 2.138319e+002 6.081998e+001
    endloop
  endfacet
  facet normal 0.000000e+000 9.065529e-001 4.220922e-001
    outer loop
      vertex   -7.774979e+001 2.139555e+002 6.055450e+001
      vertex   -7.193160e+001 2.138319e+002 6.081998e+001
      vertex   -7.193160e+001 2.139555e+002 6.055450e+001
    endloop
  endfacet
  facet normal 0.000000e+000 9.350050e-001 3.546346e-001
    outer loop
      vertex   -7.774979e+001 2.140594e+002 6.028068e+001
      vertex   -7.193160e+001 2.139555e+002 6.055450e+001
      vertex   -7.193160e+001 2.140594e+002 6.028068e+001
    endloop
  endfacet
  facet normal -0.000000e+000 9.584454e-001 2.852762e-001
    outer loop
      vertex   -6.320433e+001 2.141429e+002 6.000000e+001
      vertex   -7.193160e+001 2.140594e+002 6.028068e+001
      vertex   -6.611342e+001 2.140594e+002 6.028068e+001
    endloop
  endfacet
  facet normal 0.000000e+000 9.350050e-001 3.546346e-001
    outer loop
      vertex   -6.029524e+001 2.140594e+002 6.028068e+001
      vertex   -6.611342e+001 2.140594e+002 6.028068e+001
      vertex   -6.029524e+001 2.139555e+002 6.055450e+001
    endloop
  endfacet
  facet normal 0.000000e+000 9.065529e-001 4.220922e-001
    outer loop
      vertex   -5.447706e+001 2.139555e+002 6.055450e+001
      vertex   -6.029524e+001 2.139555e+002 6.055450e+001
      vertex   -5.447706e+001 2.138319e+002 6.081998e+001
    endloop
  endfacet
  facet normal 0.000000e+000 8.732417e-001 4.872873e-001
    outer loop
      vertex   -4.865888e+001 2.138319e+002 6.081998e+001
      vertex   -5.447706e+001 2.138319e+002 6.081998e+001
      vertex   -4.865888e+001 2.136892e+002 6.107571e+001
    endloop
  endfacet
  facet normal 0.000000e+000 8.352499e-001 5.498706e-001
    outer loop
      vertex   -4.284069e+001 2.136892e+002 6.107571e+001
      vertex   -4.865888e+001 2.136892e+002 6.107571e+001
      vertex   -4.284069e+001 2.135282e+002 6.132031e+001
    endloop
  endfacet
  facet normal 7.443570e-016 7.927811e-001 6.095065e-001
    outer loop
      vertex   -3.702251e+001 2.135282e+002 6.132031e+001
      vertex   -4.284069e+001 2.135282e+002 6.132031e+001
      vertex   -3.702251e+001 2.133497e+002 6.155247e+001
    endloop
  endfacet
  facet normal 1.500812e-004 7.742406e-001 6.328914e-001
    outer loop
      vertex   -3.192864e+001 2.134186e+002 6.146695e+001
      vertex   -3.702251e+001 2.133497e+002 6.155247e+001
      vertex   -3.203290e+001 2.133143e+002 6.159452e+001
    endloop
  endfacet
  facet normal -4.934053e-004 7.927810e-001 6.095064e-001
    outer loop
      vertex   -3.192864e+001 2.134186e+002 6.146695e+001
      vertex   -3.702251e+001 2.135282e+002 6.132031e+001
      vertex   -3.702251e+001 2.133497e+002 6.155247e+001
    endloop
  endfacet
  facet normal -8.049987e-005 7.997320e-001 6.003572e-001
    outer loop
      vertex   -3.192864e+001 2.134186e+002 6.146695e+001
      vertex   -3.182972e+001 2.135175e+002 6.133520e+001
      vertex   -3.702251e+001 2.135282e+002 6.132031e+001
    endloop
  endfacet
  facet normal 6.440948e-005 8.237279e-001 5.669853e-001
    outer loop
      vertex   -3.702251e+001 2.135282e+002 6.132031e+001
      vertex   -3.182972e+001 2.135175e+002 6.133520e+001
      vertex   -3.173631e+001 2.136109e+002 6.119948e+001
    endloop
  endfacet
  facet normal 6.247605e-005 8.463791e-001 5.325809e-001
    outer loop
      vertex   -3.702251e+001 2.136892e+002 6.107571e+001
      vertex   -3.173631e+001 2.136109e+002 6.119948e+001
      vertex   -3.164858e+001 2.136986e+002 6.106004e+001
    endloop
  endfacet
  facet normal -7.808319e-005 8.676284e-001 4.972131e-001
    outer loop
      vertex   -3.156665e+001 2.137806e+002 6.091709e+001
      vertex   -3.702251e+001 2.136892e+002 6.107571e+001
      vertex   -3.164858e+001 2.136986e+002 6.106004e+001
    endloop
  endfacet
  facet normal -4.606687e-004 8.732416e-001 4.872873e-001
    outer loop
      vertex   -3.156665e+001 2.137806e+002 6.091709e+001
      vertex   -3.702251e+001 2.138319e+002 6.081998e+001
      vertex   -3.702251e+001 2.136892e+002 6.107571e+001
    endloop
  endfacet
  facet normal 1.369404e-004 8.873204e-001 4.611534e-001
    outer loop
      vertex   -3.156665e+001 2.137806e+002 6.091709e+001
      vertex   -3.149069e+001 2.138565e+002 6.077090e+001
      vertex   -3.702251e+001 2.138319e+002 6.081998e+001
    endloop
  endfacet
  facet normal -2.737539e-004 9.056338e-001 4.240605e-001
    outer loop
      vertex   -3.702251e+001 2.138319e+002 6.081998e+001
      vertex   -3.149069e+001 2.138565e+002 6.077090e+001
      vertex   -3.142080e+001 2.139264e+002 6.062170e+001
    endloop
  endfacet
  facet normal 1.488187e-004 9.222612e-001 3.865674e-001
    outer loop
      vertex   -3.702251e+001 2.139555e+002 6.055450e+001
      vertex   -3.142080e+001 2.139264e+002 6.062170e+001
      vertex   -3.135712e+001 2.139901e+002 6.046976e+001
    endloop
  endfacet
  facet normal -1.606779e-004 9.374370e-001 3.481549e-001
    outer loop
      vertex   -3.702251e+001 2.140594e+002 6.028068e+001
      vertex   -3.135712e+001 2.139901e+002 6.046976e+001
      vertex   -3.129976e+001 2.140475e+002 6.031531e+001
    endloop
  endfacet
  facet normal 1.022813e-004 9.509516e-001 3.093397e-001
    outer loop
      vertex   -3.124880e+001 2.140984e+002 6.015864e+001
      vertex   -3.702251e+001 2.140594e+002 6.028068e+001
      vertex   -3.129976e+001 2.140475e+002 6.031531e+001
    endloop
  endfacet
  facet normal 3.724237e-016 9.523671e-001 3.049540e-001
    outer loop
      vertex   -3.124880e+001 2.140984e+002 6.015864e+001
      vertex   -4.284069e+001 2.140594e+002 6.028068e+001
      vertex   -3.702251e+001 2.140594e+002 6.028068e+001
    endloop
  endfacet
  facet normal -1.287233e-004 9.558535e-001 2.938438e-001
    outer loop
      vertex   -3.124880e+001 2.140984e+002 6.015864e+001
      vertex   -6.320433e+001 2.141429e+002 6.000000e+001
      vertex   -4.284069e+001 2.140594e+002 6.028068e+001
    endloop
  endfacet
  facet normal 0.000000e+000 9.628920e-001 2.698871e-001
    outer loop
      vertex   -3.124880e+001 2.140984e+002 6.015864e+001
      vertex   -3.120433e+001 2.141429e+002 6.000000e+001
      vertex   -6.320433e+001 2.141429e+002 6.000000e+001
    endloop
  endfacet
  facet normal 4.066585e-004 9.350049e-001 3.546346e-001
    outer loop
      vertex   -8.938615e+001 2.140594e+002 6.028068e+001
      vertex   -9.505154e+001 2.139901e+002 6.046976e+001
      vertex   -8.938615e+001 2.139555e+002 6.055450e+001
    endloop
  endfacet
  facet normal 0.000000e+000 9.065529e-001 4.220922e-001
    outer loop
      vertex   -8.356797e+001 2.139555e+002 6.055450e+001
      vertex   -8.938615e+001 2.139555e+002 6.055450e+001
      vertex   -8.356797e+001 2.138319e+002 6.081998e+001
    endloop
  endfacet
  facet normal 0.000000e+000 8.732417e-001 4.872873e-001
    outer loop
      vertex   -7.774979e+001 2.138319e+002 6.081998e+001
      vertex   -8.356797e+001 2.138319e+002 6.081998e+001
      vertex   -7.774979e+001 2.136892e+002 6.107571e+001
    endloop
  endfacet
  facet normal 0.000000e+000 8.732417e-001 4.872873e-001
    outer loop
      vertex   -7.193160e+001 2.136892e+002 6.107571e+001
      vertex   -7.774979e+001 2.138319e+002 6.081998e+001
      vertex   -7.774979e+001 2.136892e+002 6.107571e+001
    endloop
  endfacet
  facet normal 3.589321e-004 9.065529e-001 4.220922e-001
    outer loop
      vertex   -8.938615e+001 2.139555e+002 6.055450e+001
      vertex   -9.498786e+001 2.139264e+002 6.062170e+001
      vertex   -8.938615e+001 2.138319e+002 6.081998e+001
    endloop
  endfacet
  facet normal 0.000000e+000 8.732417e-001 4.872873e-001
    outer loop
      vertex   -8.356797e+001 2.138319e+002 6.081998e+001
      vertex   -8.938615e+001 2.138319e+002 6.081998e+001
      vertex   -8.356797e+001 2.136892e+002 6.107571e+001
    endloop
  endfacet
  facet normal 0.000000e+000 8.352499e-001 5.498706e-001
    outer loop
      vertex   -7.774979e+001 2.136892e+002 6.107571e+001
      vertex   -8.356797e+001 2.136892e+002 6.107571e+001
      vertex   -7.774979e+001 2.135282e+002 6.132031e+001
    endloop
  endfacet
  facet normal 0.000000e+000 8.352499e-001 5.498706e-001
    outer loop
      vertex   -7.193160e+001 2.135282e+002 6.132031e+001
      vertex   -7.774979e+001 2.136892e+002 6.107571e+001
      vertex   -7.774979e+001 2.135282e+002 6.132031e+001
    endloop
  endfacet
  facet normal 5.071545e-004 8.352498e-001 5.498705e-001
    outer loop
      vertex   -8.938615e+001 2.136892e+002 6.107571e+001
      vertex   -9.467235e+001 2.136109e+002 6.119948e+001
      vertex   -8.938615e+001 2.135282e+002 6.132031e+001
    endloop
  endfacet
  facet normal 0.000000e+000 7.927811e-001 6.095065e-001
    outer loop
      vertex   -8.356797e+001 2.135282e+002 6.132031e+001
      vertex   -8.938615e+001 2.135282e+002 6.132031e+001
      vertex   -8.356797e+001 2.133497e+002 6.155247e+001
    endloop
  endfacet
  facet normal 0.000000e+000 7.460629e-001 6.658754e-001
    outer loop
      vertex   -7.774979e+001 2.133497e+002 6.155247e+001
      vertex   -8.356797e+001 2.133497e+002 6.155247e+001
      vertex   -7.774979e+001 2.131547e+002 6.177096e+001
    endloop
  endfacet
  facet normal 0.000000e+000 7.460629e-001 6.658754e-001
    outer loop
      vertex   -7.193160e+001 2.131547e+002 6.177096e+001
      vertex   -7.774979e+001 2.133497e+002 6.155247e+001
      vertex   -7.774979e+001 2.131547e+002 6.177096e+001
    endloop
  endfacet
  facet normal 4.119988e-004 7.460629e-001 6.658754e-001
    outer loop
      vertex   -8.938615e+001 2.133497e+002 6.155247e+001
      vertex   -9.426634e+001 2.132049e+002 6.171769e+001
      vertex   -8.938615e+001 2.131547e+002 6.177096e+001
    endloop
  endfacet
  facet normal 0.000000e+000 6.953459e-001 7.186753e-001
    outer loop
      vertex   -8.356797e+001 2.131547e+002 6.177096e+001
      vertex   -8.938615e+001 2.131547e+002 6.177096e+001
      vertex   -8.356797e+001 2.129442e+002 6.197459e+001
    endloop
  endfacet
  facet normal 0.000000e+000 6.409017e-001 7.676230e-001
    outer loop
      vertex   -7.774979e+001 2.129442e+002 6.197459e+001
      vertex   -8.356797e+001 2.129442e+002 6.197459e+001
      vertex   -7.774979e+001 2.127194e+002 6.216228e+001
    endloop
  endfacet
  facet normal 0.000000e+000 6.409017e-001 7.676230e-001
    outer loop
      vertex   -7.193160e+001 2.127194e+002 6.216228e+001
      vertex   -7.774979e+001 2.129442e+002 6.197459e+001
      vertex   -7.774979e+001 2.127194e+002 6.216228e+001
    endloop
  endfacet
  facet normal 4.834202e-004 6.953458e-001 7.186752e-001
    outer loop
      vertex   -8.938615e+001 2.131547e+002 6.177096e+001
      vertex   -9.415194e+001 2.130905e+002 6.183624e+001
      vertex   -8.938615e+001 2.129442e+002 6.197459e+001
    endloop
  endfacet
  facet normal 0.000000e+000 6.409017e-001 7.676230e-001
    outer loop
      vertex   -8.356797e+001 2.129442e+002 6.197459e+001
      vertex   -8.938615e+001 2.129442e+002 6.197459e+001
      vertex   -8.356797e+001 2.127194e+002 6.216228e+001
    endloop
  endfacet
  facet normal 0.000000e+000 5.830223e-001 8.124562e-001
    outer loop
      vertex   -7.774979e+001 2.127194e+002 6.216228e+001
      vertex   -8.356797e+001 2.127194e+002 6.216228e+001
      vertex   -7.774979e+001 2.124815e+002 6.233302e+001
    endloop
  endfacet
  facet normal 0.000000e+000 5.830223e-001 8.124562e-001
    outer loop
      vertex   -7.193160e+001 2.124815e+002 6.233302e+001
      vertex   -7.774979e+001 2.127194e+002 6.216228e+001
      vertex   -7.774979e+001 2.124815e+002 6.233302e+001
    endloop
  endfacet
  facet normal 6.191422e-004 5.830222e-001 8.124560e-001
    outer loop
      vertex   -8.938615e+001 2.127194e+002 6.216228e+001
      vertex   -9.364854e+001 2.125871e+002 6.226046e+001
      vertex   -8.938615e+001 2.124815e+002 6.233302e+001
    endloop
  endfacet
  facet normal 0.000000e+000 5.220179e-001 8.529346e-001
    outer loop
      vertex   -8.356797e+001 2.124815e+002 6.233302e+001
      vertex   -8.938615e+001 2.124815e+002 6.233302e+001
      vertex   -8.356797e+001 2.122317e+002 6.248589e+001
    endloop
  endfacet
  facet normal 0.000000e+000 4.582154e-001 8.888412e-001
    outer loop
      vertex   -7.774979e+001 2.122317e+002 6.248589e+001
      vertex   -8.356797e+001 2.122317e+002 6.248589e+001
      vertex   -7.774979e+001 2.119714e+002 6.262008e+001
    endloop
  endfacet
  facet normal 0.000000e+000 4.582154e-001 8.888412e-001
    outer loop
      vertex   -7.193160e+001 2.119714e+002 6.262008e+001
      vertex   -7.774979e+001 2.122317e+002 6.248589e+001
      vertex   -7.774979e+001 2.119714e+002 6.262008e+001
    endloop
  endfacet
  facet normal 4.419680e-004 4.582153e-001 8.888411e-001
    outer loop
      vertex   -8.938615e+001 2.122317e+002 6.248589e+001
      vertex   -9.308238e+001 2.120209e+002 6.259637e+001
      vertex   -8.938615e+001 2.119714e+002 6.262008e+001
    endloop
  endfacet
  facet normal 0.000000e+000 3.919569e-001 9.199836e-001
    outer loop
      vertex   -8.356797e+001 2.119714e+002 6.262008e+001
      vertex   -8.938615e+001 2.119714e+002 6.262008e+001
      vertex   -8.356797e+001 2.117020e+002 6.273486e+001
    endloop
  endfacet
  facet normal 0.000000e+000 3.235974e-001 9.461949e-001
    outer loop
      vertex   -7.774979e+001 2.117020e+002 6.273486e+001
      vertex   -8.356797e+001 2.117020e+002 6.273486e+001
      vertex   -7.774979e+001 2.114249e+002 6.282963e+001
    endloop
  endfacet
  facet normal 0.000000e+000 3.235974e-001 9.461949e-001
    outer loop
      vertex   -7.193160e+001 2.114249e+002 6.282963e+001
      vertex   -7.774979e+001 2.117020e+002 6.273486e+001
      vertex   -7.774979e+001 2.114249e+002 6.282963e+001
    endloop
  endfacet
  facet normal 7.086541e-004 3.919568e-001 9.199834e-001
    outer loop
      vertex   -8.938615e+001 2.119714e+002 6.262008e+001
      vertex   -9.293279e+001 2.118714e+002 6.266543e+001
      vertex   -8.938615e+001 2.117020e+002 6.273486e+001
    endloop
  endfacet
  facet normal 0.000000e+000 3.235974e-001 9.461949e-001
    outer loop
      vertex   -8.356797e+001 2.117020e+002 6.273486e+001
      vertex   -8.938615e+001 2.117020e+002 6.273486e+001
      vertex   -8.356797e+001 2.114249e+002 6.282963e+001
    endloop
  endfacet
  facet normal 0.000000e+000 2.535035e-001 9.673345e-001
    outer loop
      vertex   -7.774979e+001 2.114249e+002 6.282963e+001
      vertex   -8.356797e+001 2.114249e+002 6.282963e+001
      vertex   -7.774979e+001 2.111416e+002 6.290386e+001
    endloop
  endfacet
  facet normal 0.000000e+000 2.535035e-001 9.673345e-001
    outer loop
      vertex   -7.193160e+001 2.111416e+002 6.290386e+001
      vertex   -7.774979e+001 2.114249e+002 6.282963e+001
      vertex   -7.774979e+001 2.111416e+002 6.290386e+001
    endloop
  endfacet
  facet normal 8.596295e-004 2.535034e-001 9.673341e-001
    outer loop
      vertex   -8.938615e+001 2.114249e+002 6.282963e+001
      vertex   -9.230990e+001 2.112485e+002 6.287846e+001
      vertex   -8.938615e+001 2.111416e+002 6.290386e+001
    endloop
  endfacet
  facet normal 0.000000e+000 1.820508e-001 9.832891e-001
    outer loop
      vertex   -8.356797e+001 2.111416e+002 6.290386e+001
      vertex   -8.938615e+001 2.111416e+002 6.290386e+001
      vertex   -8.356797e+001 2.108536e+002 6.295718e+001
    endloop
  endfacet
  facet normal 0.000000e+000 1.096223e-001 9.939733e-001
    outer loop
      vertex   -7.774979e+001 2.108536e+002 6.295718e+001
      vertex   -8.356797e+001 2.108536e+002 6.295718e+001
      vertex   -7.774979e+001 2.105626e+002 6.298928e+001
    endloop
  endfacet
  facet normal 0.000000e+000 1.096223e-001 9.939733e-001
    outer loop
      vertex   -7.193160e+001 2.105626e+002 6.298928e+001
      vertex   -7.774979e+001 2.108536e+002 6.295718e+001
      vertex   -7.774979e+001 2.105626e+002 6.298928e+001
    endloop
  endfacet
  facet normal 4.117920e-004 1.032033e-001 9.946602e-001
    outer loop
      vertex   -9.182438e+001 2.107629e+002 6.296950e+001
      vertex   -9.166050e+001 2.105991e+002 6.298643e+001
      vertex   -8.938615e+001 2.105626e+002 6.298928e+001
    endloop
  endfacet
  facet normal -2.620813e-004 6.148630e-002 9.981079e-001
    outer loop
      vertex   -8.938615e+001 2.105626e+002 6.298928e+001
      vertex   -9.166050e+001 2.105991e+002 6.298643e+001
      vertex   -9.149607e+001 2.104346e+002 6.299661e+001
    endloop
  endfacet
  facet normal 2.525657e-016 2.059411e-002 9.997879e-001
    outer loop
      vertex   -9.133135e+001 2.102699e+002 6.300000e+001
      vertex   -3.507731e+001 2.102699e+002 6.300000e+001
      vertex   -9.149607e+001 2.104346e+002 6.299661e+001
    endloop
  endfacet
  facet normal 7.394455e-005 4.590406e-002 9.989459e-001
    outer loop
      vertex   -9.149607e+001 2.104346e+002 6.299661e+001
      vertex   -3.507731e+001 2.102699e+002 6.300000e+001
      vertex   -7.193160e+001 2.105626e+002 6.298928e+001
    endloop
  endfacet
  facet normal 0.000000e+000 3.660615e-002 9.993298e-001
    outer loop
      vertex   -7.193160e+001 2.105626e+002 6.298928e+001
      vertex   -3.507731e+001 2.102699e+002 6.300000e+001
      vertex   -6.611342e+001 2.105626e+002 6.298928e+001
    endloop
  endfacet
  facet normal 0.000000e+000 1.096223e-001 9.939733e-001
    outer loop
      vertex   -7.193160e+001 2.108536e+002 6.295718e+001
      vertex   -6.611342e+001 2.105626e+002 6.298928e+001
      vertex   -6.611342e+001 2.108536e+002 6.295718e+001
    endloop
  endfacet
  facet normal 0.000000e+000 1.820508e-001 9.832891e-001
    outer loop
      vertex   -7.193160e+001 2.111416e+002 6.290386e+001
      vertex   -6.611342e+001 2.108536e+002 6.295718e+001
      vertex   -6.611342e+001 2.111416e+002 6.290386e+001
    endloop
  endfacet
  facet normal 0.000000e+000 2.535035e-001 9.673345e-001
    outer loop
      vertex   -7.193160e+001 2.114249e+002 6.282963e+001
      vertex   -6.611342e+001 2.111416e+002 6.290386e+001
      vertex   -6.611342e+001 2.114249e+002 6.282963e+001
    endloop
  endfacet
  facet normal 0.000000e+000 3.235974e-001 9.461949e-001
    outer loop
      vertex   -7.193160e+001 2.117020e+002 6.273486e+001
      vertex   -6.611342e+001 2.114249e+002 6.282963e+001
      vertex   -6.611342e+001 2.117020e+002 6.273486e+001
    endloop
  endfacet
  facet normal 0.000000e+000 3.919569e-001 9.199836e-001
    outer loop
      vertex   -7.193160e+001 2.119714e+002 6.262008e+001
      vertex   -6.611342e+001 2.117020e+002 6.273486e+001
      vertex   -6.611342e+001 2.119714e+002 6.262008e+001
    endloop
  endfacet
  facet normal 0.000000e+000 4.582154e-001 8.888412e-001
    outer loop
      vertex   -7.193160e+001 2.122317e+002 6.248589e+001
      vertex   -6.611342e+001 2.119714e+002 6.262008e+001
      vertex   -6.611342e+001 2.122317e+002 6.248589e+001
    endloop
  endfacet
  facet normal 0.000000e+000 5.220179e-001 8.529346e-001
    outer loop
      vertex   -7.193160e+001 2.124815e+002 6.233302e+001
      vertex   -6.611342e+001 2.122317e+002 6.248589e+001
      vertex   -6.611342e+001 2.124815e+002 6.233302e+001
    endloop
  endfacet
  facet normal 0.000000e+000 5.830223e-001 8.124562e-001
    outer loop
      vertex   -7.193160e+001 2.127194e+002 6.216228e+001
      vertex   -6.611342e+001 2.124815e+002 6.233302e+001
      vertex   -6.611342e+001 2.127194e+002 6.216228e+001
    endloop
  endfacet
  facet normal 0.000000e+000 6.409017e-001 7.676230e-001
    outer loop
      vertex   -7.193160e+001 2.129442e+002 6.197459e+001
      vertex   -6.611342e+001 2.127194e+002 6.216228e+001
      vertex   -6.611342e+001 2.129442e+002 6.197459e+001
    endloop
  endfacet
  facet normal 0.000000e+000 6.953459e-001 7.186753e-001
    outer loop
      vertex   -7.193160e+001 2.131547e+002 6.177096e+001
      vertex   -6.611342e+001 2.129442e+002 6.197459e+001
      vertex   -6.611342e+001 2.131547e+002 6.177096e+001
    endloop
  endfacet
  facet normal 0.000000e+000 7.460629e-001 6.658754e-001
    outer loop
      vertex   -7.193160e+001 2.133497e+002 6.155247e+001
      vertex   -6.611342e+001 2.131547e+002 6.177096e+001
      vertex   -6.611342e+001 2.133497e+002 6.155247e+001
    endloop
  endfacet
  facet normal 0.000000e+000 7.927811e-001 6.095065e-001
    outer loop
      vertex   -7.193160e+001 2.135282e+002 6.132031e+001
      vertex   -6.611342e+001 2.133497e+002 6.155247e+001
      vertex   -6.611342e+001 2.135282e+002 6.132031e+001
    endloop
  endfacet
  facet normal 0.000000e+000 8.352499e-001 5.498706e-001
    outer loop
      vertex   -7.193160e+001 2.136892e+002 6.107571e+001
      vertex   -6.611342e+001 2.135282e+002 6.132031e+001
      vertex   -6.611342e+001 2.136892e+002 6.107571e+001
    endloop
  endfacet
  facet normal 0.000000e+000 8.732417e-001 4.872873e-001
    outer loop
      vertex   -7.193160e+001 2.138319e+002 6.081998e+001
      vertex   -6.611342e+001 2.136892e+002 6.107571e+001
      vertex   -6.611342e+001 2.138319e+002 6.081998e+001
    endloop
  endfacet
  facet normal 0.000000e+000 9.065529e-001 4.220922e-001
    outer loop
      vertex   -7.193160e+001 2.139555e+002 6.055450e+001
      vertex   -6.611342e+001 2.138319e+002 6.081998e+001
      vertex   -6.611342e+001 2.139555e+002 6.055450e+001
    endloop
  endfacet
  facet normal 0.000000e+000 9.350050e-001 3.546346e-001
    outer loop
      vertex   -7.193160e+001 2.140594e+002 6.028068e+001
      vertex   -6.611342e+001 2.139555e+002 6.055450e+001
      vertex   -6.611342e+001 2.140594e+002 6.028068e+001
    endloop
  endfacet
  facet normal -0.000000e+000 9.350050e-001 3.546346e-001
    outer loop
      vertex   -7.193160e+001 2.140594e+002 6.028068e+001
      vertex   -7.193160e+001 2.139555e+002 6.055450e+001
      vertex   -6.611342e+001 2.139555e+002 6.055450e+001
    endloop
  endfacet
  facet normal -5.822750e-004 2.117613e-002 9.997756e-001
    outer loop
      vertex   -3.491260e+001 2.104346e+002 6.299661e+001
      vertex   -4.284069e+001 2.105626e+002 6.298928e+001
      vertex   -3.507731e+001 2.102699e+002 6.300000e+001
    endloop
  endfacet
  facet normal 1.219247e-015 5.717870e-002 9.983640e-001
    outer loop
      vertex   -3.491260e+001 2.104346e+002 6.299661e+001
      vertex   -3.702251e+001 2.105626e+002 6.298928e+001
      vertex   -4.284069e+001 2.105626e+002 6.298928e+001
    endloop
  endfacet
  facet normal 2.620813e-004 6.148630e-002 9.981079e-001
    outer loop
      vertex   -3.491260e+001 2.104346e+002 6.299661e+001
      vertex   -3.474816e+001 2.105991e+002 6.298643e+001
      vertex   -3.702251e+001 2.105626e+002 6.298928e+001
    endloop
  endfacet
  facet normal -4.117920e-004 1.032033e-001 9.946602e-001
    outer loop
      vertex   -3.702251e+001 2.105626e+002 6.298928e+001
      vertex   -3.474816e+001 2.105991e+002 6.298643e+001
      vertex   -3.458428e+001 2.107629e+002 6.296950e+001
    endloop
  endfacet
  facet normal 3.313215e-004 1.433455e-001 9.896726e-001
    outer loop
      vertex   -3.702251e+001 2.108536e+002 6.295718e+001
      vertex   -3.458428e+001 2.107629e+002 6.296950e+001
      vertex   -3.442123e+001 2.109260e+002 6.294583e+001
    endloop
  endfacet
  facet normal -5.352834e-004 1.848175e-001 9.827727e-001
    outer loop
      vertex   -3.702251e+001 2.111416e+002 6.290386e+001
      vertex   -3.442123e+001 2.109260e+002 6.294583e+001
      vertex   -3.425930e+001 2.110879e+002 6.291546e+001
    endloop
  endfacet
  facet normal 2.677095e-004 2.243640e-001 9.745054e-001
    outer loop
      vertex   -3.409876e+001 2.112485e+002 6.287846e+001
      vertex   -3.702251e+001 2.111416e+002 6.290386e+001
      vertex   -3.425930e+001 2.110879e+002 6.291546e+001
    endloop
  endfacet
  facet normal -8.596295e-004 2.535034e-001 9.673341e-001
    outer loop
      vertex   -3.409876e+001 2.112485e+002 6.287846e+001
      vertex   -3.702251e+001 2.114249e+002 6.282963e+001
      vertex   -3.702251e+001 2.111416e+002 6.290386e+001
    endloop
  endfacet
  facet normal -1.351177e-004 2.646805e-001 9.643361e-001
    outer loop
      vertex   -3.409876e+001 2.112485e+002 6.287846e+001
      vertex   -3.393988e+001 2.114073e+002 6.283487e+001
      vertex   -3.702251e+001 2.114249e+002 6.282963e+001
    endloop
  endfacet
  facet normal 1.081050e-004 3.039446e-001 9.526897e-001
    outer loop
      vertex   -3.702251e+001 2.114249e+002 6.282963e+001
      vertex   -3.393988e+001 2.114073e+002 6.283487e+001
      vertex   -3.378292e+001 2.115643e+002 6.278478e+001
    endloop
  endfacet
  facet normal 9.923550e-005 3.429273e-001 9.393620e-001
    outer loop
      vertex   -3.702251e+001 2.117020e+002 6.273486e+001
      vertex   -3.378292e+001 2.115643e+002 6.278478e+001
      vertex   -3.362817e+001 2.117191e+002 6.272827e+001
    endloop
  endfacet
  facet normal -1.240304e-004 3.815110e-001 9.243643e-001
    outer loop
      vertex   -3.347587e+001 2.118714e+002 6.266543e+001
      vertex   -3.702251e+001 2.117020e+002 6.273486e+001
      vertex   -3.362817e+001 2.117191e+002 6.272827e+001
    endloop
  endfacet
  facet normal -7.086541e-004 3.919568e-001 9.199834e-001
    outer loop
      vertex   -3.347587e+001 2.118714e+002 6.266543e+001
      vertex   -3.702251e+001 2.119714e+002 6.262008e+001
      vertex   -3.702251e+001 2.117020e+002 6.273486e+001
    endloop
  endfacet
  facet normal 2.067985e-004 4.189776e-001 9.079965e-001
    outer loop
      vertex   -3.347587e+001 2.118714e+002 6.266543e+001
      vertex   -3.332629e+001 2.120209e+002 6.259637e+001
      vertex   -3.702251e+001 2.119714e+002 6.262008e+001
    endloop
  endfacet
  facet normal -4.419680e-004 4.582153e-001 8.888411e-001
    outer loop
      vertex   -3.702251e+001 2.119714e+002 6.262008e+001
      vertex   -3.332629e+001 2.120209e+002 6.259637e+001
      vertex   -3.702251e+001 2.122317e+002 6.248589e+001
    endloop
  endfacet
  facet normal 1.041642e-015 5.220179e-001 8.529346e-001
    outer loop
      vertex   -4.284069e+001 2.122317e+002 6.248589e+001
      vertex   -3.702251e+001 2.122317e+002 6.248589e+001
      vertex   -4.284069e+001 2.124815e+002 6.233302e+001
    endloop
  endfacet
  facet normal -0.000000e+000 5.830223e-001 8.124562e-001
    outer loop
      vertex   -4.865888e+001 2.124815e+002 6.233302e+001
      vertex   -4.284069e+001 2.124815e+002 6.233302e+001
      vertex   -4.865888e+001 2.127194e+002 6.216228e+001
    endloop
  endfacet
  facet normal -0.000000e+000 6.409017e-001 7.676230e-001
    outer loop
      vertex   -5.447706e+001 2.127194e+002 6.216228e+001
      vertex   -4.865888e+001 2.127194e+002 6.216228e+001
      vertex   -5.447706e+001 2.129442e+002 6.197459e+001
    endloop
  endfacet
  facet normal -0.000000e+000 6.953459e-001 7.186753e-001
    outer loop
      vertex   -6.029524e+001 2.129442e+002 6.197459e+001
      vertex   -5.447706e+001 2.129442e+002 6.197459e+001
      vertex   -6.029524e+001 2.131547e+002 6.177096e+001
    endloop
  endfacet
  facet normal -0.000000e+000 7.460629e-001 6.658754e-001
    outer loop
      vertex   -6.611342e+001 2.131547e+002 6.177096e+001
      vertex   -6.029524e+001 2.131547e+002 6.177096e+001
      vertex   -6.611342e+001 2.133497e+002 6.155247e+001
    endloop
  endfacet
  facet normal 0.000000e+000 6.953459e-001 7.186753e-001
    outer loop
      vertex   -6.611342e+001 2.131547e+002 6.177096e+001
      vertex   -6.029524e+001 2.129442e+002 6.197459e+001
      vertex   -6.029524e+001 2.131547e+002 6.177096e+001
    endloop
  endfacet
  facet normal -0.000000e+000 6.953459e-001 7.186753e-001
    outer loop
      vertex   -6.611342e+001 2.131547e+002 6.177096e+001
      vertex   -6.611342e+001 2.129442e+002 6.197459e+001
      vertex   -6.029524e+001 2.129442e+002 6.197459e+001
    endloop
  endfacet
  facet normal 0.000000e+000 6.409017e-001 7.676230e-001
    outer loop
      vertex   -6.029524e+001 2.129442e+002 6.197459e+001
      vertex   -6.611342e+001 2.129442e+002 6.197459e+001
      vertex   -6.029524e+001 2.127194e+002 6.216228e+001
    endloop
  endfacet
  facet normal 0.000000e+000 5.830223e-001 8.124562e-001
    outer loop
      vertex   -5.447706e+001 2.127194e+002 6.216228e+001
      vertex   -6.029524e+001 2.127194e+002 6.216228e+001
      vertex   -5.447706e+001 2.124815e+002 6.233302e+001
    endloop
  endfacet
  facet normal 0.000000e+000 5.220179e-001 8.529346e-001
    outer loop
      vertex   -4.865888e+001 2.124815e+002 6.233302e+001
      vertex   -5.447706e+001 2.124815e+002 6.233302e+001
      vertex   -4.865888e+001 2.122317e+002 6.248589e+001
    endloop
  endfacet
  facet normal 0.000000e+000 4.582154e-001 8.888412e-001
    outer loop
      vertex   -4.284069e+001 2.122317e+002 6.248589e+001
      vertex   -4.865888e+001 2.122317e+002 6.248589e+001
      vertex   -4.284069e+001 2.119714e+002 6.262008e+001
    endloop
  endfacet
  facet normal 1.123526e-015 3.919569e-001 9.199836e-001
    outer loop
      vertex   -3.702251e+001 2.119714e+002 6.262008e+001
      vertex   -4.284069e+001 2.119714e+002 6.262008e+001
      vertex   -3.702251e+001 2.117020e+002 6.273486e+001
    endloop
  endfacet
  facet normal 1.083279e-015 4.582154e-001 8.888412e-001
    outer loop
      vertex   -3.702251e+001 2.119714e+002 6.262008e+001
      vertex   -4.284069e+001 2.122317e+002 6.248589e+001
      vertex   -4.284069e+001 2.119714e+002 6.262008e+001
    endloop
  endfacet
  facet normal 1.085493e-015 4.582154e-001 8.888412e-001
    outer loop
      vertex   -3.702251e+001 2.119714e+002 6.262008e+001
      vertex   -3.702251e+001 2.122317e+002 6.248589e+001
      vertex   -4.284069e+001 2.122317e+002 6.248589e+001
    endloop
  endfacet
  facet normal -9.448958e-004 1.096222e-001 9.939729e-001
    outer loop
      vertex   -3.702251e+001 2.105626e+002 6.298928e+001
      vertex   -3.458428e+001 2.107629e+002 6.296950e+001
      vertex   -3.702251e+001 2.108536e+002 6.295718e+001
    endloop
  endfacet
  facet normal 1.200837e-015 1.820508e-001 9.832891e-001
    outer loop
      vertex   -4.284069e+001 2.108536e+002 6.295718e+001
      vertex   -3.702251e+001 2.108536e+002 6.295718e+001
      vertex   -4.284069e+001 2.111416e+002 6.290386e+001
    endloop
  endfacet
  facet normal -0.000000e+000 2.535035e-001 9.673345e-001
    outer loop
      vertex   -4.865888e+001 2.111416e+002 6.290386e+001
      vertex   -4.284069e+001 2.111416e+002 6.290386e+001
      vertex   -4.865888e+001 2.114249e+002 6.282963e+001
    endloop
  endfacet
  facet normal -0.000000e+000 3.235974e-001 9.461949e-001
    outer loop
      vertex   -5.447706e+001 2.114249e+002 6.282963e+001
      vertex   -4.865888e+001 2.114249e+002 6.282963e+001
      vertex   -5.447706e+001 2.117020e+002 6.273486e+001
    endloop
  endfacet
  facet normal -0.000000e+000 3.919569e-001 9.199836e-001
    outer loop
      vertex   -6.029524e+001 2.117020e+002 6.273486e+001
      vertex   -5.447706e+001 2.117020e+002 6.273486e+001
      vertex   -6.029524e+001 2.119714e+002 6.262008e+001
    endloop
  endfacet
  facet normal -0.000000e+000 4.582154e-001 8.888412e-001
    outer loop
      vertex   -6.611342e+001 2.119714e+002 6.262008e+001
      vertex   -6.029524e+001 2.119714e+002 6.262008e+001
      vertex   -6.611342e+001 2.122317e+002 6.248589e+001
    endloop
  endfacet
  facet normal 0.000000e+000 3.919569e-001 9.199836e-001
    outer loop
      vertex   -6.611342e+001 2.119714e+002 6.262008e+001
      vertex   -6.029524e+001 2.117020e+002 6.273486e+001
      vertex   -6.029524e+001 2.119714e+002 6.262008e+001
    endloop
  endfacet
  facet normal -0.000000e+000 3.919569e-001 9.199836e-001
    outer loop
      vertex   -6.611342e+001 2.119714e+002 6.262008e+001
      vertex   -6.611342e+001 2.117020e+002 6.273486e+001
      vertex   -6.029524e+001 2.117020e+002 6.273486e+001
    endloop
  endfacet
  facet normal 0.000000e+000 3.235974e-001 9.461949e-001
    outer loop
      vertex   -6.029524e+001 2.117020e+002 6.273486e+001
      vertex   -6.611342e+001 2.117020e+002 6.273486e+001
      vertex   -6.029524e+001 2.114249e+002 6.282963e+001
    endloop
  endfacet
  facet normal 0.000000e+000 2.535035e-001 9.673345e-001
    outer loop
      vertex   -5.447706e+001 2.114249e+002 6.282963e+001
      vertex   -6.029524e+001 2.114249e+002 6.282963e+001
      vertex   -5.447706e+001 2.111416e+002 6.290386e+001
    endloop
  endfacet
  facet normal 0.000000e+000 1.820508e-001 9.832891e-001
    outer loop
      vertex   -4.865888e+001 2.111416e+002 6.290386e+001
      vertex   -5.447706e+001 2.111416e+002 6.290386e+001
      vertex   -4.865888e+001 2.108536e+002 6.295718e+001
    endloop
  endfacet
  facet normal 0.000000e+000 1.096223e-001 9.939733e-001
    outer loop
      vertex   -4.284069e+001 2.108536e+002 6.295718e+001
      vertex   -4.865888e+001 2.108536e+002 6.295718e+001
      vertex   -4.284069e+001 2.105626e+002 6.298928e+001
    endloop
  endfacet
  facet normal 1.213599e-015 1.096223e-001 9.939733e-001
    outer loop
      vertex   -3.702251e+001 2.105626e+002 6.298928e+001
      vertex   -4.284069e+001 2.108536e+002 6.295718e+001
      vertex   -4.284069e+001 2.105626e+002 6.298928e+001
    endloop
  endfacet
  facet normal 1.213885e-015 1.096223e-001 9.939733e-001
    outer loop
      vertex   -3.702251e+001 2.105626e+002 6.298928e+001
      vertex   -3.702251e+001 2.108536e+002 6.295718e+001
      vertex   -4.284069e+001 2.108536e+002 6.295718e+001
    endloop
  endfacet
  facet normal -7.729402e-004 1.820507e-001 9.832888e-001
    outer loop
      vertex   -3.702251e+001 2.108536e+002 6.295718e+001
      vertex   -3.442123e+001 2.109260e+002 6.294583e+001
      vertex   -3.702251e+001 2.111416e+002 6.290386e+001
    endloop
  endfacet
  facet normal 1.181353e-015 2.535035e-001 9.673345e-001
    outer loop
      vertex   -4.284069e+001 2.111416e+002 6.290386e+001
      vertex   -3.702251e+001 2.111416e+002 6.290386e+001
      vertex   -4.284069e+001 2.114249e+002 6.282963e+001
    endloop
  endfacet
  facet normal -0.000000e+000 3.235974e-001 9.461949e-001
    outer loop
      vertex   -4.865888e+001 2.114249e+002 6.282963e+001
      vertex   -4.284069e+001 2.114249e+002 6.282963e+001
      vertex   -4.865888e+001 2.117020e+002 6.273486e+001
    endloop
  endfacet
  facet normal -0.000000e+000 3.919569e-001 9.199836e-001
    outer loop
      vertex   -5.447706e+001 2.117020e+002 6.273486e+001
      vertex   -4.865888e+001 2.117020e+002 6.273486e+001
      vertex   -5.447706e+001 2.119714e+002 6.262008e+001
    endloop
  endfacet
  facet normal -0.000000e+000 4.582154e-001 8.888412e-001
    outer loop
      vertex   -6.029524e+001 2.119714e+002 6.262008e+001
      vertex   -5.447706e+001 2.119714e+002 6.262008e+001
      vertex   -6.029524e+001 2.122317e+002 6.248589e+001
    endloop
  endfacet
  facet normal -0.000000e+000 5.220179e-001 8.529346e-001
    outer loop
      vertex   -6.611342e+001 2.122317e+002 6.248589e+001
      vertex   -6.029524e+001 2.122317e+002 6.248589e+001
      vertex   -6.611342e+001 2.124815e+002 6.233302e+001
    endloop
  endfacet
  facet normal 0.000000e+000 4.582154e-001 8.888412e-001
    outer loop
      vertex   -6.611342e+001 2.122317e+002 6.248589e+001
      vertex   -6.029524e+001 2.119714e+002 6.262008e+001
      vertex   -6.029524e+001 2.122317e+002 6.248589e+001
    endloop
  endfacet
  facet normal -8.275492e-004 3.235973e-001 9.461945e-001
    outer loop
      vertex   -3.702251e+001 2.114249e+002 6.282963e+001
      vertex   -3.378292e+001 2.115643e+002 6.278478e+001
      vertex   -3.702251e+001 2.117020e+002 6.273486e+001
    endloop
  endfacet
  facet normal 1.123526e-015 3.919569e-001 9.199836e-001
    outer loop
      vertex   -4.284069e+001 2.117020e+002 6.273486e+001
      vertex   -3.702251e+001 2.117020e+002 6.273486e+001
      vertex   -4.284069e+001 2.119714e+002 6.262008e+001
    endloop
  endfacet
  facet normal -0.000000e+000 4.582154e-001 8.888412e-001
    outer loop
      vertex   -4.865888e+001 2.119714e+002 6.262008e+001
      vertex   -4.284069e+001 2.119714e+002 6.262008e+001
      vertex   -4.865888e+001 2.122317e+002 6.248589e+001
    endloop
  endfacet
  facet normal -0.000000e+000 5.220179e-001 8.529346e-001
    outer loop
      vertex   -5.447706e+001 2.122317e+002 6.248589e+001
      vertex   -4.865888e+001 2.122317e+002 6.248589e+001
      vertex   -5.447706e+001 2.124815e+002 6.233302e+001
    endloop
  endfacet
  facet normal -0.000000e+000 5.830223e-001 8.124562e-001
    outer loop
      vertex   -6.029524e+001 2.124815e+002 6.233302e+001
      vertex   -5.447706e+001 2.124815e+002 6.233302e+001
      vertex   -6.029524e+001 2.127194e+002 6.216228e+001
    endloop
  endfacet
  facet normal -0.000000e+000 6.409017e-001 7.676230e-001
    outer loop
      vertex   -6.611342e+001 2.127194e+002 6.216228e+001
      vertex   -6.029524e+001 2.127194e+002 6.216228e+001
      vertex   -6.611342e+001 2.129442e+002 6.197459e+001
    endloop
  endfacet
  facet normal 0.000000e+000 5.830223e-001 8.124562e-001
    outer loop
      vertex   -6.611342e+001 2.127194e+002 6.216228e+001
      vertex   -6.029524e+001 2.124815e+002 6.233302e+001
      vertex   -6.029524e+001 2.127194e+002 6.216228e+001
    endloop
  endfacet
  facet normal -0.000000e+000 5.830223e-001 8.124562e-001
    outer loop
      vertex   -6.611342e+001 2.127194e+002 6.216228e+001
      vertex   -6.611342e+001 2.124815e+002 6.233302e+001
      vertex   -6.029524e+001 2.124815e+002 6.233302e+001
    endloop
  endfacet
  facet normal 0.000000e+000 5.220179e-001 8.529346e-001
    outer loop
      vertex   -6.029524e+001 2.124815e+002 6.233302e+001
      vertex   -6.611342e+001 2.124815e+002 6.233302e+001
      vertex   -6.029524e+001 2.122317e+002 6.248589e+001
    endloop
  endfacet
  facet normal 0.000000e+000 4.582154e-001 8.888412e-001
    outer loop
      vertex   -5.447706e+001 2.122317e+002 6.248589e+001
      vertex   -6.029524e+001 2.122317e+002 6.248589e+001
      vertex   -5.447706e+001 2.119714e+002 6.262008e+001
    endloop
  endfacet
  facet normal 0.000000e+000 3.919569e-001 9.199836e-001
    outer loop
      vertex   -4.865888e+001 2.119714e+002 6.262008e+001
      vertex   -5.447706e+001 2.119714e+002 6.262008e+001
      vertex   -4.865888e+001 2.117020e+002 6.273486e+001
    endloop
  endfacet
  facet normal 0.000000e+000 3.235974e-001 9.461949e-001
    outer loop
      vertex   -4.284069e+001 2.117020e+002 6.273486e+001
      vertex   -4.865888e+001 2.117020e+002 6.273486e+001
      vertex   -4.284069e+001 2.114249e+002 6.282963e+001
    endloop
  endfacet
  facet normal 1.181353e-015 2.535035e-001 9.673345e-001
    outer loop
      vertex   -3.702251e+001 2.114249e+002 6.282963e+001
      vertex   -4.284069e+001 2.114249e+002 6.282963e+001
      vertex   -3.702251e+001 2.111416e+002 6.290386e+001
    endloop
  endfacet
  facet normal 1.154548e-015 3.235974e-001 9.461949e-001
    outer loop
      vertex   -3.702251e+001 2.114249e+002 6.282963e+001
      vertex   -4.284069e+001 2.117020e+002 6.273486e+001
      vertex   -4.284069e+001 2.114249e+002 6.282963e+001
    endloop
  endfacet
  facet normal 1.155536e-015 3.235974e-001 9.461949e-001
    outer loop
      vertex   -3.702251e+001 2.114249e+002 6.282963e+001
      vertex   -3.702251e+001 2.117020e+002 6.273486e+001
      vertex   -4.284069e+001 2.117020e+002 6.273486e+001
    endloop
  endfacet
  facet normal -5.573575e-004 4.566214e-001 8.896609e-001
    outer loop
      vertex   -3.332629e+001 2.120209e+002 6.259637e+001
      vertex   -3.317967e+001 2.121676e+002 6.252122e+001
      vertex   -3.702251e+001 2.122317e+002 6.248589e+001
    endloop
  endfacet
  facet normal 2.144724e-004 4.922758e-001 8.704392e-001
    outer loop
      vertex   -3.702251e+001 2.122317e+002 6.248589e+001
      vertex   -3.317967e+001 2.121676e+002 6.252122e+001
      vertex   -3.303628e+001 2.123109e+002 6.244009e+001
    endloop
  endfacet
  facet normal -2.216776e-004 5.280210e-001 8.492313e-001
    outer loop
      vertex   -3.702251e+001 2.124815e+002 6.233302e+001
      vertex   -3.303628e+001 2.123109e+002 6.244009e+001
      vertex   -3.289635e+001 2.124509e+002 6.235312e+001
    endloop
  endfacet
  facet normal 1.411041e-004 5.622918e-001 8.269389e-001
    outer loop
      vertex   -3.276012e+001 2.125871e+002 6.226046e+001
      vertex   -3.702251e+001 2.124815e+002 6.233302e+001
      vertex   -3.289635e+001 2.124509e+002 6.235312e+001
    endloop
  endfacet
  facet normal -6.191422e-004 5.830222e-001 8.124560e-001
    outer loop
      vertex   -3.276012e+001 2.125871e+002 6.226046e+001
      vertex   -3.702251e+001 2.127194e+002 6.216228e+001
      vertex   -3.702251e+001 2.124815e+002 6.233302e+001
    endloop
  endfacet
  facet normal -1.298329e-015 5.959615e-001 8.030130e-001
    outer loop
      vertex   -3.276012e+001 2.125871e+002 6.226046e+001
      vertex   -3.262782e+001 2.127194e+002 6.216228e+001
      vertex   -3.702251e+001 2.127194e+002 6.216228e+001
    endloop
  endfacet
  facet normal -1.257549e-015 6.285236e-001 7.777905e-001
    outer loop
      vertex   -3.702251e+001 2.127194e+002 6.216228e+001
      vertex   -3.262782e+001 2.127194e+002 6.216228e+001
      vertex   -3.249968e+001 2.128475e+002 6.205873e+001
    endloop
  endfacet
  facet normal 1.269706e-004 6.599478e-001 7.513114e-001
    outer loop
      vertex   -3.702251e+001 2.129442e+002 6.197459e+001
      vertex   -3.249968e+001 2.128475e+002 6.205873e+001
      vertex   -3.237591e+001 2.129713e+002 6.194999e+001
    endloop
  endfacet
  facet normal -1.994684e-004 6.905000e-001 7.233323e-001
    outer loop
      vertex   -3.225672e+001 2.130905e+002 6.183624e+001
      vertex   -3.702251e+001 2.129442e+002 6.197459e+001
      vertex   -3.237591e+001 2.129713e+002 6.194999e+001
    endloop
  endfacet
  facet normal -4.834202e-004 6.953458e-001 7.186752e-001
    outer loop
      vertex   -3.225672e+001 2.130905e+002 6.183624e+001
      vertex   -3.702251e+001 2.131547e+002 6.177096e+001
      vertex   -3.702251e+001 2.129442e+002 6.197459e+001
    endloop
  endfacet
  facet normal 1.734916e-004 7.195169e-001 6.944749e-001
    outer loop
      vertex   -3.225672e+001 2.130905e+002 6.183624e+001
      vertex   -3.214232e+001 2.132049e+002 6.171769e+001
      vertex   -3.702251e+001 2.131547e+002 6.177096e+001
    endloop
  endfacet
  facet normal -4.119988e-004 7.460629e-001 6.658754e-001
    outer loop
      vertex   -3.702251e+001 2.131547e+002 6.177096e+001
      vertex   -3.214232e+001 2.132049e+002 6.171769e+001
      vertex   -3.702251e+001 2.133497e+002 6.155247e+001
    endloop
  endfacet
  facet normal 7.443570e-016 7.927811e-001 6.095065e-001
    outer loop
      vertex   -4.284069e+001 2.133497e+002 6.155247e+001
      vertex   -3.702251e+001 2.133497e+002 6.155247e+001
      vertex   -4.284069e+001 2.135282e+002 6.132031e+001
    endloop
  endfacet
  facet normal -0.000000e+000 8.352499e-001 5.498706e-001
    outer loop
      vertex   -4.865888e+001 2.135282e+002 6.132031e+001
      vertex   -4.284069e+001 2.135282e+002 6.132031e+001
      vertex   -4.865888e+001 2.136892e+002 6.107571e+001
    endloop
  endfacet
  facet normal -0.000000e+000 8.732417e-001 4.872873e-001
    outer loop
      vertex   -5.447706e+001 2.136892e+002 6.107571e+001
      vertex   -4.865888e+001 2.136892e+002 6.107571e+001
      vertex   -5.447706e+001 2.138319e+002 6.081998e+001
    endloop
  endfacet
  facet normal -0.000000e+000 9.065529e-001 4.220922e-001
    outer loop
      vertex   -6.029524e+001 2.138319e+002 6.081998e+001
      vertex   -5.447706e+001 2.138319e+002 6.081998e+001
      vertex   -6.029524e+001 2.139555e+002 6.055450e+001
    endloop
  endfacet
  facet normal -0.000000e+000 9.350050e-001 3.546346e-001
    outer loop
      vertex   -6.611342e+001 2.139555e+002 6.055450e+001
      vertex   -6.029524e+001 2.139555e+002 6.055450e+001
      vertex   -6.611342e+001 2.140594e+002 6.028068e+001
    endloop
  endfacet
  facet normal 0.000000e+000 9.065529e-001 4.220922e-001
    outer loop
      vertex   -6.611342e+001 2.139555e+002 6.055450e+001
      vertex   -6.029524e+001 2.138319e+002 6.081998e+001
      vertex   -6.029524e+001 2.139555e+002 6.055450e+001
    endloop
  endfacet
  facet normal -0.000000e+000 9.065529e-001 4.220922e-001
    outer loop
      vertex   -6.611342e+001 2.139555e+002 6.055450e+001
      vertex   -6.611342e+001 2.138319e+002 6.081998e+001
      vertex   -6.029524e+001 2.138319e+002 6.081998e+001
    endloop
  endfacet
  facet normal 0.000000e+000 8.732417e-001 4.872873e-001
    outer loop
      vertex   -6.029524e+001 2.138319e+002 6.081998e+001
      vertex   -6.611342e+001 2.138319e+002 6.081998e+001
      vertex   -6.029524e+001 2.136892e+002 6.107571e+001
    endloop
  endfacet
  facet normal 0.000000e+000 8.352499e-001 5.498706e-001
    outer loop
      vertex   -5.447706e+001 2.136892e+002 6.107571e+001
      vertex   -6.029524e+001 2.136892e+002 6.107571e+001
      vertex   -5.447706e+001 2.135282e+002 6.132031e+001
    endloop
  endfacet
  facet normal 0.000000e+000 7.927811e-001 6.095065e-001
    outer loop
      vertex   -4.865888e+001 2.135282e+002 6.132031e+001
      vertex   -5.447706e+001 2.135282e+002 6.132031e+001
      vertex   -4.865888e+001 2.133497e+002 6.155247e+001
    endloop
  endfacet
  facet normal 0.000000e+000 7.460629e-001 6.658754e-001
    outer loop
      vertex   -4.284069e+001 2.133497e+002 6.155247e+001
      vertex   -4.865888e+001 2.133497e+002 6.155247e+001
      vertex   -4.284069e+001 2.131547e+002 6.177096e+001
    endloop
  endfacet
  facet normal 8.776788e-016 6.953459e-001 7.186753e-001
    outer loop
      vertex   -3.702251e+001 2.131547e+002 6.177096e+001
      vertex   -4.284069e+001 2.131547e+002 6.177096e+001
      vertex   -3.702251e+001 2.129442e+002 6.197459e+001
    endloop
  endfacet
  facet normal 8.144958e-016 7.460629e-001 6.658754e-001
    outer loop
      vertex   -3.702251e+001 2.131547e+002 6.177096e+001
      vertex   -4.284069e+001 2.133497e+002 6.155247e+001
      vertex   -4.284069e+001 2.131547e+002 6.177096e+001
    endloop
  endfacet
  facet normal 8.131973e-016 7.460629e-001 6.658754e-001
    outer loop
      vertex   -3.702251e+001 2.131547e+002 6.177096e+001
      vertex   -3.702251e+001 2.133497e+002 6.155247e+001
      vertex   -4.284069e+001 2.133497e+002 6.155247e+001
    endloop
  endfacet
  facet normal -5.779593e-004 5.220178e-001 8.529344e-001
    outer loop
      vertex   -3.702251e+001 2.122317e+002 6.248589e+001
      vertex   -3.303628e+001 2.123109e+002 6.244009e+001
      vertex   -3.702251e+001 2.124815e+002 6.233302e+001
    endloop
  endfacet
  facet normal 9.922083e-016 5.830223e-001 8.124562e-001
    outer loop
      vertex   -4.284069e+001 2.124815e+002 6.233302e+001
      vertex   -3.702251e+001 2.124815e+002 6.233302e+001
      vertex   -4.284069e+001 2.127194e+002 6.216228e+001
    endloop
  endfacet
  facet normal -0.000000e+000 6.409017e-001 7.676230e-001
    outer loop
      vertex   -4.865888e+001 2.127194e+002 6.216228e+001
      vertex   -4.284069e+001 2.127194e+002 6.216228e+001
      vertex   -4.865888e+001 2.129442e+002 6.197459e+001
    endloop
  endfacet
  facet normal -0.000000e+000 6.953459e-001 7.186753e-001
    outer loop
      vertex   -5.447706e+001 2.129442e+002 6.197459e+001
      vertex   -4.865888e+001 2.129442e+002 6.197459e+001
      vertex   -5.447706e+001 2.131547e+002 6.177096e+001
    endloop
  endfacet
  facet normal -0.000000e+000 7.460629e-001 6.658754e-001
    outer loop
      vertex   -6.029524e+001 2.131547e+002 6.177096e+001
      vertex   -5.447706e+001 2.131547e+002 6.177096e+001
      vertex   -6.029524e+001 2.133497e+002 6.155247e+001
    endloop
  endfacet
  facet normal -0.000000e+000 7.927811e-001 6.095065e-001
    outer loop
      vertex   -6.611342e+001 2.133497e+002 6.155247e+001
      vertex   -6.029524e+001 2.133497e+002 6.155247e+001
      vertex   -6.611342e+001 2.135282e+002 6.132031e+001
    endloop
  endfacet
  facet normal 0.000000e+000 7.460629e-001 6.658754e-001
    outer loop
      vertex   -6.611342e+001 2.133497e+002 6.155247e+001
      vertex   -6.029524e+001 2.131547e+002 6.177096e+001
      vertex   -6.029524e+001 2.133497e+002 6.155247e+001
    endloop
  endfacet
  facet normal -5.834896e-004 6.409016e-001 7.676228e-001
    outer loop
      vertex   -3.702251e+001 2.127194e+002 6.216228e+001
      vertex   -3.249968e+001 2.128475e+002 6.205873e+001
      vertex   -3.702251e+001 2.129442e+002 6.197459e+001
    endloop
  endfacet
  facet normal 8.776788e-016 6.953459e-001 7.186753e-001
    outer loop
      vertex   -4.284069e+001 2.129442e+002 6.197459e+001
      vertex   -3.702251e+001 2.129442e+002 6.197459e+001
      vertex   -4.284069e+001 2.131547e+002 6.177096e+001
    endloop
  endfacet
  facet normal -0.000000e+000 7.460629e-001 6.658754e-001
    outer loop
      vertex   -4.865888e+001 2.131547e+002 6.177096e+001
      vertex   -4.284069e+001 2.131547e+002 6.177096e+001
      vertex   -4.865888e+001 2.133497e+002 6.155247e+001
    endloop
  endfacet
  facet normal -0.000000e+000 7.927811e-001 6.095065e-001
    outer loop
      vertex   -5.447706e+001 2.133497e+002 6.155247e+001
      vertex   -4.865888e+001 2.133497e+002 6.155247e+001
      vertex   -5.447706e+001 2.135282e+002 6.132031e+001
    endloop
  endfacet
  facet normal -0.000000e+000 8.352499e-001 5.498706e-001
    outer loop
      vertex   -6.029524e+001 2.135282e+002 6.132031e+001
      vertex   -5.447706e+001 2.135282e+002 6.132031e+001
      vertex   -6.029524e+001 2.136892e+002 6.107571e+001
    endloop
  endfacet
  facet normal -0.000000e+000 8.732417e-001 4.872873e-001
    outer loop
      vertex   -6.611342e+001 2.136892e+002 6.107571e+001
      vertex   -6.029524e+001 2.136892e+002 6.107571e+001
      vertex   -6.611342e+001 2.138319e+002 6.081998e+001
    endloop
  endfacet
  facet normal 0.000000e+000 8.352499e-001 5.498706e-001
    outer loop
      vertex   -6.611342e+001 2.136892e+002 6.107571e+001
      vertex   -6.029524e+001 2.135282e+002 6.132031e+001
      vertex   -6.029524e+001 2.136892e+002 6.107571e+001
    endloop
  endfacet
  facet normal -0.000000e+000 8.352499e-001 5.498706e-001
    outer loop
      vertex   -6.611342e+001 2.136892e+002 6.107571e+001
      vertex   -6.611342e+001 2.135282e+002 6.132031e+001
      vertex   -6.029524e+001 2.135282e+002 6.132031e+001
    endloop
  endfacet
  facet normal 0.000000e+000 7.927811e-001 6.095065e-001
    outer loop
      vertex   -6.029524e+001 2.135282e+002 6.132031e+001
      vertex   -6.611342e+001 2.135282e+002 6.132031e+001
      vertex   -6.029524e+001 2.133497e+002 6.155247e+001
    endloop
  endfacet
  facet normal 0.000000e+000 7.460629e-001 6.658754e-001
    outer loop
      vertex   -5.447706e+001 2.133497e+002 6.155247e+001
      vertex   -6.029524e+001 2.133497e+002 6.155247e+001
      vertex   -5.447706e+001 2.131547e+002 6.177096e+001
    endloop
  endfacet
  facet normal 0.000000e+000 6.953459e-001 7.186753e-001
    outer loop
      vertex   -4.865888e+001 2.131547e+002 6.177096e+001
      vertex   -5.447706e+001 2.131547e+002 6.177096e+001
      vertex   -4.865888e+001 2.129442e+002 6.197459e+001
    endloop
  endfacet
  facet normal 0.000000e+000 6.409017e-001 7.676230e-001
    outer loop
      vertex   -4.284069e+001 2.129442e+002 6.197459e+001
      vertex   -4.865888e+001 2.129442e+002 6.197459e+001
      vertex   -4.284069e+001 2.127194e+002 6.216228e+001
    endloop
  endfacet
  facet normal 9.922083e-016 5.830223e-001 8.124562e-001
    outer loop
      vertex   -3.702251e+001 2.127194e+002 6.216228e+001
      vertex   -4.284069e+001 2.127194e+002 6.216228e+001
      vertex   -3.702251e+001 2.124815e+002 6.233302e+001
    endloop
  endfacet
  facet normal 9.407427e-016 6.409017e-001 7.676230e-001
    outer loop
      vertex   -3.702251e+001 2.127194e+002 6.216228e+001
      vertex   -4.284069e+001 2.129442e+002 6.197459e+001
      vertex   -4.284069e+001 2.127194e+002 6.216228e+001
    endloop
  endfacet
  facet normal 9.374559e-016 6.409017e-001 7.676230e-001
    outer loop
      vertex   -3.702251e+001 2.127194e+002 6.216228e+001
      vertex   -3.702251e+001 2.129442e+002 6.197459e+001
      vertex   -4.284069e+001 2.129442e+002 6.197459e+001
    endloop
  endfacet
  facet normal -3.000320e-004 7.477171e-001 6.640174e-001
    outer loop
      vertex   -3.214232e+001 2.132049e+002 6.171769e+001
      vertex   -3.203290e+001 2.133143e+002 6.159452e+001
      vertex   -3.702251e+001 2.133497e+002 6.155247e+001
    endloop
  endfacet
  facet normal -5.071545e-004 8.352498e-001 5.498705e-001
    outer loop
      vertex   -3.702251e+001 2.135282e+002 6.132031e+001
      vertex   -3.173631e+001 2.136109e+002 6.119948e+001
      vertex   -3.702251e+001 2.136892e+002 6.107571e+001
    endloop
  endfacet
  facet normal 5.950974e-016 8.732417e-001 4.872873e-001
    outer loop
      vertex   -4.284069e+001 2.136892e+002 6.107571e+001
      vertex   -3.702251e+001 2.136892e+002 6.107571e+001
      vertex   -4.284069e+001 2.138319e+002 6.081998e+001
    endloop
  endfacet
  facet normal -0.000000e+000 9.065529e-001 4.220922e-001
    outer loop
      vertex   -4.865888e+001 2.138319e+002 6.081998e+001
      vertex   -4.284069e+001 2.138319e+002 6.081998e+001
      vertex   -4.865888e+001 2.139555e+002 6.055450e+001
    endloop
  endfacet
  facet normal -0.000000e+000 9.350050e-001 3.546346e-001
    outer loop
      vertex   -5.447706e+001 2.139555e+002 6.055450e+001
      vertex   -4.865888e+001 2.139555e+002 6.055450e+001
      vertex   -5.447706e+001 2.140594e+002 6.028068e+001
    endloop
  endfacet
  facet normal -0.000000e+000 9.584454e-001 2.852762e-001
    outer loop
      vertex   -6.029524e+001 2.140594e+002 6.028068e+001
      vertex   -5.447706e+001 2.140594e+002 6.028068e+001
      vertex   -6.320433e+001 2.141429e+002 6.000000e+001
    endloop
  endfacet
  facet normal -0.000000e+000 9.584454e-001 2.852762e-001
    outer loop
      vertex   -6.611342e+001 2.140594e+002 6.028068e+001
      vertex   -6.029524e+001 2.140594e+002 6.028068e+001
      vertex   -6.320433e+001 2.141429e+002 6.000000e+001
    endloop
  endfacet
  facet normal -3.589321e-004 9.065529e-001 4.220922e-001
    outer loop
      vertex   -3.702251e+001 2.138319e+002 6.081998e+001
      vertex   -3.142080e+001 2.139264e+002 6.062170e+001
      vertex   -3.702251e+001 2.139555e+002 6.055450e+001
    endloop
  endfacet
  facet normal 4.330959e-016 9.350050e-001 3.546346e-001
    outer loop
      vertex   -4.284069e+001 2.139555e+002 6.055450e+001
      vertex   -3.702251e+001 2.139555e+002 6.055450e+001
      vertex   -4.284069e+001 2.140594e+002 6.028068e+001
    endloop
  endfacet
  facet normal -0.000000e+000 9.584454e-001 2.852762e-001
    outer loop
      vertex   -4.865888e+001 2.140594e+002 6.028068e+001
      vertex   -4.284069e+001 2.140594e+002 6.028068e+001
      vertex   -6.320433e+001 2.141429e+002 6.000000e+001
    endloop
  endfacet
  facet normal -0.000000e+000 9.584454e-001 2.852762e-001
    outer loop
      vertex   -5.447706e+001 2.140594e+002 6.028068e+001
      vertex   -4.865888e+001 2.140594e+002 6.028068e+001
      vertex   -6.320433e+001 2.141429e+002 6.000000e+001
    endloop
  endfacet
  facet normal 0.000000e+000 9.350050e-001 3.546346e-001
    outer loop
      vertex   -5.447706e+001 2.140594e+002 6.028068e+001
      vertex   -4.865888e+001 2.139555e+002 6.055450e+001
      vertex   -4.865888e+001 2.140594e+002 6.028068e+001
    endloop
  endfacet
  facet normal -0.000000e+000 9.350050e-001 3.546346e-001
    outer loop
      vertex   -4.865888e+001 2.140594e+002 6.028068e+001
      vertex   -4.865888e+001 2.139555e+002 6.055450e+001
      vertex   -4.284069e+001 2.139555e+002 6.055450e+001
    endloop
  endfacet
  facet normal 0.000000e+000 9.350050e-001 3.546346e-001
    outer loop
      vertex   -4.284069e+001 2.140594e+002 6.028068e+001
      vertex   -4.865888e+001 2.140594e+002 6.028068e+001
      vertex   -4.284069e+001 2.139555e+002 6.055450e+001
    endloop
  endfacet
  facet normal -4.066585e-004 9.350049e-001 3.546346e-001
    outer loop
      vertex   -3.702251e+001 2.139555e+002 6.055450e+001
      vertex   -3.135712e+001 2.139901e+002 6.046976e+001
      vertex   -3.702251e+001 2.140594e+002 6.028068e+001
    endloop
  endfacet
  facet normal 4.316828e-016 9.350050e-001 3.546346e-001
    outer loop
      vertex   -4.284069e+001 2.140594e+002 6.028068e+001
      vertex   -3.702251e+001 2.139555e+002 6.055450e+001
      vertex   -3.702251e+001 2.140594e+002 6.028068e+001
    endloop
  endfacet
  facet normal 0.000000e+000 9.584454e-001 2.852762e-001
    outer loop
      vertex   -7.193160e+001 2.140594e+002 6.028068e+001
      vertex   -6.320433e+001 2.141429e+002 6.000000e+001
      vertex   -7.774979e+001 2.140594e+002 6.028068e+001
    endloop
  endfacet
  facet normal 6.334404e-017 9.584454e-001 2.852762e-001
    outer loop
      vertex   -7.774979e+001 2.140594e+002 6.028068e+001
      vertex   -6.320433e+001 2.141429e+002 6.000000e+001
      vertex   -9.520433e+001 2.141429e+002 6.000000e+001
    endloop
  endfacet
  facet normal 0.000000e+000 9.584454e-001 2.852762e-001
    outer loop
      vertex   -8.356797e+001 2.140594e+002 6.028068e+001
      vertex   -9.520433e+001 2.141429e+002 6.000000e+001
      vertex   -8.938615e+001 2.140594e+002 6.028068e+001
    endloop
  endfacet
  facet normal 0.000000e+000 9.350050e-001 3.546346e-001
    outer loop
      vertex   -8.356797e+001 2.139555e+002 6.055450e+001
      vertex   -8.938615e+001 2.140594e+002 6.028068e+001
      vertex   -8.938615e+001 2.139555e+002 6.055450e+001
    endloop
  endfacet
  facet normal 0.000000e+000 9.350050e-001 3.546346e-001
    outer loop
      vertex   -8.356797e+001 2.139555e+002 6.055450e+001
      vertex   -8.356797e+001 2.140594e+002 6.028068e+001
      vertex   -8.938615e+001 2.140594e+002 6.028068e+001
    endloop
  endfacet
  facet normal -0.000000e+000 9.350050e-001 3.546346e-001
    outer loop
      vertex   -8.356797e+001 2.139555e+002 6.055450e+001
      vertex   -7.774979e+001 2.139555e+002 6.055450e+001
      vertex   -8.356797e+001 2.140594e+002 6.028068e+001
    endloop
  endfacet
  facet normal 0.000000e+000 9.065529e-001 4.220922e-001
    outer loop
      vertex   -8.356797e+001 2.139555e+002 6.055450e+001
      vertex   -7.774979e+001 2.138319e+002 6.081998e+001
      vertex   -7.774979e+001 2.139555e+002 6.055450e+001
    endloop
  endfacet
  facet normal -0.000000e+000 9.065529e-001 4.220922e-001
    outer loop
      vertex   -8.356797e+001 2.139555e+002 6.055450e+001
      vertex   -8.356797e+001 2.138319e+002 6.081998e+001
      vertex   -7.774979e+001 2.138319e+002 6.081998e+001
    endloop
  endfacet
  facet normal 0.000000e+000 9.584454e-001 2.852762e-001
    outer loop
      vertex   -7.774979e+001 2.140594e+002 6.028068e+001
      vertex   -9.520433e+001 2.141429e+002 6.000000e+001
      vertex   -8.356797e+001 2.140594e+002 6.028068e+001
    endloop
  endfacet
  facet normal 0.000000e+000 9.350050e-001 3.546346e-001
    outer loop
      vertex   -7.774979e+001 2.139555e+002 6.055450e+001
      vertex   -7.774979e+001 2.140594e+002 6.028068e+001
      vertex   -8.356797e+001 2.140594e+002 6.028068e+001
    endloop
  endfacet
  facet normal -0.000000e+000 9.350050e-001 3.546346e-001
    outer loop
      vertex   -7.774979e+001 2.139555e+002 6.055450e+001
      vertex   -7.193160e+001 2.139555e+002 6.055450e+001
      vertex   -7.774979e+001 2.140594e+002 6.028068e+001
    endloop
  endfacet
  facet normal 0.000000e+000 9.350050e-001 3.546346e-001
    outer loop
      vertex   -5.447706e+001 2.139555e+002 6.055450e+001
      vertex   -5.447706e+001 2.140594e+002 6.028068e+001
      vertex   -6.029524e+001 2.140594e+002 6.028068e+001
    endloop
  endfacet
  facet normal -0.000000e+000 9.350050e-001 3.546346e-001
    outer loop
      vertex   -6.029524e+001 2.139555e+002 6.055450e+001
      vertex   -5.447706e+001 2.139555e+002 6.055450e+001
      vertex   -6.029524e+001 2.140594e+002 6.028068e+001
    endloop
  endfacet
  facet normal -0.000000e+000 9.065529e-001 4.220922e-001
    outer loop
      vertex   -8.938615e+001 2.138319e+002 6.081998e+001
      vertex   -8.356797e+001 2.138319e+002 6.081998e+001
      vertex   -8.938615e+001 2.139555e+002 6.055450e+001
    endloop
  endfacet
  facet normal 0.000000e+000 9.065529e-001 4.220922e-001
    outer loop
      vertex   -7.193160e+001 2.138319e+002 6.081998e+001
      vertex   -7.774979e+001 2.139555e+002 6.055450e+001
      vertex   -7.774979e+001 2.138319e+002 6.081998e+001
    endloop
  endfacet
  facet normal 0.000000e+000 9.065529e-001 4.220922e-001
    outer loop
      vertex   -6.611342e+001 2.138319e+002 6.081998e+001
      vertex   -7.193160e+001 2.139555e+002 6.055450e+001
      vertex   -7.193160e+001 2.138319e+002 6.081998e+001
    endloop
  endfacet
  facet normal 0.000000e+000 9.065529e-001 4.220922e-001
    outer loop
      vertex   -4.865888e+001 2.138319e+002 6.081998e+001
      vertex   -4.865888e+001 2.139555e+002 6.055450e+001
      vertex   -5.447706e+001 2.139555e+002 6.055450e+001
    endloop
  endfacet
  facet normal -0.000000e+000 9.065529e-001 4.220922e-001
    outer loop
      vertex   -5.447706e+001 2.138319e+002 6.081998e+001
      vertex   -4.865888e+001 2.138319e+002 6.081998e+001
      vertex   -5.447706e+001 2.139555e+002 6.055450e+001
    endloop
  endfacet
  facet normal 5.154781e-016 9.065529e-001 4.220922e-001
    outer loop
      vertex   -3.702251e+001 2.138319e+002 6.081998e+001
      vertex   -3.702251e+001 2.139555e+002 6.055450e+001
      vertex   -4.284069e+001 2.139555e+002 6.055450e+001
    endloop
  endfacet
  facet normal 0.000000e+000 9.065529e-001 4.220922e-001
    outer loop
      vertex   -4.284069e+001 2.138319e+002 6.081998e+001
      vertex   -4.284069e+001 2.139555e+002 6.055450e+001
      vertex   -4.865888e+001 2.139555e+002 6.055450e+001
    endloop
  endfacet
  facet normal 5.154781e-016 9.065529e-001 4.220922e-001
    outer loop
      vertex   -4.284069e+001 2.138319e+002 6.081998e+001
      vertex   -3.702251e+001 2.138319e+002 6.081998e+001
      vertex   -4.284069e+001 2.139555e+002 6.055450e+001
    endloop
  endfacet
  facet normal 5.945819e-016 8.732417e-001 4.872873e-001
    outer loop
      vertex   -4.284069e+001 2.138319e+002 6.081998e+001
      vertex   -3.702251e+001 2.136892e+002 6.107571e+001
      vertex   -3.702251e+001 2.138319e+002 6.081998e+001
    endloop
  endfacet
  facet normal -0.000000e+000 8.732417e-001 4.872873e-001
    outer loop
      vertex   -8.356797e+001 2.136892e+002 6.107571e+001
      vertex   -7.774979e+001 2.136892e+002 6.107571e+001
      vertex   -8.356797e+001 2.138319e+002 6.081998e+001
    endloop
  endfacet
  facet normal 0.000000e+000 8.732417e-001 4.872873e-001
    outer loop
      vertex   -6.611342e+001 2.136892e+002 6.107571e+001
      vertex   -7.193160e+001 2.138319e+002 6.081998e+001
      vertex   -7.193160e+001 2.136892e+002 6.107571e+001
    endloop
  endfacet
  facet normal 0.000000e+000 8.732417e-001 4.872873e-001
    outer loop
      vertex   -5.447706e+001 2.136892e+002 6.107571e+001
      vertex   -5.447706e+001 2.138319e+002 6.081998e+001
      vertex   -6.029524e+001 2.138319e+002 6.081998e+001
    endloop
  endfacet
  facet normal -0.000000e+000 8.732417e-001 4.872873e-001
    outer loop
      vertex   -6.029524e+001 2.136892e+002 6.107571e+001
      vertex   -5.447706e+001 2.136892e+002 6.107571e+001
      vertex   -6.029524e+001 2.138319e+002 6.081998e+001
    endloop
  endfacet
  facet normal 0.000000e+000 8.732417e-001 4.872873e-001
    outer loop
      vertex   -4.284069e+001 2.136892e+002 6.107571e+001
      vertex   -4.284069e+001 2.138319e+002 6.081998e+001
      vertex   -4.865888e+001 2.138319e+002 6.081998e+001
    endloop
  endfacet
  facet normal -0.000000e+000 8.732417e-001 4.872873e-001
    outer loop
      vertex   -4.865888e+001 2.136892e+002 6.107571e+001
      vertex   -4.284069e+001 2.136892e+002 6.107571e+001
      vertex   -4.865888e+001 2.138319e+002 6.081998e+001
    endloop
  endfacet
  facet normal -0.000000e+000 8.732417e-001 4.872873e-001
    outer loop
      vertex   -8.938615e+001 2.138319e+002 6.081998e+001
      vertex   -8.938615e+001 2.136892e+002 6.107571e+001
      vertex   -8.356797e+001 2.136892e+002 6.107571e+001
    endloop
  endfacet
  facet normal 0.000000e+000 8.352499e-001 5.498706e-001
    outer loop
      vertex   -8.356797e+001 2.136892e+002 6.107571e+001
      vertex   -8.938615e+001 2.136892e+002 6.107571e+001
      vertex   -8.356797e+001 2.135282e+002 6.132031e+001
    endloop
  endfacet
  facet normal 0.000000e+000 7.927811e-001 6.095065e-001
    outer loop
      vertex   -7.774979e+001 2.135282e+002 6.132031e+001
      vertex   -8.356797e+001 2.135282e+002 6.132031e+001
      vertex   -7.774979e+001 2.133497e+002 6.155247e+001
    endloop
  endfacet
  facet normal 0.000000e+000 7.927811e-001 6.095065e-001
    outer loop
      vertex   -7.193160e+001 2.133497e+002 6.155247e+001
      vertex   -7.774979e+001 2.135282e+002 6.132031e+001
      vertex   -7.774979e+001 2.133497e+002 6.155247e+001
    endloop
  endfacet
  facet normal -0.000000e+000 8.352499e-001 5.498706e-001
    outer loop
      vertex   -8.938615e+001 2.135282e+002 6.132031e+001
      vertex   -8.356797e+001 2.135282e+002 6.132031e+001
      vertex   -8.938615e+001 2.136892e+002 6.107571e+001
    endloop
  endfacet
  facet normal -0.000000e+000 8.352499e-001 5.498706e-001
    outer loop
      vertex   -8.356797e+001 2.135282e+002 6.132031e+001
      vertex   -7.774979e+001 2.135282e+002 6.132031e+001
      vertex   -8.356797e+001 2.136892e+002 6.107571e+001
    endloop
  endfacet
  facet normal 0.000000e+000 8.352499e-001 5.498706e-001
    outer loop
      vertex   -6.611342e+001 2.135282e+002 6.132031e+001
      vertex   -7.193160e+001 2.136892e+002 6.107571e+001
      vertex   -7.193160e+001 2.135282e+002 6.132031e+001
    endloop
  endfacet
  facet normal 0.000000e+000 8.352499e-001 5.498706e-001
    outer loop
      vertex   -4.865888e+001 2.135282e+002 6.132031e+001
      vertex   -4.865888e+001 2.136892e+002 6.107571e+001
      vertex   -5.447706e+001 2.136892e+002 6.107571e+001
    endloop
  endfacet
  facet normal -0.000000e+000 8.352499e-001 5.498706e-001
    outer loop
      vertex   -5.447706e+001 2.135282e+002 6.132031e+001
      vertex   -4.865888e+001 2.135282e+002 6.132031e+001
      vertex   -5.447706e+001 2.136892e+002 6.107571e+001
    endloop
  endfacet
  facet normal 6.715269e-016 8.352499e-001 5.498706e-001
    outer loop
      vertex   -3.702251e+001 2.135282e+002 6.132031e+001
      vertex   -3.702251e+001 2.136892e+002 6.107571e+001
      vertex   -4.284069e+001 2.136892e+002 6.107571e+001
    endloop
  endfacet
  facet normal 6.715269e-016 8.352499e-001 5.498706e-001
    outer loop
      vertex   -4.284069e+001 2.135282e+002 6.132031e+001
      vertex   -3.702251e+001 2.135282e+002 6.132031e+001
      vertex   -4.284069e+001 2.136892e+002 6.107571e+001
    endloop
  endfacet
  facet normal -0.000000e+000 7.927811e-001 6.095065e-001
    outer loop
      vertex   -8.356797e+001 2.133497e+002 6.155247e+001
      vertex   -7.774979e+001 2.133497e+002 6.155247e+001
      vertex   -8.356797e+001 2.135282e+002 6.132031e+001
    endloop
  endfacet
  facet normal 0.000000e+000 7.927811e-001 6.095065e-001
    outer loop
      vertex   -6.611342e+001 2.133497e+002 6.155247e+001
      vertex   -7.193160e+001 2.135282e+002 6.132031e+001
      vertex   -7.193160e+001 2.133497e+002 6.155247e+001
    endloop
  endfacet
  facet normal 0.000000e+000 7.927811e-001 6.095065e-001
    outer loop
      vertex   -5.447706e+001 2.133497e+002 6.155247e+001
      vertex   -5.447706e+001 2.135282e+002 6.132031e+001
      vertex   -6.029524e+001 2.135282e+002 6.132031e+001
    endloop
  endfacet
  facet normal -0.000000e+000 7.927811e-001 6.095065e-001
    outer loop
      vertex   -6.029524e+001 2.133497e+002 6.155247e+001
      vertex   -5.447706e+001 2.133497e+002 6.155247e+001
      vertex   -6.029524e+001 2.135282e+002 6.132031e+001
    endloop
  endfacet
  facet normal 0.000000e+000 7.927811e-001 6.095065e-001
    outer loop
      vertex   -4.284069e+001 2.133497e+002 6.155247e+001
      vertex   -4.284069e+001 2.135282e+002 6.132031e+001
      vertex   -4.865888e+001 2.135282e+002 6.132031e+001
    endloop
  endfacet
  facet normal -0.000000e+000 7.927811e-001 6.095065e-001
    outer loop
      vertex   -4.865888e+001 2.133497e+002 6.155247e+001
      vertex   -4.284069e+001 2.133497e+002 6.155247e+001
      vertex   -4.865888e+001 2.135282e+002 6.132031e+001
    endloop
  endfacet
  facet normal -0.000000e+000 7.927811e-001 6.095065e-001
    outer loop
      vertex   -8.938615e+001 2.135282e+002 6.132031e+001
      vertex   -8.938615e+001 2.133497e+002 6.155247e+001
      vertex   -8.356797e+001 2.133497e+002 6.155247e+001
    endloop
  endfacet
  facet normal 0.000000e+000 7.460629e-001 6.658754e-001
    outer loop
      vertex   -8.356797e+001 2.133497e+002 6.155247e+001
      vertex   -8.938615e+001 2.133497e+002 6.155247e+001
      vertex   -8.356797e+001 2.131547e+002 6.177096e+001
    endloop
  endfacet
  facet normal 0.000000e+000 6.953459e-001 7.186753e-001
    outer loop
      vertex   -7.774979e+001 2.131547e+002 6.177096e+001
      vertex   -8.356797e+001 2.131547e+002 6.177096e+001
      vertex   -7.774979e+001 2.129442e+002 6.197459e+001
    endloop
  endfacet
  facet normal 0.000000e+000 6.953459e-001 7.186753e-001
    outer loop
      vertex   -7.193160e+001 2.129442e+002 6.197459e+001
      vertex   -7.774979e+001 2.131547e+002 6.177096e+001
      vertex   -7.774979e+001 2.129442e+002 6.197459e+001
    endloop
  endfacet
  facet normal -0.000000e+000 7.460629e-001 6.658754e-001
    outer loop
      vertex   -8.938615e+001 2.131547e+002 6.177096e+001
      vertex   -8.356797e+001 2.131547e+002 6.177096e+001
      vertex   -8.938615e+001 2.133497e+002 6.155247e+001
    endloop
  endfacet
  facet normal -0.000000e+000 7.460629e-001 6.658754e-001
    outer loop
      vertex   -8.356797e+001 2.131547e+002 6.177096e+001
      vertex   -7.774979e+001 2.131547e+002 6.177096e+001
      vertex   -8.356797e+001 2.133497e+002 6.155247e+001
    endloop
  endfacet
  facet normal 0.000000e+000 7.460629e-001 6.658754e-001
    outer loop
      vertex   -6.611342e+001 2.131547e+002 6.177096e+001
      vertex   -7.193160e+001 2.133497e+002 6.155247e+001
      vertex   -7.193160e+001 2.131547e+002 6.177096e+001
    endloop
  endfacet
  facet normal 0.000000e+000 7.460629e-001 6.658754e-001
    outer loop
      vertex   -4.865888e+001 2.131547e+002 6.177096e+001
      vertex   -4.865888e+001 2.133497e+002 6.155247e+001
      vertex   -5.447706e+001 2.133497e+002 6.155247e+001
    endloop
  endfacet
  facet normal -0.000000e+000 7.460629e-001 6.658754e-001
    outer loop
      vertex   -5.447706e+001 2.131547e+002 6.177096e+001
      vertex   -4.865888e+001 2.131547e+002 6.177096e+001
      vertex   -5.447706e+001 2.133497e+002 6.155247e+001
    endloop
  endfacet
  facet normal -0.000000e+000 6.953459e-001 7.186753e-001
    outer loop
      vertex   -8.938615e+001 2.129442e+002 6.197459e+001
      vertex   -8.356797e+001 2.129442e+002 6.197459e+001
      vertex   -8.938615e+001 2.131547e+002 6.177096e+001
    endloop
  endfacet
  facet normal -0.000000e+000 6.953459e-001 7.186753e-001
    outer loop
      vertex   -8.356797e+001 2.129442e+002 6.197459e+001
      vertex   -7.774979e+001 2.129442e+002 6.197459e+001
      vertex   -8.356797e+001 2.131547e+002 6.177096e+001
    endloop
  endfacet
  facet normal 0.000000e+000 6.953459e-001 7.186753e-001
    outer loop
      vertex   -6.611342e+001 2.129442e+002 6.197459e+001
      vertex   -7.193160e+001 2.131547e+002 6.177096e+001
      vertex   -7.193160e+001 2.129442e+002 6.197459e+001
    endloop
  endfacet
  facet normal 0.000000e+000 6.953459e-001 7.186753e-001
    outer loop
      vertex   -5.447706e+001 2.129442e+002 6.197459e+001
      vertex   -5.447706e+001 2.131547e+002 6.177096e+001
      vertex   -6.029524e+001 2.131547e+002 6.177096e+001
    endloop
  endfacet
  facet normal 0.000000e+000 6.953459e-001 7.186753e-001
    outer loop
      vertex   -4.284069e+001 2.129442e+002 6.197459e+001
      vertex   -4.284069e+001 2.131547e+002 6.177096e+001
      vertex   -4.865888e+001 2.131547e+002 6.177096e+001
    endloop
  endfacet
  facet normal -0.000000e+000 6.953459e-001 7.186753e-001
    outer loop
      vertex   -4.865888e+001 2.129442e+002 6.197459e+001
      vertex   -4.284069e+001 2.129442e+002 6.197459e+001
      vertex   -4.865888e+001 2.131547e+002 6.177096e+001
    endloop
  endfacet
  facet normal -0.000000e+000 6.409017e-001 7.676230e-001
    outer loop
      vertex   -8.356797e+001 2.127194e+002 6.216228e+001
      vertex   -7.774979e+001 2.127194e+002 6.216228e+001
      vertex   -8.356797e+001 2.129442e+002 6.197459e+001
    endloop
  endfacet
  facet normal 0.000000e+000 6.409017e-001 7.676230e-001
    outer loop
      vertex   -6.611342e+001 2.127194e+002 6.216228e+001
      vertex   -7.193160e+001 2.129442e+002 6.197459e+001
      vertex   -7.193160e+001 2.127194e+002 6.216228e+001
    endloop
  endfacet
  facet normal 0.000000e+000 6.409017e-001 7.676230e-001
    outer loop
      vertex   -5.447706e+001 2.127194e+002 6.216228e+001
      vertex   -5.447706e+001 2.129442e+002 6.197459e+001
      vertex   -6.029524e+001 2.129442e+002 6.197459e+001
    endloop
  endfacet
  facet normal -0.000000e+000 6.409017e-001 7.676230e-001
    outer loop
      vertex   -6.029524e+001 2.127194e+002 6.216228e+001
      vertex   -5.447706e+001 2.127194e+002 6.216228e+001
      vertex   -6.029524e+001 2.129442e+002 6.197459e+001
    endloop
  endfacet
  facet normal 0.000000e+000 6.409017e-001 7.676230e-001
    outer loop
      vertex   -4.865888e+001 2.127194e+002 6.216228e+001
      vertex   -4.865888e+001 2.129442e+002 6.197459e+001
      vertex   -5.447706e+001 2.129442e+002 6.197459e+001
    endloop
  endfacet
  facet normal -0.000000e+000 6.409017e-001 7.676230e-001
    outer loop
      vertex   -8.938615e+001 2.129442e+002 6.197459e+001
      vertex   -8.938615e+001 2.127194e+002 6.216228e+001
      vertex   -8.356797e+001 2.127194e+002 6.216228e+001
    endloop
  endfacet
  facet normal 0.000000e+000 5.830223e-001 8.124562e-001
    outer loop
      vertex   -8.356797e+001 2.127194e+002 6.216228e+001
      vertex   -8.938615e+001 2.127194e+002 6.216228e+001
      vertex   -8.356797e+001 2.124815e+002 6.233302e+001
    endloop
  endfacet
  facet normal 0.000000e+000 5.220179e-001 8.529346e-001
    outer loop
      vertex   -7.774979e+001 2.124815e+002 6.233302e+001
      vertex   -8.356797e+001 2.124815e+002 6.233302e+001
      vertex   -7.774979e+001 2.122317e+002 6.248589e+001
    endloop
  endfacet
  facet normal 0.000000e+000 5.220179e-001 8.529346e-001
    outer loop
      vertex   -7.193160e+001 2.122317e+002 6.248589e+001
      vertex   -7.774979e+001 2.124815e+002 6.233302e+001
      vertex   -7.774979e+001 2.122317e+002 6.248589e+001
    endloop
  endfacet
  facet normal -0.000000e+000 5.830223e-001 8.124562e-001
    outer loop
      vertex   -8.938615e+001 2.124815e+002 6.233302e+001
      vertex   -8.356797e+001 2.124815e+002 6.233302e+001
      vertex   -8.938615e+001 2.127194e+002 6.216228e+001
    endloop
  endfacet
  facet normal -0.000000e+000 5.830223e-001 8.124562e-001
    outer loop
      vertex   -8.356797e+001 2.124815e+002 6.233302e+001
      vertex   -7.774979e+001 2.124815e+002 6.233302e+001
      vertex   -8.356797e+001 2.127194e+002 6.216228e+001
    endloop
  endfacet
  facet normal 0.000000e+000 5.830223e-001 8.124562e-001
    outer loop
      vertex   -6.611342e+001 2.124815e+002 6.233302e+001
      vertex   -7.193160e+001 2.127194e+002 6.216228e+001
      vertex   -7.193160e+001 2.124815e+002 6.233302e+001
    endloop
  endfacet
  facet normal 0.000000e+000 5.830223e-001 8.124562e-001
    outer loop
      vertex   -4.865888e+001 2.124815e+002 6.233302e+001
      vertex   -4.865888e+001 2.127194e+002 6.216228e+001
      vertex   -5.447706e+001 2.127194e+002 6.216228e+001
    endloop
  endfacet
  facet normal -0.000000e+000 5.830223e-001 8.124562e-001
    outer loop
      vertex   -5.447706e+001 2.124815e+002 6.233302e+001
      vertex   -4.865888e+001 2.124815e+002 6.233302e+001
      vertex   -5.447706e+001 2.127194e+002 6.216228e+001
    endloop
  endfacet
  facet normal 0.000000e+000 5.830223e-001 8.124562e-001
    outer loop
      vertex   -4.284069e+001 2.124815e+002 6.233302e+001
      vertex   -4.284069e+001 2.127194e+002 6.216228e+001
      vertex   -4.865888e+001 2.127194e+002 6.216228e+001
    endloop
  endfacet
  facet normal -0.000000e+000 5.220179e-001 8.529346e-001
    outer loop
      vertex   -8.356797e+001 2.122317e+002 6.248589e+001
      vertex   -7.774979e+001 2.122317e+002 6.248589e+001
      vertex   -8.356797e+001 2.124815e+002 6.233302e+001
    endloop
  endfacet
  facet normal 0.000000e+000 5.220179e-001 8.529346e-001
    outer loop
      vertex   -6.611342e+001 2.122317e+002 6.248589e+001
      vertex   -7.193160e+001 2.124815e+002 6.233302e+001
      vertex   -7.193160e+001 2.122317e+002 6.248589e+001
    endloop
  endfacet
  facet normal 0.000000e+000 5.220179e-001 8.529346e-001
    outer loop
      vertex   -5.447706e+001 2.122317e+002 6.248589e+001
      vertex   -5.447706e+001 2.124815e+002 6.233302e+001
      vertex   -6.029524e+001 2.124815e+002 6.233302e+001
    endloop
  endfacet
  facet normal -0.000000e+000 5.220179e-001 8.529346e-001
    outer loop
      vertex   -6.029524e+001 2.122317e+002 6.248589e+001
      vertex   -5.447706e+001 2.122317e+002 6.248589e+001
      vertex   -6.029524e+001 2.124815e+002 6.233302e+001
    endloop
  endfacet
  facet normal 0.000000e+000 5.220179e-001 8.529346e-001
    outer loop
      vertex   -4.284069e+001 2.122317e+002 6.248589e+001
      vertex   -4.284069e+001 2.124815e+002 6.233302e+001
      vertex   -4.865888e+001 2.124815e+002 6.233302e+001
    endloop
  endfacet
  facet normal -0.000000e+000 5.220179e-001 8.529346e-001
    outer loop
      vertex   -4.865888e+001 2.122317e+002 6.248589e+001
      vertex   -4.284069e+001 2.122317e+002 6.248589e+001
      vertex   -4.865888e+001 2.124815e+002 6.233302e+001
    endloop
  endfacet
  facet normal 1.041642e-015 5.220179e-001 8.529346e-001
    outer loop
      vertex   -3.702251e+001 2.122317e+002 6.248589e+001
      vertex   -3.702251e+001 2.124815e+002 6.233302e+001
      vertex   -4.284069e+001 2.124815e+002 6.233302e+001
    endloop
  endfacet
  facet normal -0.000000e+000 5.220179e-001 8.529346e-001
    outer loop
      vertex   -8.938615e+001 2.124815e+002 6.233302e+001
      vertex   -8.938615e+001 2.122317e+002 6.248589e+001
      vertex   -8.356797e+001 2.122317e+002 6.248589e+001
    endloop
  endfacet
  facet normal 0.000000e+000 4.582154e-001 8.888412e-001
    outer loop
      vertex   -8.356797e+001 2.122317e+002 6.248589e+001
      vertex   -8.938615e+001 2.122317e+002 6.248589e+001
      vertex   -8.356797e+001 2.119714e+002 6.262008e+001
    endloop
  endfacet
  facet normal 0.000000e+000 3.919569e-001 9.199836e-001
    outer loop
      vertex   -7.774979e+001 2.119714e+002 6.262008e+001
      vertex   -8.356797e+001 2.119714e+002 6.262008e+001
      vertex   -7.774979e+001 2.117020e+002 6.273486e+001
    endloop
  endfacet
  facet normal 0.000000e+000 3.919569e-001 9.199836e-001
    outer loop
      vertex   -7.193160e+001 2.117020e+002 6.273486e+001
      vertex   -7.774979e+001 2.119714e+002 6.262008e+001
      vertex   -7.774979e+001 2.117020e+002 6.273486e+001
    endloop
  endfacet
  facet normal -0.000000e+000 4.582154e-001 8.888412e-001
    outer loop
      vertex   -8.938615e+001 2.119714e+002 6.262008e+001
      vertex   -8.356797e+001 2.119714e+002 6.262008e+001
      vertex   -8.938615e+001 2.122317e+002 6.248589e+001
    endloop
  endfacet
  facet normal -0.000000e+000 4.582154e-001 8.888412e-001
    outer loop
      vertex   -8.356797e+001 2.119714e+002 6.262008e+001
      vertex   -7.774979e+001 2.119714e+002 6.262008e+001
      vertex   -8.356797e+001 2.122317e+002 6.248589e+001
    endloop
  endfacet
  facet normal 0.000000e+000 4.582154e-001 8.888412e-001
    outer loop
      vertex   -6.611342e+001 2.119714e+002 6.262008e+001
      vertex   -7.193160e+001 2.122317e+002 6.248589e+001
      vertex   -7.193160e+001 2.119714e+002 6.262008e+001
    endloop
  endfacet
  facet normal 0.000000e+000 4.582154e-001 8.888412e-001
    outer loop
      vertex   -4.865888e+001 2.119714e+002 6.262008e+001
      vertex   -4.865888e+001 2.122317e+002 6.248589e+001
      vertex   -5.447706e+001 2.122317e+002 6.248589e+001
    endloop
  endfacet
  facet normal -0.000000e+000 4.582154e-001 8.888412e-001
    outer loop
      vertex   -5.447706e+001 2.119714e+002 6.262008e+001
      vertex   -4.865888e+001 2.119714e+002 6.262008e+001
      vertex   -5.447706e+001 2.122317e+002 6.248589e+001
    endloop
  endfacet
  facet normal -0.000000e+000 3.919569e-001 9.199836e-001
    outer loop
      vertex   -8.938615e+001 2.117020e+002 6.273486e+001
      vertex   -8.356797e+001 2.117020e+002 6.273486e+001
      vertex   -8.938615e+001 2.119714e+002 6.262008e+001
    endloop
  endfacet
  facet normal -0.000000e+000 3.919569e-001 9.199836e-001
    outer loop
      vertex   -8.356797e+001 2.117020e+002 6.273486e+001
      vertex   -7.774979e+001 2.117020e+002 6.273486e+001
      vertex   -8.356797e+001 2.119714e+002 6.262008e+001
    endloop
  endfacet
  facet normal 0.000000e+000 3.919569e-001 9.199836e-001
    outer loop
      vertex   -6.611342e+001 2.117020e+002 6.273486e+001
      vertex   -7.193160e+001 2.119714e+002 6.262008e+001
      vertex   -7.193160e+001 2.117020e+002 6.273486e+001
    endloop
  endfacet
  facet normal 0.000000e+000 3.919569e-001 9.199836e-001
    outer loop
      vertex   -5.447706e+001 2.117020e+002 6.273486e+001
      vertex   -5.447706e+001 2.119714e+002 6.262008e+001
      vertex   -6.029524e+001 2.119714e+002 6.262008e+001
    endloop
  endfacet
  facet normal 0.000000e+000 3.919569e-001 9.199836e-001
    outer loop
      vertex   -4.284069e+001 2.117020e+002 6.273486e+001
      vertex   -4.284069e+001 2.119714e+002 6.262008e+001
      vertex   -4.865888e+001 2.119714e+002 6.262008e+001
    endloop
  endfacet
  facet normal -0.000000e+000 3.919569e-001 9.199836e-001
    outer loop
      vertex   -4.865888e+001 2.117020e+002 6.273486e+001
      vertex   -4.284069e+001 2.117020e+002 6.273486e+001
      vertex   -4.865888e+001 2.119714e+002 6.262008e+001
    endloop
  endfacet
  facet normal -0.000000e+000 3.235974e-001 9.461949e-001
    outer loop
      vertex   -8.356797e+001 2.114249e+002 6.282963e+001
      vertex   -7.774979e+001 2.114249e+002 6.282963e+001
      vertex   -8.356797e+001 2.117020e+002 6.273486e+001
    endloop
  endfacet
  facet normal 0.000000e+000 3.235974e-001 9.461949e-001
    outer loop
      vertex   -6.611342e+001 2.114249e+002 6.282963e+001
      vertex   -7.193160e+001 2.117020e+002 6.273486e+001
      vertex   -7.193160e+001 2.114249e+002 6.282963e+001
    endloop
  endfacet
  facet normal 0.000000e+000 3.235974e-001 9.461949e-001
    outer loop
      vertex   -6.029524e+001 2.114249e+002 6.282963e+001
      vertex   -6.611342e+001 2.117020e+002 6.273486e+001
      vertex   -6.611342e+001 2.114249e+002 6.282963e+001
    endloop
  endfacet
  facet normal 0.000000e+000 2.535035e-001 9.673345e-001
    outer loop
      vertex   -6.029524e+001 2.111416e+002 6.290386e+001
      vertex   -6.611342e+001 2.114249e+002 6.282963e+001
      vertex   -6.611342e+001 2.111416e+002 6.290386e+001
    endloop
  endfacet
  facet normal 0.000000e+000 1.820508e-001 9.832891e-001
    outer loop
      vertex   -6.029524e+001 2.108536e+002 6.295718e+001
      vertex   -6.611342e+001 2.111416e+002 6.290386e+001
      vertex   -6.611342e+001 2.108536e+002 6.295718e+001
    endloop
  endfacet
  facet normal 0.000000e+000 1.096223e-001 9.939733e-001
    outer loop
      vertex   -6.029524e+001 2.105626e+002 6.298928e+001
      vertex   -6.611342e+001 2.108536e+002 6.295718e+001
      vertex   -6.611342e+001 2.105626e+002 6.298928e+001
    endloop
  endfacet
  facet normal 0.000000e+000 3.660615e-002 9.993298e-001
    outer loop
      vertex   -3.507731e+001 2.102699e+002 6.300000e+001
      vertex   -6.029524e+001 2.105626e+002 6.298928e+001
      vertex   -6.611342e+001 2.105626e+002 6.298928e+001
    endloop
  endfacet
  facet normal 0.000000e+000 3.660615e-002 9.993298e-001
    outer loop
      vertex   -3.507731e+001 2.102699e+002 6.300000e+001
      vertex   -5.447706e+001 2.105626e+002 6.298928e+001
      vertex   -6.029524e+001 2.105626e+002 6.298928e+001
    endloop
  endfacet
  facet normal 0.000000e+000 3.660615e-002 9.993298e-001
    outer loop
      vertex   -3.507731e+001 2.102699e+002 6.300000e+001
      vertex   -4.865888e+001 2.105626e+002 6.298928e+001
      vertex   -5.447706e+001 2.105626e+002 6.298928e+001
    endloop
  endfacet
  facet normal 0.000000e+000 3.660615e-002 9.993298e-001
    outer loop
      vertex   -3.507731e+001 2.102699e+002 6.300000e+001
      vertex   -4.284069e+001 2.105626e+002 6.298928e+001
      vertex   -4.865888e+001 2.105626e+002 6.298928e+001
    endloop
  endfacet
  facet normal -0.000000e+000 1.096223e-001 9.939733e-001
    outer loop
      vertex   -4.865888e+001 2.105626e+002 6.298928e+001
      vertex   -4.284069e+001 2.105626e+002 6.298928e+001
      vertex   -4.865888e+001 2.108536e+002 6.295718e+001
    endloop
  endfacet
  facet normal -0.000000e+000 1.820508e-001 9.832891e-001
    outer loop
      vertex   -5.447706e+001 2.108536e+002 6.295718e+001
      vertex   -4.865888e+001 2.108536e+002 6.295718e+001
      vertex   -5.447706e+001 2.111416e+002 6.290386e+001
    endloop
  endfacet
  facet normal -0.000000e+000 2.535035e-001 9.673345e-001
    outer loop
      vertex   -6.029524e+001 2.111416e+002 6.290386e+001
      vertex   -5.447706e+001 2.111416e+002 6.290386e+001
      vertex   -6.029524e+001 2.114249e+002 6.282963e+001
    endloop
  endfacet
  facet normal 0.000000e+000 2.535035e-001 9.673345e-001
    outer loop
      vertex   -6.611342e+001 2.114249e+002 6.282963e+001
      vertex   -6.029524e+001 2.111416e+002 6.290386e+001
      vertex   -6.029524e+001 2.114249e+002 6.282963e+001
    endloop
  endfacet
  facet normal 0.000000e+000 3.235974e-001 9.461949e-001
    outer loop
      vertex   -5.447706e+001 2.114249e+002 6.282963e+001
      vertex   -5.447706e+001 2.117020e+002 6.273486e+001
      vertex   -6.029524e+001 2.117020e+002 6.273486e+001
    endloop
  endfacet
  facet normal -0.000000e+000 3.235974e-001 9.461949e-001
    outer loop
      vertex   -6.029524e+001 2.114249e+002 6.282963e+001
      vertex   -5.447706e+001 2.114249e+002 6.282963e+001
      vertex   -6.029524e+001 2.117020e+002 6.273486e+001
    endloop
  endfacet
  facet normal 0.000000e+000 3.235974e-001 9.461949e-001
    outer loop
      vertex   -4.865888e+001 2.114249e+002 6.282963e+001
      vertex   -4.865888e+001 2.117020e+002 6.273486e+001
      vertex   -5.447706e+001 2.117020e+002 6.273486e+001
    endloop
  endfacet
  facet normal -0.000000e+000 3.235974e-001 9.461949e-001
    outer loop
      vertex   -8.938615e+001 2.117020e+002 6.273486e+001
      vertex   -8.938615e+001 2.114249e+002 6.282963e+001
      vertex   -8.356797e+001 2.114249e+002 6.282963e+001
    endloop
  endfacet
  facet normal 0.000000e+000 2.535035e-001 9.673345e-001
    outer loop
      vertex   -8.356797e+001 2.114249e+002 6.282963e+001
      vertex   -8.938615e+001 2.114249e+002 6.282963e+001
      vertex   -8.356797e+001 2.111416e+002 6.290386e+001
    endloop
  endfacet
  facet normal 0.000000e+000 1.820508e-001 9.832891e-001
    outer loop
      vertex   -7.774979e+001 2.111416e+002 6.290386e+001
      vertex   -8.356797e+001 2.111416e+002 6.290386e+001
      vertex   -7.774979e+001 2.108536e+002 6.295718e+001
    endloop
  endfacet
  facet normal 0.000000e+000 1.820508e-001 9.832891e-001
    outer loop
      vertex   -7.193160e+001 2.108536e+002 6.295718e+001
      vertex   -7.774979e+001 2.111416e+002 6.290386e+001
      vertex   -7.774979e+001 2.108536e+002 6.295718e+001
    endloop
  endfacet
  facet normal -0.000000e+000 2.535035e-001 9.673345e-001
    outer loop
      vertex   -8.938615e+001 2.111416e+002 6.290386e+001
      vertex   -8.356797e+001 2.111416e+002 6.290386e+001
      vertex   -8.938615e+001 2.114249e+002 6.282963e+001
    endloop
  endfacet
  facet normal -0.000000e+000 2.535035e-001 9.673345e-001
    outer loop
      vertex   -8.356797e+001 2.111416e+002 6.290386e+001
      vertex   -7.774979e+001 2.111416e+002 6.290386e+001
      vertex   -8.356797e+001 2.114249e+002 6.282963e+001
    endloop
  endfacet
  facet normal 0.000000e+000 2.535035e-001 9.673345e-001
    outer loop
      vertex   -6.611342e+001 2.111416e+002 6.290386e+001
      vertex   -7.193160e+001 2.114249e+002 6.282963e+001
      vertex   -7.193160e+001 2.111416e+002 6.290386e+001
    endloop
  endfacet
  facet normal 0.000000e+000 2.535035e-001 9.673345e-001
    outer loop
      vertex   -4.865888e+001 2.111416e+002 6.290386e+001
      vertex   -4.865888e+001 2.114249e+002 6.282963e+001
      vertex   -5.447706e+001 2.114249e+002 6.282963e+001
    endloop
  endfacet
  facet normal -0.000000e+000 2.535035e-001 9.673345e-001
    outer loop
      vertex   -5.447706e+001 2.111416e+002 6.290386e+001
      vertex   -4.865888e+001 2.111416e+002 6.290386e+001
      vertex   -5.447706e+001 2.114249e+002 6.282963e+001
    endloop
  endfacet
  facet normal 0.000000e+000 2.535035e-001 9.673345e-001
    outer loop
      vertex   -4.284069e+001 2.111416e+002 6.290386e+001
      vertex   -4.284069e+001 2.114249e+002 6.282963e+001
      vertex   -4.865888e+001 2.114249e+002 6.282963e+001
    endloop
  endfacet
  facet normal -0.000000e+000 1.820508e-001 9.832891e-001
    outer loop
      vertex   -8.356797e+001 2.108536e+002 6.295718e+001
      vertex   -7.774979e+001 2.108536e+002 6.295718e+001
      vertex   -8.356797e+001 2.111416e+002 6.290386e+001
    endloop
  endfacet
  facet normal 0.000000e+000 1.820508e-001 9.832891e-001
    outer loop
      vertex   -6.611342e+001 2.108536e+002 6.295718e+001
      vertex   -7.193160e+001 2.111416e+002 6.290386e+001
      vertex   -7.193160e+001 2.108536e+002 6.295718e+001
    endloop
  endfacet
  facet normal 0.000000e+000 1.820508e-001 9.832891e-001
    outer loop
      vertex   -5.447706e+001 2.108536e+002 6.295718e+001
      vertex   -5.447706e+001 2.111416e+002 6.290386e+001
      vertex   -6.029524e+001 2.111416e+002 6.290386e+001
    endloop
  endfacet
  facet normal 0.000000e+000 1.820508e-001 9.832891e-001
    outer loop
      vertex   -6.029524e+001 2.108536e+002 6.295718e+001
      vertex   -6.029524e+001 2.111416e+002 6.290386e+001
      vertex   -6.611342e+001 2.111416e+002 6.290386e+001
    endloop
  endfacet
  facet normal -0.000000e+000 1.820508e-001 9.832891e-001
    outer loop
      vertex   -6.029524e+001 2.108536e+002 6.295718e+001
      vertex   -5.447706e+001 2.108536e+002 6.295718e+001
      vertex   -6.029524e+001 2.111416e+002 6.290386e+001
    endloop
  endfacet
  facet normal 0.000000e+000 1.096223e-001 9.939733e-001
    outer loop
      vertex   -6.029524e+001 2.108536e+002 6.295718e+001
      vertex   -5.447706e+001 2.105626e+002 6.298928e+001
      vertex   -5.447706e+001 2.108536e+002 6.295718e+001
    endloop
  endfacet
  facet normal -0.000000e+000 1.096223e-001 9.939733e-001
    outer loop
      vertex   -6.029524e+001 2.108536e+002 6.295718e+001
      vertex   -6.029524e+001 2.105626e+002 6.298928e+001
      vertex   -5.447706e+001 2.105626e+002 6.298928e+001
    endloop
  endfacet
  facet normal 0.000000e+000 1.096223e-001 9.939733e-001
    outer loop
      vertex   -6.029524e+001 2.108536e+002 6.295718e+001
      vertex   -6.611342e+001 2.108536e+002 6.295718e+001
      vertex   -6.029524e+001 2.105626e+002 6.298928e+001
    endloop
  endfacet
  facet normal 0.000000e+000 1.820508e-001 9.832891e-001
    outer loop
      vertex   -4.284069e+001 2.108536e+002 6.295718e+001
      vertex   -4.284069e+001 2.111416e+002 6.290386e+001
      vertex   -4.865888e+001 2.111416e+002 6.290386e+001
    endloop
  endfacet
  facet normal -0.000000e+000 1.820508e-001 9.832891e-001
    outer loop
      vertex   -4.865888e+001 2.108536e+002 6.295718e+001
      vertex   -4.284069e+001 2.108536e+002 6.295718e+001
      vertex   -4.865888e+001 2.111416e+002 6.290386e+001
    endloop
  endfacet
  facet normal 1.200837e-015 1.820508e-001 9.832891e-001
    outer loop
      vertex   -3.702251e+001 2.108536e+002 6.295718e+001
      vertex   -3.702251e+001 2.111416e+002 6.290386e+001
      vertex   -4.284069e+001 2.111416e+002 6.290386e+001
    endloop
  endfacet
  facet normal -0.000000e+000 1.820508e-001 9.832891e-001
    outer loop
      vertex   -8.938615e+001 2.111416e+002 6.290386e+001
      vertex   -8.938615e+001 2.108536e+002 6.295718e+001
      vertex   -8.356797e+001 2.108536e+002 6.295718e+001
    endloop
  endfacet
  facet normal 0.000000e+000 1.096223e-001 9.939733e-001
    outer loop
      vertex   -8.356797e+001 2.108536e+002 6.295718e+001
      vertex   -8.938615e+001 2.108536e+002 6.295718e+001
      vertex   -8.356797e+001 2.105626e+002 6.298928e+001
    endloop
  endfacet
  facet normal 0.000000e+000 5.717870e-002 9.983640e-001
    outer loop
      vertex   -7.774979e+001 2.105626e+002 6.298928e+001
      vertex   -8.356797e+001 2.105626e+002 6.298928e+001
      vertex   -9.149607e+001 2.104346e+002 6.299661e+001
    endloop
  endfacet
  facet normal 0.000000e+000 1.096223e-001 9.939733e-001
    outer loop
      vertex   -7.774979e+001 2.105626e+002 6.298928e+001
      vertex   -8.356797e+001 2.108536e+002 6.295718e+001
      vertex   -8.356797e+001 2.105626e+002 6.298928e+001
    endloop
  endfacet
  facet normal -0.000000e+000 1.096223e-001 9.939733e-001
    outer loop
      vertex   -8.938615e+001 2.105626e+002 6.298928e+001
      vertex   -8.356797e+001 2.105626e+002 6.298928e+001
      vertex   -8.938615e+001 2.108536e+002 6.295718e+001
    endloop
  endfacet
  facet normal 0.000000e+000 1.096223e-001 9.939733e-001
    outer loop
      vertex   -6.611342e+001 2.105626e+002 6.298928e+001
      vertex   -7.193160e+001 2.108536e+002 6.295718e+001
      vertex   -7.193160e+001 2.105626e+002 6.298928e+001
    endloop
  endfacet
  facet normal 0.000000e+000 1.096223e-001 9.939733e-001
    outer loop
      vertex   -4.865888e+001 2.105626e+002 6.298928e+001
      vertex   -4.865888e+001 2.108536e+002 6.295718e+001
      vertex   -5.447706e+001 2.108536e+002 6.295718e+001
    endloop
  endfacet
  facet normal -0.000000e+000 1.096223e-001 9.939733e-001
    outer loop
      vertex   -5.447706e+001 2.105626e+002 6.298928e+001
      vertex   -4.865888e+001 2.105626e+002 6.298928e+001
      vertex   -5.447706e+001 2.108536e+002 6.295718e+001
    endloop
  endfacet
  facet normal 9.629484e-001 -7.790904e-004 2.696846e-001
    outer loop
      vertex   -3.124880e+001 2.140984e+002 6.015864e+001
      vertex   -3.128787e+001 2.080429e+002 6.028068e+001
      vertex   -3.120433e+001 2.141429e+002 6.000000e+001
    endloop
  endfacet
  facet normal 9.509521e-001 9.748992e-005 3.093383e-001
    outer loop
      vertex   -3.124880e+001 2.140984e+002 6.015864e+001
      vertex   -3.129976e+001 2.140475e+002 6.031531e+001
      vertex   -3.128787e+001 2.080429e+002 6.028068e+001
    endloop
  endfacet
  facet normal 9.374361e-001 -1.531526e-004 3.481573e-001
    outer loop
      vertex   -3.128787e+001 2.080429e+002 6.028068e+001
      vertex   -3.129976e+001 2.140475e+002 6.031531e+001
      vertex   -3.135712e+001 2.139901e+002 6.046976e+001
    endloop
  endfacet
  facet normal 9.222622e-001 1.417245e-004 3.865649e-001
    outer loop
      vertex   -3.139173e+001 2.080429e+002 6.055450e+001
      vertex   -3.135712e+001 2.139901e+002 6.046976e+001
      vertex   -3.142080e+001 2.139264e+002 6.062170e+001
    endloop
  endfacet
  facet normal 9.056314e-001 -2.604302e-004 4.240656e-001
    outer loop
      vertex   -3.151534e+001 2.080429e+002 6.081998e+001
      vertex   -3.142080e+001 2.139264e+002 6.062170e+001
      vertex   -3.149069e+001 2.138565e+002 6.077090e+001
    endloop
  endfacet
  facet normal 8.873219e-001 1.302732e-004 4.611506e-001
    outer loop
      vertex   -3.156665e+001 2.137806e+002 6.091709e+001
      vertex   -3.151534e+001 2.080429e+002 6.081998e+001
      vertex   -3.149069e+001 2.138565e+002 6.077090e+001
    endloop
  endfacet
  facet normal 8.732416e-001 -4.380420e-004 4.872873e-001
    outer loop
      vertex   -3.156665e+001 2.137806e+002 6.091709e+001
      vertex   -3.165804e+001 2.080429e+002 6.107571e+001
      vertex   -3.151534e+001 2.080429e+002 6.081998e+001
    endloop
  endfacet
  facet normal 8.676275e-001 -7.418614e-005 4.972148e-001
    outer loop
      vertex   -3.156665e+001 2.137806e+002 6.091709e+001
      vertex   -3.164858e+001 2.136986e+002 6.106004e+001
      vertex   -3.165804e+001 2.080429e+002 6.107571e+001
    endloop
  endfacet
  facet normal 8.463800e-001 5.935758e-005 5.325795e-001
    outer loop
      vertex   -3.165804e+001 2.080429e+002 6.107571e+001
      vertex   -3.164858e+001 2.136986e+002 6.106004e+001
      vertex   -3.173631e+001 2.136109e+002 6.119948e+001
    endloop
  endfacet
  facet normal 8.237290e-001 6.110013e-005 5.669837e-001
    outer loop
      vertex   -3.181907e+001 2.080429e+002 6.132031e+001
      vertex   -3.173631e+001 2.136109e+002 6.119948e+001
      vertex   -3.182972e+001 2.135175e+002 6.133520e+001
    endloop
  endfacet
  facet normal 7.997305e-001 -7.636426e-005 6.003591e-001
    outer loop
      vertex   -3.192864e+001 2.134186e+002 6.146695e+001
      vertex   -3.181907e+001 2.080429e+002 6.132031e+001
      vertex   -3.182972e+001 2.135175e+002 6.133520e+001
    endloop
  endfacet
  facet normal 7.927810e-001 -4.675388e-004 6.095064e-001
    outer loop
      vertex   -3.192864e+001 2.134186e+002 6.146695e+001
      vertex   -3.199756e+001 2.080429e+002 6.155247e+001
      vertex   -3.181907e+001 2.080429e+002 6.132031e+001
    endloop
  endfacet
  facet normal 7.742437e-001 1.421102e-004 6.328875e-001
    outer loop
      vertex   -3.192864e+001 2.134186e+002 6.146695e+001
      vertex   -3.203290e+001 2.133143e+002 6.159452e+001
      vertex   -3.199756e+001 2.080429e+002 6.155247e+001
    endloop
  endfacet
  facet normal 7.477100e-001 -2.841021e-004 6.640253e-001
    outer loop
      vertex   -3.199756e+001 2.080429e+002 6.155247e+001
      vertex   -3.203290e+001 2.133143e+002 6.159452e+001
      vertex   -3.214232e+001 2.132049e+002 6.171769e+001
    endloop
  endfacet
  facet normal 7.195216e-001 1.639256e-004 6.944701e-001
    outer loop
      vertex   -3.219256e+001 2.080429e+002 6.177096e+001
      vertex   -3.214232e+001 2.132049e+002 6.171769e+001
      vertex   -3.225672e+001 2.130905e+002 6.183624e+001
    endloop
  endfacet
  facet normal 6.904940e-001 -1.880008e-004 7.233380e-001
    outer loop
      vertex   -3.240303e+001 2.080429e+002 6.197459e+001
      vertex   -3.225672e+001 2.130905e+002 6.183624e+001
      vertex   -3.237591e+001 2.129713e+002 6.194999e+001
    endloop
  endfacet
  facet normal 6.599520e-001 1.196693e-004 7.513078e-001
    outer loop
      vertex   -3.249968e+001 2.128475e+002 6.205873e+001
      vertex   -3.240303e+001 2.080429e+002 6.197459e+001
      vertex   -3.237591e+001 2.129713e+002 6.194999e+001
    endloop
  endfacet
  facet normal 6.409016e-001 -5.492649e-004 7.676228e-001
    outer loop
      vertex   -3.249968e+001 2.128475e+002 6.205873e+001
      vertex   -3.262782e+001 2.080429e+002 6.216228e+001
      vertex   -3.240303e+001 2.080429e+002 6.197459e+001
    endloop
  endfacet
  facet normal 6.285236e-001 -2.136737e-015 7.777905e-001
    outer loop
      vertex   -3.249968e+001 2.128475e+002 6.205873e+001
      vertex   -3.262782e+001 2.127194e+002 6.216228e+001
      vertex   -3.262782e+001 2.080429e+002 6.216228e+001
    endloop
  endfacet
  facet normal 5.959615e-001 -2.125585e-015 8.030130e-001
    outer loop
      vertex   -3.262782e+001 2.080429e+002 6.216228e+001
      vertex   -3.262782e+001 2.127194e+002 6.216228e+001
      vertex   -3.276012e+001 2.125871e+002 6.226046e+001
    endloop
  endfacet
  facet normal 5.622980e-001 1.321443e-004 8.269347e-001
    outer loop
      vertex   -3.286575e+001 2.080429e+002 6.233302e+001
      vertex   -3.276012e+001 2.125871e+002 6.226046e+001
      vertex   -3.289635e+001 2.124509e+002 6.235312e+001
    endloop
  endfacet
  facet normal 5.280108e-001 -2.076042e-004 8.492376e-001
    outer loop
      vertex   -3.303628e+001 2.123109e+002 6.244009e+001
      vertex   -3.286575e+001 2.080429e+002 6.233302e+001
      vertex   -3.289635e+001 2.124509e+002 6.235312e+001
    endloop
  endfacet
  facet normal 5.220178e-001 -5.397968e-004 8.529344e-001
    outer loop
      vertex   -3.303628e+001 2.123109e+002 6.244009e+001
      vertex   -3.311553e+001 2.080429e+002 6.248589e+001
      vertex   -3.286575e+001 2.080429e+002 6.233302e+001
    endloop
  endfacet
  facet normal 4.922868e-001 2.000415e-004 8.704330e-001
    outer loop
      vertex   -3.303628e+001 2.123109e+002 6.244009e+001
      vertex   -3.317967e+001 2.121676e+002 6.252122e+001
      vertex   -3.311553e+001 2.080429e+002 6.248589e+001
    endloop
  endfacet
  facet normal 4.582153e-001 -4.874669e-004 8.888411e-001
    outer loop
      vertex   -3.311553e+001 2.080429e+002 6.248589e+001
      vertex   -3.317967e+001 2.121676e+002 6.252122e+001
      vertex   -3.337583e+001 2.080429e+002 6.262008e+001
    endloop
  endfacet
  facet normal 3.919569e-001 -0.000000e+000 9.199836e-001
    outer loop
      vertex   -3.337583e+001 2.019429e+002 6.262008e+001
      vertex   -3.337583e+001 2.080429e+002 6.262008e+001
      vertex   -3.364525e+001 2.019429e+002 6.273486e+001
    endloop
  endfacet
  facet normal 3.235974e-001 -0.000000e+000 9.461949e-001
    outer loop
      vertex   -3.364525e+001 1.958429e+002 6.273486e+001
      vertex   -3.364525e+001 2.019429e+002 6.273486e+001
      vertex   -3.392234e+001 1.958429e+002 6.282963e+001
    endloop
  endfacet
  facet normal 2.535035e-001 -0.000000e+000 9.673345e-001
    outer loop
      vertex   -3.392234e+001 1.897429e+002 6.282963e+001
      vertex   -3.392234e+001 1.958429e+002 6.282963e+001
      vertex   -3.420562e+001 1.897429e+002 6.290386e+001
    endloop
  endfacet
  facet normal 1.820508e-001 -0.000000e+000 9.832891e-001
    outer loop
      vertex   -3.420562e+001 1.836429e+002 6.290386e+001
      vertex   -3.420562e+001 1.897429e+002 6.290386e+001
      vertex   -3.449358e+001 1.836429e+002 6.295718e+001
    endloop
  endfacet
  facet normal 1.096223e-001 -0.000000e+000 9.939733e-001
    outer loop
      vertex   -3.449358e+001 1.775429e+002 6.295718e+001
      vertex   -3.449358e+001 1.836429e+002 6.295718e+001
      vertex   -3.478466e+001 1.775429e+002 6.298928e+001
    endloop
  endfacet
  facet normal 3.660615e-002 -0.000000e+000 9.993298e-001
    outer loop
      vertex   -3.478466e+001 1.714429e+002 6.298928e+001
      vertex   -3.478466e+001 1.775429e+002 6.298928e+001
      vertex   -3.507731e+001 1.721852e+002 6.300000e+001
    endloop
  endfacet
  facet normal 3.660615e-002 0.000000e+000 9.993298e-001
    outer loop
      vertex   -3.478466e+001 1.653429e+002 6.298928e+001
      vertex   -3.507731e+001 1.721852e+002 6.300000e+001
      vertex   -3.478466e+001 1.592429e+002 6.298928e+001
    endloop
  endfacet
  facet normal 1.096223e-001 0.000000e+000 9.939733e-001
    outer loop
      vertex   -3.449358e+001 1.653429e+002 6.295718e+001
      vertex   -3.478466e+001 1.592429e+002 6.298928e+001
      vertex   -3.449358e+001 1.592429e+002 6.295718e+001
    endloop
  endfacet
  facet normal 1.820508e-001 0.000000e+000 9.832891e-001
    outer loop
      vertex   -3.420562e+001 1.653429e+002 6.290386e+001
      vertex   -3.449358e+001 1.592429e+002 6.295718e+001
      vertex   -3.420562e+001 1.592429e+002 6.290386e+001
    endloop
  endfacet
  facet normal 2.535035e-001 0.000000e+000 9.673345e-001
    outer loop
      vertex   -3.392234e+001 1.653429e+002 6.282963e+001
      vertex   -3.420562e+001 1.592429e+002 6.290386e+001
      vertex   -3.392234e+001 1.592429e+002 6.282963e+001
    endloop
  endfacet
  facet normal 3.235974e-001 0.000000e+000 9.461949e-001
    outer loop
      vertex   -3.364525e+001 1.653429e+002 6.273486e+001
      vertex   -3.392234e+001 1.592429e+002 6.282963e+001
      vertex   -3.364525e+001 1.592429e+002 6.273486e+001
    endloop
  endfacet
  facet normal 3.919569e-001 0.000000e+000 9.199836e-001
    outer loop
      vertex   -3.337583e+001 1.653429e+002 6.262008e+001
      vertex   -3.364525e+001 1.592429e+002 6.273486e+001
      vertex   -3.337583e+001 1.592429e+002 6.262008e+001
    endloop
  endfacet
  facet normal 4.582154e-001 0.000000e+000 8.888412e-001
    outer loop
      vertex   -3.311553e+001 1.653429e+002 6.248589e+001
      vertex   -3.337583e+001 1.592429e+002 6.262008e+001
      vertex   -3.311553e+001 1.592429e+002 6.248589e+001
    endloop
  endfacet
  facet normal 5.220179e-001 0.000000e+000 8.529346e-001
    outer loop
      vertex   -3.286575e+001 1.653429e+002 6.233302e+001
      vertex   -3.311553e+001 1.592429e+002 6.248589e+001
      vertex   -3.286575e+001 1.592429e+002 6.233302e+001
    endloop
  endfacet
  facet normal 5.830223e-001 0.000000e+000 8.124562e-001
    outer loop
      vertex   -3.262782e+001 1.653429e+002 6.216228e+001
      vertex   -3.286575e+001 1.592429e+002 6.233302e+001
      vertex   -3.262782e+001 1.592429e+002 6.216228e+001
    endloop
  endfacet
  facet normal 6.409017e-001 0.000000e+000 7.676230e-001
    outer loop
      vertex   -3.240303e+001 1.653429e+002 6.197459e+001
      vertex   -3.262782e+001 1.592429e+002 6.216228e+001
      vertex   -3.240303e+001 1.592429e+002 6.197459e+001
    endloop
  endfacet
  facet normal 6.953459e-001 0.000000e+000 7.186753e-001
    outer loop
      vertex   -3.219256e+001 1.653429e+002 6.177096e+001
      vertex   -3.240303e+001 1.592429e+002 6.197459e+001
      vertex   -3.219256e+001 1.592429e+002 6.177096e+001
    endloop
  endfacet
  facet normal 7.460629e-001 0.000000e+000 6.658754e-001
    outer loop
      vertex   -3.199756e+001 1.653429e+002 6.155247e+001
      vertex   -3.219256e+001 1.592429e+002 6.177096e+001
      vertex   -3.199756e+001 1.592429e+002 6.155247e+001
    endloop
  endfacet
  facet normal 7.927811e-001 0.000000e+000 6.095065e-001
    outer loop
      vertex   -3.181907e+001 1.653429e+002 6.132031e+001
      vertex   -3.199756e+001 1.592429e+002 6.155247e+001
      vertex   -3.181907e+001 1.592429e+002 6.132031e+001
    endloop
  endfacet
  facet normal 8.352499e-001 0.000000e+000 5.498706e-001
    outer loop
      vertex   -3.165804e+001 1.653429e+002 6.107571e+001
      vertex   -3.181907e+001 1.592429e+002 6.132031e+001
      vertex   -3.165804e+001 1.592429e+002 6.107571e+001
    endloop
  endfacet
  facet normal 8.732417e-001 0.000000e+000 4.872873e-001
    outer loop
      vertex   -3.151534e+001 1.653429e+002 6.081998e+001
      vertex   -3.165804e+001 1.592429e+002 6.107571e+001
      vertex   -3.151534e+001 1.592429e+002 6.081998e+001
    endloop
  endfacet
  facet normal 9.065529e-001 0.000000e+000 4.220922e-001
    outer loop
      vertex   -3.139173e+001 1.653429e+002 6.055450e+001
      vertex   -3.151534e+001 1.592429e+002 6.081998e+001
      vertex   -3.139173e+001 1.592429e+002 6.055450e+001
    endloop
  endfacet
  facet normal 9.350050e-001 0.000000e+000 3.546346e-001
    outer loop
      vertex   -3.128787e+001 1.653429e+002 6.028068e+001
      vertex   -3.139173e+001 1.592429e+002 6.055450e+001
      vertex   -3.128787e+001 1.592429e+002 6.028068e+001
    endloop
  endfacet
  facet normal 9.584454e-001 0.000000e+000 2.852762e-001
    outer loop
      vertex   -3.120433e+001 1.734762e+002 6.000000e+001
      vertex   -3.128787e+001 1.592429e+002 6.028068e+001
      vertex   -3.128787e+001 1.531429e+002 6.028068e+001
    endloop
  endfacet
  facet normal 9.584454e-001 0.000000e+000 2.852762e-001
    outer loop
      vertex   -3.120433e+001 1.328096e+002 6.000000e+001
      vertex   -3.128787e+001 1.531429e+002 6.028068e+001
      vertex   -3.128787e+001 1.470429e+002 6.028068e+001
    endloop
  endfacet
  facet normal 9.350050e-001 -0.000000e+000 3.546346e-001
    outer loop
      vertex   -3.128787e+001 1.409429e+002 6.028068e+001
      vertex   -3.128787e+001 1.470429e+002 6.028068e+001
      vertex   -3.139173e+001 1.409429e+002 6.055450e+001
    endloop
  endfacet
  facet normal 9.065529e-001 -0.000000e+000 4.220922e-001
    outer loop
      vertex   -3.139173e+001 1.348429e+002 6.055450e+001
      vertex   -3.139173e+001 1.409429e+002 6.055450e+001
      vertex   -3.151534e+001 1.348429e+002 6.081998e+001
    endloop
  endfacet
  facet normal 8.732417e-001 -0.000000e+000 4.872873e-001
    outer loop
      vertex   -3.151534e+001 1.287429e+002 6.081998e+001
      vertex   -3.151534e+001 1.348429e+002 6.081998e+001
      vertex   -3.165804e+001 1.287429e+002 6.107571e+001
    endloop
  endfacet
  facet normal 8.352499e-001 -0.000000e+000 5.498706e-001
    outer loop
      vertex   -3.165804e+001 1.226429e+002 6.107571e+001
      vertex   -3.165804e+001 1.287429e+002 6.107571e+001
      vertex   -3.181907e+001 1.226429e+002 6.132031e+001
    endloop
  endfacet
  facet normal 7.927811e-001 -0.000000e+000 6.095065e-001
    outer loop
      vertex   -3.181907e+001 1.165429e+002 6.132031e+001
      vertex   -3.181907e+001 1.226429e+002 6.132031e+001
      vertex   -3.199756e+001 1.165429e+002 6.155247e+001
    endloop
  endfacet
  facet normal 7.460629e-001 -0.000000e+000 6.658754e-001
    outer loop
      vertex   -3.199756e+001 1.104429e+002 6.155247e+001
      vertex   -3.199756e+001 1.165429e+002 6.155247e+001
      vertex   -3.219256e+001 1.104429e+002 6.177096e+001
    endloop
  endfacet
  facet normal 6.953459e-001 -0.000000e+000 7.186753e-001
    outer loop
      vertex   -3.219256e+001 1.043429e+002 6.177096e+001
      vertex   -3.219256e+001 1.104429e+002 6.177096e+001
      vertex   -3.240303e+001 1.043429e+002 6.197459e+001
    endloop
  endfacet
  facet normal 6.409017e-001 -0.000000e+000 7.676230e-001
    outer loop
      vertex   -3.240303e+001 9.824289e+001 6.197459e+001
      vertex   -3.240303e+001 1.043429e+002 6.197459e+001
      vertex   -3.262782e+001 9.824289e+001 6.216228e+001
    endloop
  endfacet
  facet normal 6.285236e-001 0.000000e+000 7.777905e-001
    outer loop
      vertex   -3.249968e+001 9.343824e+001 6.205873e+001
      vertex   -3.262782e+001 9.824289e+001 6.216228e+001
      vertex   -3.262782e+001 9.356639e+001 6.216228e+001
    endloop
  endfacet
  facet normal 6.409016e-001 5.492649e-004 7.676228e-001
    outer loop
      vertex   -3.249968e+001 9.343824e+001 6.205873e+001
      vertex   -3.240303e+001 9.824289e+001 6.197459e+001
      vertex   -3.262782e+001 9.824289e+001 6.216228e+001
    endloop
  endfacet
  facet normal 6.599520e-001 -1.196693e-004 7.513078e-001
    outer loop
      vertex   -3.249968e+001 9.343824e+001 6.205873e+001
      vertex   -3.237591e+001 9.331447e+001 6.194999e+001
      vertex   -3.240303e+001 9.824289e+001 6.197459e+001
    endloop
  endfacet
  facet normal 6.904940e-001 1.880008e-004 7.233380e-001
    outer loop
      vertex   -3.240303e+001 9.824289e+001 6.197459e+001
      vertex   -3.237591e+001 9.331447e+001 6.194999e+001
      vertex   -3.225672e+001 9.319529e+001 6.183624e+001
    endloop
  endfacet
  facet normal 7.195216e-001 -1.639256e-004 6.944701e-001
    outer loop
      vertex   -3.219256e+001 9.824289e+001 6.177096e+001
      vertex   -3.225672e+001 9.319529e+001 6.183624e+001
      vertex   -3.214232e+001 9.308088e+001 6.171769e+001
    endloop
  endfacet
  facet normal 7.477100e-001 2.841021e-004 6.640253e-001
    outer loop
      vertex   -3.199756e+001 9.824289e+001 6.155247e+001
      vertex   -3.214232e+001 9.308088e+001 6.171769e+001
      vertex   -3.203290e+001 9.297146e+001 6.159452e+001
    endloop
  endfacet
  facet normal 7.742437e-001 -1.421102e-004 6.328875e-001
    outer loop
      vertex   -3.192864e+001 9.286720e+001 6.146695e+001
      vertex   -3.199756e+001 9.824289e+001 6.155247e+001
      vertex   -3.203290e+001 9.297146e+001 6.159452e+001
    endloop
  endfacet
  facet normal 7.927810e-001 4.675388e-004 6.095064e-001
    outer loop
      vertex   -3.192864e+001 9.286720e+001 6.146695e+001
      vertex   -3.181907e+001 9.824289e+001 6.132031e+001
      vertex   -3.199756e+001 9.824289e+001 6.155247e+001
    endloop
  endfacet
  facet normal 7.997305e-001 7.636426e-005 6.003591e-001
    outer loop
      vertex   -3.192864e+001 9.286720e+001 6.146695e+001
      vertex   -3.182972e+001 9.276829e+001 6.133520e+001
      vertex   -3.181907e+001 9.824289e+001 6.132031e+001
    endloop
  endfacet
  facet normal 8.237290e-001 -6.110013e-005 5.669837e-001
    outer loop
      vertex   -3.181907e+001 9.824289e+001 6.132031e+001
      vertex   -3.182972e+001 9.276829e+001 6.133520e+001
      vertex   -3.173631e+001 9.267488e+001 6.119948e+001
    endloop
  endfacet
  facet normal 8.463800e-001 -5.935758e-005 5.325795e-001
    outer loop
      vertex   -3.165804e+001 9.824289e+001 6.107571e+001
      vertex   -3.173631e+001 9.267488e+001 6.119948e+001
      vertex   -3.164858e+001 9.258714e+001 6.106004e+001
    endloop
  endfacet
  facet normal 8.676275e-001 7.418614e-005 4.972148e-001
    outer loop
      vertex   -3.156665e+001 9.250522e+001 6.091709e+001
      vertex   -3.165804e+001 9.824289e+001 6.107571e+001
      vertex   -3.164858e+001 9.258714e+001 6.106004e+001
    endloop
  endfacet
  facet normal 8.732416e-001 4.380420e-004 4.872873e-001
    outer loop
      vertex   -3.156665e+001 9.250522e+001 6.091709e+001
      vertex   -3.151534e+001 9.824289e+001 6.081998e+001
      vertex   -3.165804e+001 9.824289e+001 6.107571e+001
    endloop
  endfacet
  facet normal 8.873219e-001 -1.302732e-004 4.611506e-001
    outer loop
      vertex   -3.156665e+001 9.250522e+001 6.091709e+001
      vertex   -3.149069e+001 9.242925e+001 6.077090e+001
      vertex   -3.151534e+001 9.824289e+001 6.081998e+001
    endloop
  endfacet
  facet normal 9.056314e-001 2.604302e-004 4.240656e-001
    outer loop
      vertex   -3.151534e+001 9.824289e+001 6.081998e+001
      vertex   -3.149069e+001 9.242925e+001 6.077090e+001
      vertex   -3.142080e+001 9.235937e+001 6.062170e+001
    endloop
  endfacet
  facet normal 9.222622e-001 -1.417245e-004 3.865649e-001
    outer loop
      vertex   -3.139173e+001 9.824289e+001 6.055450e+001
      vertex   -3.142080e+001 9.235937e+001 6.062170e+001
      vertex   -3.135712e+001 9.229569e+001 6.046976e+001
    endloop
  endfacet
  facet normal 9.374361e-001 1.531526e-004 3.481573e-001
    outer loop
      vertex   -3.128787e+001 9.824289e+001 6.028068e+001
      vertex   -3.135712e+001 9.229569e+001 6.046976e+001
      vertex   -3.129976e+001 9.223832e+001 6.031531e+001
    endloop
  endfacet
  facet normal 9.509521e-001 -9.748992e-005 3.093383e-001
    outer loop
      vertex   -3.124880e+001 9.218736e+001 6.015864e+001
      vertex   -3.128787e+001 9.824289e+001 6.028068e+001
      vertex   -3.129976e+001 9.223832e+001 6.031531e+001
    endloop
  endfacet
  facet normal 9.523671e-001 0.000000e+000 3.049540e-001
    outer loop
      vertex   -3.124880e+001 9.218736e+001 6.015864e+001
      vertex   -3.128787e+001 1.043429e+002 6.028068e+001
      vertex   -3.128787e+001 9.824289e+001 6.028068e+001
    endloop
  endfacet
  facet normal 9.523671e-001 0.000000e+000 3.049540e-001
    outer loop
      vertex   -3.124880e+001 9.218736e+001 6.015864e+001
      vertex   -3.128787e+001 1.104429e+002 6.028068e+001
      vertex   -3.128787e+001 1.043429e+002 6.028068e+001
    endloop
  endfacet
  facet normal 9.563701e-001 9.411187e-005 2.921580e-001
    outer loop
      vertex   -3.124880e+001 9.218736e+001 6.015864e+001
      vertex   -3.120433e+001 1.328096e+002 6.000000e+001
      vertex   -3.128787e+001 1.104429e+002 6.028068e+001
    endloop
  endfacet
  facet normal 9.628920e-001 -0.000000e+000 2.698871e-001
    outer loop
      vertex   -3.124880e+001 9.218736e+001 6.015864e+001
      vertex   -3.120433e+001 9.214289e+001 6.000000e+001
      vertex   -3.120433e+001 1.328096e+002 6.000000e+001
    endloop
  endfacet
  facet normal 9.350049e-001 -3.873883e-004 3.546346e-001
    outer loop
      vertex   -3.128787e+001 2.080429e+002 6.028068e+001
      vertex   -3.135712e+001 2.139901e+002 6.046976e+001
      vertex   -3.139173e+001 2.080429e+002 6.055450e+001
    endloop
  endfacet
  facet normal 9.065529e-001 -0.000000e+000 4.220922e-001
    outer loop
      vertex   -3.139173e+001 2.019429e+002 6.055450e+001
      vertex   -3.139173e+001 2.080429e+002 6.055450e+001
      vertex   -3.151534e+001 2.019429e+002 6.081998e+001
    endloop
  endfacet
  facet normal 8.732417e-001 -0.000000e+000 4.872873e-001
    outer loop
      vertex   -3.151534e+001 1.958429e+002 6.081998e+001
      vertex   -3.151534e+001 2.019429e+002 6.081998e+001
      vertex   -3.165804e+001 1.958429e+002 6.107571e+001
    endloop
  endfacet
  facet normal 8.352499e-001 -0.000000e+000 5.498706e-001
    outer loop
      vertex   -3.165804e+001 1.897429e+002 6.107571e+001
      vertex   -3.165804e+001 1.958429e+002 6.107571e+001
      vertex   -3.181907e+001 1.897429e+002 6.132031e+001
    endloop
  endfacet
  facet normal 7.927811e-001 -0.000000e+000 6.095065e-001
    outer loop
      vertex   -3.181907e+001 1.836429e+002 6.132031e+001
      vertex   -3.181907e+001 1.897429e+002 6.132031e+001
      vertex   -3.199756e+001 1.836429e+002 6.155247e+001
    endloop
  endfacet
  facet normal 7.460629e-001 -0.000000e+000 6.658754e-001
    outer loop
      vertex   -3.199756e+001 1.775429e+002 6.155247e+001
      vertex   -3.199756e+001 1.836429e+002 6.155247e+001
      vertex   -3.219256e+001 1.775429e+002 6.177096e+001
    endloop
  endfacet
  facet normal 6.953459e-001 -0.000000e+000 7.186753e-001
    outer loop
      vertex   -3.219256e+001 1.714429e+002 6.177096e+001
      vertex   -3.219256e+001 1.775429e+002 6.177096e+001
      vertex   -3.240303e+001 1.714429e+002 6.197459e+001
    endloop
  endfacet
  facet normal 6.409017e-001 -0.000000e+000 7.676230e-001
    outer loop
      vertex   -3.240303e+001 1.653429e+002 6.197459e+001
      vertex   -3.240303e+001 1.714429e+002 6.197459e+001
      vertex   -3.262782e+001 1.653429e+002 6.216228e+001
    endloop
  endfacet
  facet normal 6.409017e-001 0.000000e+000 7.676230e-001
    outer loop
      vertex   -3.262782e+001 1.592429e+002 6.216228e+001
      vertex   -3.240303e+001 1.653429e+002 6.197459e+001
      vertex   -3.262782e+001 1.653429e+002 6.216228e+001
    endloop
  endfacet
  facet normal 9.065529e-001 -3.417394e-004 4.220922e-001
    outer loop
      vertex   -3.139173e+001 2.080429e+002 6.055450e+001
      vertex   -3.142080e+001 2.139264e+002 6.062170e+001
      vertex   -3.151534e+001 2.080429e+002 6.081998e+001
    endloop
  endfacet
  facet normal 8.732417e-001 -0.000000e+000 4.872873e-001
    outer loop
      vertex   -3.151534e+001 2.019429e+002 6.081998e+001
      vertex   -3.151534e+001 2.080429e+002 6.081998e+001
      vertex   -3.165804e+001 2.019429e+002 6.107571e+001
    endloop
  endfacet
  facet normal 8.352499e-001 -0.000000e+000 5.498706e-001
    outer loop
      vertex   -3.165804e+001 1.958429e+002 6.107571e+001
      vertex   -3.165804e+001 2.019429e+002 6.107571e+001
      vertex   -3.181907e+001 1.958429e+002 6.132031e+001
    endloop
  endfacet
  facet normal 7.927811e-001 -0.000000e+000 6.095065e-001
    outer loop
      vertex   -3.181907e+001 1.897429e+002 6.132031e+001
      vertex   -3.181907e+001 1.958429e+002 6.132031e+001
      vertex   -3.199756e+001 1.897429e+002 6.155247e+001
    endloop
  endfacet
  facet normal 7.460629e-001 -0.000000e+000 6.658754e-001
    outer loop
      vertex   -3.199756e+001 1.836429e+002 6.155247e+001
      vertex   -3.199756e+001 1.897429e+002 6.155247e+001
      vertex   -3.219256e+001 1.836429e+002 6.177096e+001
    endloop
  endfacet
  facet normal 6.953459e-001 -0.000000e+000 7.186753e-001
    outer loop
      vertex   -3.219256e+001 1.775429e+002 6.177096e+001
      vertex   -3.219256e+001 1.836429e+002 6.177096e+001
      vertex   -3.240303e+001 1.775429e+002 6.197459e+001
    endloop
  endfacet
  facet normal 6.409017e-001 -0.000000e+000 7.676230e-001
    outer loop
      vertex   -3.240303e+001 1.714429e+002 6.197459e+001
      vertex   -3.240303e+001 1.775429e+002 6.197459e+001
      vertex   -3.262782e+001 1.714429e+002 6.216228e+001
    endloop
  endfacet
  facet normal 5.830223e-001 -0.000000e+000 8.124562e-001
    outer loop
      vertex   -3.262782e+001 1.653429e+002 6.216228e+001
      vertex   -3.262782e+001 1.714429e+002 6.216228e+001
      vertex   -3.286575e+001 1.653429e+002 6.233302e+001
    endloop
  endfacet
  facet normal 5.830223e-001 0.000000e+000 8.124562e-001
    outer loop
      vertex   -3.286575e+001 1.592429e+002 6.233302e+001
      vertex   -3.262782e+001 1.653429e+002 6.216228e+001
      vertex   -3.286575e+001 1.653429e+002 6.233302e+001
    endloop
  endfacet
  facet normal 8.352498e-001 -4.814855e-004 5.498705e-001
    outer loop
      vertex   -3.165804e+001 2.080429e+002 6.107571e+001
      vertex   -3.173631e+001 2.136109e+002 6.119948e+001
      vertex   -3.181907e+001 2.080429e+002 6.132031e+001
    endloop
  endfacet
  facet normal 7.927811e-001 -0.000000e+000 6.095065e-001
    outer loop
      vertex   -3.181907e+001 2.019429e+002 6.132031e+001
      vertex   -3.181907e+001 2.080429e+002 6.132031e+001
      vertex   -3.199756e+001 2.019429e+002 6.155247e+001
    endloop
  endfacet
  facet normal 7.460629e-001 -0.000000e+000 6.658754e-001
    outer loop
      vertex   -3.199756e+001 1.958429e+002 6.155247e+001
      vertex   -3.199756e+001 2.019429e+002 6.155247e+001
      vertex   -3.219256e+001 1.958429e+002 6.177096e+001
    endloop
  endfacet
  facet normal 6.953459e-001 -0.000000e+000 7.186753e-001
    outer loop
      vertex   -3.219256e+001 1.897429e+002 6.177096e+001
      vertex   -3.219256e+001 1.958429e+002 6.177096e+001
      vertex   -3.240303e+001 1.897429e+002 6.197459e+001
    endloop
  endfacet
  facet normal 6.409017e-001 -0.000000e+000 7.676230e-001
    outer loop
      vertex   -3.240303e+001 1.836429e+002 6.197459e+001
      vertex   -3.240303e+001 1.897429e+002 6.197459e+001
      vertex   -3.262782e+001 1.836429e+002 6.216228e+001
    endloop
  endfacet
  facet normal 5.830223e-001 -0.000000e+000 8.124562e-001
    outer loop
      vertex   -3.262782e+001 1.775429e+002 6.216228e+001
      vertex   -3.262782e+001 1.836429e+002 6.216228e+001
      vertex   -3.286575e+001 1.775429e+002 6.233302e+001
    endloop
  endfacet
  facet normal 5.220179e-001 -0.000000e+000 8.529346e-001
    outer loop
      vertex   -3.286575e+001 1.714429e+002 6.233302e+001
      vertex   -3.286575e+001 1.775429e+002 6.233302e+001
      vertex   -3.311553e+001 1.714429e+002 6.248589e+001
    endloop
  endfacet
  facet normal 4.582154e-001 -0.000000e+000 8.888412e-001
    outer loop
      vertex   -3.311553e+001 1.653429e+002 6.248589e+001
      vertex   -3.311553e+001 1.714429e+002 6.248589e+001
      vertex   -3.337583e+001 1.653429e+002 6.262008e+001
    endloop
  endfacet
  facet normal 4.582154e-001 0.000000e+000 8.888412e-001
    outer loop
      vertex   -3.337583e+001 1.592429e+002 6.262008e+001
      vertex   -3.311553e+001 1.653429e+002 6.248589e+001
      vertex   -3.337583e+001 1.653429e+002 6.262008e+001
    endloop
  endfacet
  facet normal 7.460629e-001 -3.895059e-004 6.658754e-001
    outer loop
      vertex   -3.199756e+001 2.080429e+002 6.155247e+001
      vertex   -3.214232e+001 2.132049e+002 6.171769e+001
      vertex   -3.219256e+001 2.080429e+002 6.177096e+001
    endloop
  endfacet
  facet normal 6.953459e-001 -0.000000e+000 7.186753e-001
    outer loop
      vertex   -3.219256e+001 2.019429e+002 6.177096e+001
      vertex   -3.219256e+001 2.080429e+002 6.177096e+001
      vertex   -3.240303e+001 2.019429e+002 6.197459e+001
    endloop
  endfacet
  facet normal 6.409017e-001 -0.000000e+000 7.676230e-001
    outer loop
      vertex   -3.240303e+001 1.958429e+002 6.197459e+001
      vertex   -3.240303e+001 2.019429e+002 6.197459e+001
      vertex   -3.262782e+001 1.958429e+002 6.216228e+001
    endloop
  endfacet
  facet normal 5.830223e-001 -0.000000e+000 8.124562e-001
    outer loop
      vertex   -3.262782e+001 1.897429e+002 6.216228e+001
      vertex   -3.262782e+001 1.958429e+002 6.216228e+001
      vertex   -3.286575e+001 1.897429e+002 6.233302e+001
    endloop
  endfacet
  facet normal 5.220179e-001 -0.000000e+000 8.529346e-001
    outer loop
      vertex   -3.286575e+001 1.836429e+002 6.233302e+001
      vertex   -3.286575e+001 1.897429e+002 6.233302e+001
      vertex   -3.311553e+001 1.836429e+002 6.248589e+001
    endloop
  endfacet
  facet normal 4.582154e-001 -0.000000e+000 8.888412e-001
    outer loop
      vertex   -3.311553e+001 1.775429e+002 6.248589e+001
      vertex   -3.311553e+001 1.836429e+002 6.248589e+001
      vertex   -3.337583e+001 1.775429e+002 6.262008e+001
    endloop
  endfacet
  facet normal 3.919569e-001 -0.000000e+000 9.199836e-001
    outer loop
      vertex   -3.337583e+001 1.714429e+002 6.262008e+001
      vertex   -3.337583e+001 1.775429e+002 6.262008e+001
      vertex   -3.364525e+001 1.714429e+002 6.273486e+001
    endloop
  endfacet
  facet normal 3.235974e-001 -0.000000e+000 9.461949e-001
    outer loop
      vertex   -3.364525e+001 1.653429e+002 6.273486e+001
      vertex   -3.364525e+001 1.714429e+002 6.273486e+001
      vertex   -3.392234e+001 1.653429e+002 6.282963e+001
    endloop
  endfacet
  facet normal 3.235974e-001 0.000000e+000 9.461949e-001
    outer loop
      vertex   -3.392234e+001 1.592429e+002 6.282963e+001
      vertex   -3.364525e+001 1.653429e+002 6.273486e+001
      vertex   -3.392234e+001 1.653429e+002 6.282963e+001
    endloop
  endfacet
  facet normal 6.953458e-001 -4.564299e-004 7.186752e-001
    outer loop
      vertex   -3.219256e+001 2.080429e+002 6.177096e+001
      vertex   -3.225672e+001 2.130905e+002 6.183624e+001
      vertex   -3.240303e+001 2.080429e+002 6.197459e+001
    endloop
  endfacet
  facet normal 6.409017e-001 -0.000000e+000 7.676230e-001
    outer loop
      vertex   -3.240303e+001 2.019429e+002 6.197459e+001
      vertex   -3.240303e+001 2.080429e+002 6.197459e+001
      vertex   -3.262782e+001 2.019429e+002 6.216228e+001
    endloop
  endfacet
  facet normal 5.830223e-001 -0.000000e+000 8.124562e-001
    outer loop
      vertex   -3.262782e+001 1.958429e+002 6.216228e+001
      vertex   -3.262782e+001 2.019429e+002 6.216228e+001
      vertex   -3.286575e+001 1.958429e+002 6.233302e+001
    endloop
  endfacet
  facet normal 5.220179e-001 -0.000000e+000 8.529346e-001
    outer loop
      vertex   -3.286575e+001 1.897429e+002 6.233302e+001
      vertex   -3.286575e+001 1.958429e+002 6.233302e+001
      vertex   -3.311553e+001 1.897429e+002 6.248589e+001
    endloop
  endfacet
  facet normal 4.582154e-001 -0.000000e+000 8.888412e-001
    outer loop
      vertex   -3.311553e+001 1.836429e+002 6.248589e+001
      vertex   -3.311553e+001 1.897429e+002 6.248589e+001
      vertex   -3.337583e+001 1.836429e+002 6.262008e+001
    endloop
  endfacet
  facet normal 3.919569e-001 -0.000000e+000 9.199836e-001
    outer loop
      vertex   -3.337583e+001 1.775429e+002 6.262008e+001
      vertex   -3.337583e+001 1.836429e+002 6.262008e+001
      vertex   -3.364525e+001 1.775429e+002 6.273486e+001
    endloop
  endfacet
  facet normal 3.235974e-001 -0.000000e+000 9.461949e-001
    outer loop
      vertex   -3.364525e+001 1.714429e+002 6.273486e+001
      vertex   -3.364525e+001 1.775429e+002 6.273486e+001
      vertex   -3.392234e+001 1.714429e+002 6.282963e+001
    endloop
  endfacet
  facet normal 2.535035e-001 -0.000000e+000 9.673345e-001
    outer loop
      vertex   -3.392234e+001 1.653429e+002 6.282963e+001
      vertex   -3.392234e+001 1.714429e+002 6.282963e+001
      vertex   -3.420562e+001 1.653429e+002 6.290386e+001
    endloop
  endfacet
  facet normal 2.535035e-001 0.000000e+000 9.673345e-001
    outer loop
      vertex   -3.420562e+001 1.592429e+002 6.290386e+001
      vertex   -3.392234e+001 1.653429e+002 6.282963e+001
      vertex   -3.420562e+001 1.653429e+002 6.290386e+001
    endloop
  endfacet
  facet normal 5.830222e-001 -5.807448e-004 8.124560e-001
    outer loop
      vertex   -3.262782e+001 2.080429e+002 6.216228e+001
      vertex   -3.276012e+001 2.125871e+002 6.226046e+001
      vertex   -3.286575e+001 2.080429e+002 6.233302e+001
    endloop
  endfacet
  facet normal 5.220179e-001 -0.000000e+000 8.529346e-001
    outer loop
      vertex   -3.286575e+001 2.019429e+002 6.233302e+001
      vertex   -3.286575e+001 2.080429e+002 6.233302e+001
      vertex   -3.311553e+001 2.019429e+002 6.248589e+001
    endloop
  endfacet
  facet normal 4.582154e-001 -0.000000e+000 8.888412e-001
    outer loop
      vertex   -3.311553e+001 1.958429e+002 6.248589e+001
      vertex   -3.311553e+001 2.019429e+002 6.248589e+001
      vertex   -3.337583e+001 1.958429e+002 6.262008e+001
    endloop
  endfacet
  facet normal 3.919569e-001 -0.000000e+000 9.199836e-001
    outer loop
      vertex   -3.337583e+001 1.897429e+002 6.262008e+001
      vertex   -3.337583e+001 1.958429e+002 6.262008e+001
      vertex   -3.364525e+001 1.897429e+002 6.273486e+001
    endloop
  endfacet
  facet normal 3.235974e-001 -0.000000e+000 9.461949e-001
    outer loop
      vertex   -3.364525e+001 1.836429e+002 6.273486e+001
      vertex   -3.364525e+001 1.897429e+002 6.273486e+001
      vertex   -3.392234e+001 1.836429e+002 6.282963e+001
    endloop
  endfacet
  facet normal 2.535035e-001 -0.000000e+000 9.673345e-001
    outer loop
      vertex   -3.392234e+001 1.775429e+002 6.282963e+001
      vertex   -3.392234e+001 1.836429e+002 6.282963e+001
      vertex   -3.420562e+001 1.775429e+002 6.290386e+001
    endloop
  endfacet
  facet normal 1.820508e-001 -0.000000e+000 9.832891e-001
    outer loop
      vertex   -3.420562e+001 1.714429e+002 6.290386e+001
      vertex   -3.420562e+001 1.775429e+002 6.290386e+001
      vertex   -3.449358e+001 1.714429e+002 6.295718e+001
    endloop
  endfacet
  facet normal 1.096223e-001 -0.000000e+000 9.939733e-001
    outer loop
      vertex   -3.449358e+001 1.653429e+002 6.295718e+001
      vertex   -3.449358e+001 1.714429e+002 6.295718e+001
      vertex   -3.478466e+001 1.653429e+002 6.298928e+001
    endloop
  endfacet
  facet normal 1.096223e-001 0.000000e+000 9.939733e-001
    outer loop
      vertex   -3.478466e+001 1.592429e+002 6.298928e+001
      vertex   -3.449358e+001 1.653429e+002 6.295718e+001
      vertex   -3.478466e+001 1.653429e+002 6.298928e+001
    endloop
  endfacet
  facet normal 4.564840e-001 -3.837901e-004 8.897315e-001
    outer loop
      vertex   -3.317967e+001 2.121676e+002 6.252122e+001
      vertex   -3.332629e+001 2.120209e+002 6.259637e+001
      vertex   -3.337583e+001 2.080429e+002 6.262008e+001
    endloop
  endfacet
  facet normal 4.189899e-001 1.919622e-004 9.079909e-001
    outer loop
      vertex   -3.337583e+001 2.080429e+002 6.262008e+001
      vertex   -3.332629e+001 2.120209e+002 6.259637e+001
      vertex   -3.347587e+001 2.118714e+002 6.266543e+001
    endloop
  endfacet
  facet normal 3.815028e-001 -1.144781e-004 9.243677e-001
    outer loop
      vertex   -3.364525e+001 2.080429e+002 6.273486e+001
      vertex   -3.347587e+001 2.118714e+002 6.266543e+001
      vertex   -3.362817e+001 2.117191e+002 6.272827e+001
    endloop
  endfacet
  facet normal 3.429340e-001 9.159227e-005 9.393595e-001
    outer loop
      vertex   -3.378292e+001 2.115643e+002 6.278478e+001
      vertex   -3.364525e+001 2.080429e+002 6.273486e+001
      vertex   -3.362817e+001 2.117191e+002 6.272827e+001
    endloop
  endfacet
  facet normal 3.235973e-001 -7.613205e-004 9.461946e-001
    outer loop
      vertex   -3.378292e+001 2.115643e+002 6.278478e+001
      vertex   -3.392234e+001 2.080429e+002 6.282963e+001
      vertex   -3.364525e+001 2.080429e+002 6.273486e+001
    endloop
  endfacet
  facet normal 3.039528e-001 9.909645e-005 9.526871e-001
    outer loop
      vertex   -3.378292e+001 2.115643e+002 6.278478e+001
      vertex   -3.393988e+001 2.114073e+002 6.283487e+001
      vertex   -3.392234e+001 2.080429e+002 6.282963e+001
    endloop
  endfacet
  facet normal 2.646701e-001 -1.238589e-004 9.643390e-001
    outer loop
      vertex   -3.392234e+001 2.080429e+002 6.282963e+001
      vertex   -3.393988e+001 2.114073e+002 6.283487e+001
      vertex   -3.409876e+001 2.112485e+002 6.287846e+001
    endloop
  endfacet
  facet normal 2.243871e-001 2.433608e-004 9.745001e-001
    outer loop
      vertex   -3.420562e+001 2.080429e+002 6.290386e+001
      vertex   -3.409876e+001 2.112485e+002 6.287846e+001
      vertex   -3.425930e+001 2.110879e+002 6.291546e+001
    endloop
  endfacet
  facet normal 1.847705e-001 -4.866054e-004 9.827816e-001
    outer loop
      vertex   -3.442123e+001 2.109260e+002 6.294583e+001
      vertex   -3.420562e+001 2.080429e+002 6.290386e+001
      vertex   -3.425930e+001 2.110879e+002 6.291546e+001
    endloop
  endfacet
  facet normal 1.820507e-001 -6.973866e-004 9.832889e-001
    outer loop
      vertex   -3.442123e+001 2.109260e+002 6.294583e+001
      vertex   -3.449358e+001 2.080429e+002 6.295718e+001
      vertex   -3.420562e+001 2.080429e+002 6.290386e+001
    endloop
  endfacet
  facet normal 1.433781e-001 2.981004e-004 9.896679e-001
    outer loop
      vertex   -3.442123e+001 2.109260e+002 6.294583e+001
      vertex   -3.458428e+001 2.107629e+002 6.296950e+001
      vertex   -3.449358e+001 2.080429e+002 6.295718e+001
    endloop
  endfacet
  facet normal 1.096222e-001 -8.469975e-004 9.939730e-001
    outer loop
      vertex   -3.449358e+001 2.080429e+002 6.295718e+001
      vertex   -3.458428e+001 2.107629e+002 6.296950e+001
      vertex   -3.478466e+001 2.080429e+002 6.298928e+001
    endloop
  endfacet
  facet normal 5.717870e-002 -0.000000e+000 9.983640e-001
    outer loop
      vertex   -3.478466e+001 2.019429e+002 6.298928e+001
      vertex   -3.478466e+001 2.080429e+002 6.298928e+001
      vertex   -3.491260e+001 2.104346e+002 6.299661e+001
    endloop
  endfacet
  facet normal 4.514642e-002 -1.058042e-004 9.989804e-001
    outer loop
      vertex   -3.478466e+001 1.958429e+002 6.298928e+001
      vertex   -3.491260e+001 2.104346e+002 6.299661e+001
      vertex   -3.507731e+001 1.721852e+002 6.300000e+001
    endloop
  endfacet
  facet normal 3.660615e-002 0.000000e+000 9.993298e-001
    outer loop
      vertex   -3.478466e+001 1.897429e+002 6.298928e+001
      vertex   -3.507731e+001 1.721852e+002 6.300000e+001
      vertex   -3.478466e+001 1.836429e+002 6.298928e+001
    endloop
  endfacet
  facet normal 1.096223e-001 0.000000e+000 9.939733e-001
    outer loop
      vertex   -3.449358e+001 1.897429e+002 6.295718e+001
      vertex   -3.478466e+001 1.836429e+002 6.298928e+001
      vertex   -3.449358e+001 1.836429e+002 6.295718e+001
    endloop
  endfacet
  facet normal 1.820508e-001 0.000000e+000 9.832891e-001
    outer loop
      vertex   -3.420562e+001 1.897429e+002 6.290386e+001
      vertex   -3.449358e+001 1.897429e+002 6.295718e+001
      vertex   -3.449358e+001 1.836429e+002 6.295718e+001
    endloop
  endfacet
  facet normal 1.820508e-001 -0.000000e+000 9.832891e-001
    outer loop
      vertex   -3.420562e+001 1.897429e+002 6.290386e+001
      vertex   -3.420562e+001 1.958429e+002 6.290386e+001
      vertex   -3.449358e+001 1.897429e+002 6.295718e+001
    endloop
  endfacet
  facet normal 2.535035e-001 0.000000e+000 9.673345e-001
    outer loop
      vertex   -3.420562e+001 1.897429e+002 6.290386e+001
      vertex   -3.392234e+001 1.958429e+002 6.282963e+001
      vertex   -3.420562e+001 1.958429e+002 6.290386e+001
    endloop
  endfacet
  facet normal 2.535035e-001 -0.000000e+000 9.673345e-001
    outer loop
      vertex   -3.420562e+001 1.958429e+002 6.290386e+001
      vertex   -3.392234e+001 1.958429e+002 6.282963e+001
      vertex   -3.392234e+001 2.019429e+002 6.282963e+001
    endloop
  endfacet
  facet normal 2.535035e-001 -0.000000e+000 9.673345e-001
    outer loop
      vertex   -3.420562e+001 2.019429e+002 6.290386e+001
      vertex   -3.392234e+001 2.019429e+002 6.282963e+001
      vertex   -3.392234e+001 2.080429e+002 6.282963e+001
    endloop
  endfacet
  facet normal 2.535034e-001 -7.840551e-004 9.673342e-001
    outer loop
      vertex   -3.420562e+001 2.080429e+002 6.290386e+001
      vertex   -3.392234e+001 2.080429e+002 6.282963e+001
      vertex   -3.409876e+001 2.112485e+002 6.287846e+001
    endloop
  endfacet
  facet normal 2.535035e-001 0.000000e+000 9.673345e-001
    outer loop
      vertex   -3.420562e+001 2.080429e+002 6.290386e+001
      vertex   -3.420562e+001 2.019429e+002 6.290386e+001
      vertex   -3.392234e+001 2.080429e+002 6.282963e+001
    endloop
  endfacet
  facet normal 1.820508e-001 0.000000e+000 9.832891e-001
    outer loop
      vertex   -3.420562e+001 2.080429e+002 6.290386e+001
      vertex   -3.449358e+001 2.019429e+002 6.295718e+001
      vertex   -3.420562e+001 2.019429e+002 6.290386e+001
    endloop
  endfacet
  facet normal 1.820508e-001 0.000000e+000 9.832891e-001
    outer loop
      vertex   -3.420562e+001 2.080429e+002 6.290386e+001
      vertex   -3.449358e+001 2.080429e+002 6.295718e+001
      vertex   -3.449358e+001 2.019429e+002 6.295718e+001
    endloop
  endfacet
  facet normal 1.096223e-001 -0.000000e+000 9.939733e-001
    outer loop
      vertex   -3.449358e+001 2.019429e+002 6.295718e+001
      vertex   -3.449358e+001 2.080429e+002 6.295718e+001
      vertex   -3.478466e+001 2.019429e+002 6.298928e+001
    endloop
  endfacet
  facet normal 5.717870e-002 -0.000000e+000 9.983640e-001
    outer loop
      vertex   -3.478466e+001 1.958429e+002 6.298928e+001
      vertex   -3.478466e+001 2.019429e+002 6.298928e+001
      vertex   -3.491260e+001 2.104346e+002 6.299661e+001
    endloop
  endfacet
  facet normal 1.096223e-001 0.000000e+000 9.939733e-001
    outer loop
      vertex   -3.478466e+001 1.958429e+002 6.298928e+001
      vertex   -3.449358e+001 2.019429e+002 6.295718e+001
      vertex   -3.478466e+001 2.019429e+002 6.298928e+001
    endloop
  endfacet
  facet normal 1.096223e-001 -0.000000e+000 9.939733e-001
    outer loop
      vertex   -3.478466e+001 1.958429e+002 6.298928e+001
      vertex   -3.449358e+001 1.958429e+002 6.295718e+001
      vertex   -3.449358e+001 2.019429e+002 6.295718e+001
    endloop
  endfacet
  facet normal 1.096223e-001 0.000000e+000 9.939733e-001
    outer loop
      vertex   -3.478466e+001 1.958429e+002 6.298928e+001
      vertex   -3.478466e+001 1.897429e+002 6.298928e+001
      vertex   -3.449358e+001 1.958429e+002 6.295718e+001
    endloop
  endfacet
  facet normal 3.660615e-002 0.000000e+000 9.993298e-001
    outer loop
      vertex   -3.478466e+001 1.958429e+002 6.298928e+001
      vertex   -3.507731e+001 1.721852e+002 6.300000e+001
      vertex   -3.478466e+001 1.897429e+002 6.298928e+001
    endloop
  endfacet
  facet normal 3.919568e-001 -6.564891e-004 9.199834e-001
    outer loop
      vertex   -3.337583e+001 2.080429e+002 6.262008e+001
      vertex   -3.347587e+001 2.118714e+002 6.266543e+001
      vertex   -3.364525e+001 2.080429e+002 6.273486e+001
    endloop
  endfacet
  facet normal 3.235974e-001 -0.000000e+000 9.461949e-001
    outer loop
      vertex   -3.364525e+001 2.019429e+002 6.273486e+001
      vertex   -3.364525e+001 2.080429e+002 6.273486e+001
      vertex   -3.392234e+001 2.019429e+002 6.282963e+001
    endloop
  endfacet
  facet normal 3.235974e-001 0.000000e+000 9.461949e-001
    outer loop
      vertex   -3.392234e+001 1.958429e+002 6.282963e+001
      vertex   -3.364525e+001 2.019429e+002 6.273486e+001
      vertex   -3.392234e+001 2.019429e+002 6.282963e+001
    endloop
  endfacet
  facet normal 1.031578e-001 -3.657359e-004 9.946649e-001
    outer loop
      vertex   -3.458428e+001 2.107629e+002 6.296950e+001
      vertex   -3.474816e+001 2.105991e+002 6.298643e+001
      vertex   -3.478466e+001 2.080429e+002 6.298928e+001
    endloop
  endfacet
  facet normal 6.151550e-002 2.327678e-004 9.981061e-001
    outer loop
      vertex   -3.478466e+001 2.080429e+002 6.298928e+001
      vertex   -3.474816e+001 2.105991e+002 6.298643e+001
      vertex   -3.491260e+001 2.104346e+002 6.299661e+001
    endloop
  endfacet
  facet normal 2.059411e-002 0.000000e+000 9.997879e-001
    outer loop
      vertex   -3.491260e+001 2.104346e+002 6.299661e+001
      vertex   -3.507731e+001 2.102699e+002 6.300000e+001
      vertex   -3.507731e+001 1.721852e+002 6.300000e+001
    endloop
  endfacet
  facet normal 3.660615e-002 0.000000e+000 9.993298e-001
    outer loop
      vertex   -3.478466e+001 1.592429e+002 6.298928e+001
      vertex   -3.507731e+001 1.721852e+002 6.300000e+001
      vertex   -3.478466e+001 1.531429e+002 6.298928e+001
    endloop
  endfacet
  facet normal 1.096223e-001 0.000000e+000 9.939733e-001
    outer loop
      vertex   -3.449358e+001 1.592429e+002 6.295718e+001
      vertex   -3.478466e+001 1.531429e+002 6.298928e+001
      vertex   -3.449358e+001 1.531429e+002 6.295718e+001
    endloop
  endfacet
  facet normal 1.820508e-001 0.000000e+000 9.832891e-001
    outer loop
      vertex   -3.420562e+001 1.592429e+002 6.290386e+001
      vertex   -3.449358e+001 1.531429e+002 6.295718e+001
      vertex   -3.420562e+001 1.531429e+002 6.290386e+001
    endloop
  endfacet
  facet normal 2.535035e-001 0.000000e+000 9.673345e-001
    outer loop
      vertex   -3.392234e+001 1.592429e+002 6.282963e+001
      vertex   -3.420562e+001 1.531429e+002 6.290386e+001
      vertex   -3.392234e+001 1.531429e+002 6.282963e+001
    endloop
  endfacet
  facet normal 3.235974e-001 0.000000e+000 9.461949e-001
    outer loop
      vertex   -3.364525e+001 1.592429e+002 6.273486e+001
      vertex   -3.392234e+001 1.531429e+002 6.282963e+001
      vertex   -3.364525e+001 1.531429e+002 6.273486e+001
    endloop
  endfacet
  facet normal 3.919569e-001 0.000000e+000 9.199836e-001
    outer loop
      vertex   -3.337583e+001 1.592429e+002 6.262008e+001
      vertex   -3.364525e+001 1.531429e+002 6.273486e+001
      vertex   -3.337583e+001 1.531429e+002 6.262008e+001
    endloop
  endfacet
  facet normal 4.582154e-001 0.000000e+000 8.888412e-001
    outer loop
      vertex   -3.311553e+001 1.592429e+002 6.248589e+001
      vertex   -3.337583e+001 1.531429e+002 6.262008e+001
      vertex   -3.311553e+001 1.531429e+002 6.248589e+001
    endloop
  endfacet
  facet normal 5.220179e-001 0.000000e+000 8.529346e-001
    outer loop
      vertex   -3.286575e+001 1.592429e+002 6.233302e+001
      vertex   -3.311553e+001 1.531429e+002 6.248589e+001
      vertex   -3.286575e+001 1.531429e+002 6.233302e+001
    endloop
  endfacet
  facet normal 5.830223e-001 0.000000e+000 8.124562e-001
    outer loop
      vertex   -3.262782e+001 1.592429e+002 6.216228e+001
      vertex   -3.286575e+001 1.531429e+002 6.233302e+001
      vertex   -3.262782e+001 1.531429e+002 6.216228e+001
    endloop
  endfacet
  facet normal 6.409017e-001 0.000000e+000 7.676230e-001
    outer loop
      vertex   -3.240303e+001 1.592429e+002 6.197459e+001
      vertex   -3.262782e+001 1.531429e+002 6.216228e+001
      vertex   -3.240303e+001 1.531429e+002 6.197459e+001
    endloop
  endfacet
  facet normal 6.953459e-001 0.000000e+000 7.186753e-001
    outer loop
      vertex   -3.219256e+001 1.592429e+002 6.177096e+001
      vertex   -3.240303e+001 1.531429e+002 6.197459e+001
      vertex   -3.219256e+001 1.531429e+002 6.177096e+001
    endloop
  endfacet
  facet normal 7.460629e-001 0.000000e+000 6.658754e-001
    outer loop
      vertex   -3.199756e+001 1.592429e+002 6.155247e+001
      vertex   -3.219256e+001 1.531429e+002 6.177096e+001
      vertex   -3.199756e+001 1.531429e+002 6.155247e+001
    endloop
  endfacet
  facet normal 7.927811e-001 0.000000e+000 6.095065e-001
    outer loop
      vertex   -3.181907e+001 1.592429e+002 6.132031e+001
      vertex   -3.199756e+001 1.531429e+002 6.155247e+001
      vertex   -3.181907e+001 1.531429e+002 6.132031e+001
    endloop
  endfacet
  facet normal 8.352499e-001 0.000000e+000 5.498706e-001
    outer loop
      vertex   -3.165804e+001 1.592429e+002 6.107571e+001
      vertex   -3.181907e+001 1.531429e+002 6.132031e+001
      vertex   -3.165804e+001 1.531429e+002 6.107571e+001
    endloop
  endfacet
  facet normal 8.732417e-001 0.000000e+000 4.872873e-001
    outer loop
      vertex   -3.151534e+001 1.592429e+002 6.081998e+001
      vertex   -3.165804e+001 1.531429e+002 6.107571e+001
      vertex   -3.151534e+001 1.531429e+002 6.081998e+001
    endloop
  endfacet
  facet normal 9.065529e-001 0.000000e+000 4.220922e-001
    outer loop
      vertex   -3.139173e+001 1.592429e+002 6.055450e+001
      vertex   -3.151534e+001 1.531429e+002 6.081998e+001
      vertex   -3.139173e+001 1.531429e+002 6.055450e+001
    endloop
  endfacet
  facet normal 9.350050e-001 0.000000e+000 3.546346e-001
    outer loop
      vertex   -3.128787e+001 1.592429e+002 6.028068e+001
      vertex   -3.139173e+001 1.531429e+002 6.055450e+001
      vertex   -3.128787e+001 1.531429e+002 6.028068e+001
    endloop
  endfacet
  facet normal 9.350050e-001 0.000000e+000 3.546346e-001
    outer loop
      vertex   -3.128787e+001 1.592429e+002 6.028068e+001
      vertex   -3.139173e+001 1.592429e+002 6.055450e+001
      vertex   -3.139173e+001 1.531429e+002 6.055450e+001
    endloop
  endfacet
  facet normal 3.660615e-002 3.729018e-016 9.993298e-001
    outer loop
      vertex   -3.507731e+001 9.601588e+001 6.300000e+001
      vertex   -3.478466e+001 1.165429e+002 6.298928e+001
      vertex   -3.507731e+001 1.341006e+002 6.300000e+001
    endloop
  endfacet
  facet normal 3.660615e-002 -0.000000e+000 9.993298e-001
    outer loop
      vertex   -3.507731e+001 9.601588e+001 6.300000e+001
      vertex   -3.478466e+001 1.104429e+002 6.298928e+001
      vertex   -3.478466e+001 1.165429e+002 6.298928e+001
    endloop
  endfacet
  facet normal 3.660615e-002 -0.000000e+000 9.993298e-001
    outer loop
      vertex   -3.507731e+001 9.601588e+001 6.300000e+001
      vertex   -3.478466e+001 1.043429e+002 6.298928e+001
      vertex   -3.478466e+001 1.104429e+002 6.298928e+001
    endloop
  endfacet
  facet normal 3.660615e-002 -0.000000e+000 9.993298e-001
    outer loop
      vertex   -3.507731e+001 9.601588e+001 6.300000e+001
      vertex   -3.478466e+001 9.824289e+001 6.298928e+001
      vertex   -3.478466e+001 1.043429e+002 6.298928e+001
    endloop
  endfacet
  facet normal 2.245488e-002 1.861628e-003 9.997461e-001
    outer loop
      vertex   -3.507731e+001 9.601588e+001 6.300000e+001
      vertex   -3.491260e+001 9.585116e+001 6.299661e+001
      vertex   -3.478466e+001 9.824289e+001 6.298928e+001
    endloop
  endfacet
  facet normal 6.151550e-002 -2.327678e-004 9.981061e-001
    outer loop
      vertex   -3.478466e+001 9.824289e+001 6.298928e+001
      vertex   -3.491260e+001 9.585116e+001 6.299661e+001
      vertex   -3.474816e+001 9.568672e+001 6.298643e+001
    endloop
  endfacet
  facet normal 1.031578e-001 3.657359e-004 9.946649e-001
    outer loop
      vertex   -3.458428e+001 9.552284e+001 6.296950e+001
      vertex   -3.478466e+001 9.824289e+001 6.298928e+001
      vertex   -3.474816e+001 9.568672e+001 6.298643e+001
    endloop
  endfacet
  facet normal 1.096222e-001 8.469975e-004 9.939730e-001
    outer loop
      vertex   -3.458428e+001 9.552284e+001 6.296950e+001
      vertex   -3.449358e+001 9.824289e+001 6.295718e+001
      vertex   -3.478466e+001 9.824289e+001 6.298928e+001
    endloop
  endfacet
  facet normal 1.433781e-001 -2.981004e-004 9.896679e-001
    outer loop
      vertex   -3.458428e+001 9.552284e+001 6.296950e+001
      vertex   -3.442123e+001 9.535980e+001 6.294583e+001
      vertex   -3.449358e+001 9.824289e+001 6.295718e+001
    endloop
  endfacet
  facet normal 1.820507e-001 6.973866e-004 9.832889e-001
    outer loop
      vertex   -3.449358e+001 9.824289e+001 6.295718e+001
      vertex   -3.442123e+001 9.535980e+001 6.294583e+001
      vertex   -3.420562e+001 9.824289e+001 6.290386e+001
    endloop
  endfacet
  facet normal 2.535035e-001 0.000000e+000 9.673345e-001
    outer loop
      vertex   -3.420562e+001 1.043429e+002 6.290386e+001
      vertex   -3.420562e+001 9.824289e+001 6.290386e+001
      vertex   -3.392234e+001 1.043429e+002 6.282963e+001
    endloop
  endfacet
  facet normal 3.235974e-001 0.000000e+000 9.461949e-001
    outer loop
      vertex   -3.392234e+001 1.104429e+002 6.282963e+001
      vertex   -3.392234e+001 1.043429e+002 6.282963e+001
      vertex   -3.364525e+001 1.104429e+002 6.273486e+001
    endloop
  endfacet
  facet normal 3.919569e-001 0.000000e+000 9.199836e-001
    outer loop
      vertex   -3.364525e+001 1.165429e+002 6.273486e+001
      vertex   -3.364525e+001 1.104429e+002 6.273486e+001
      vertex   -3.337583e+001 1.165429e+002 6.262008e+001
    endloop
  endfacet
  facet normal 4.582154e-001 0.000000e+000 8.888412e-001
    outer loop
      vertex   -3.337583e+001 1.226429e+002 6.262008e+001
      vertex   -3.337583e+001 1.165429e+002 6.262008e+001
      vertex   -3.311553e+001 1.226429e+002 6.248589e+001
    endloop
  endfacet
  facet normal 5.220179e-001 0.000000e+000 8.529346e-001
    outer loop
      vertex   -3.311553e+001 1.287429e+002 6.248589e+001
      vertex   -3.311553e+001 1.226429e+002 6.248589e+001
      vertex   -3.286575e+001 1.287429e+002 6.233302e+001
    endloop
  endfacet
  facet normal 5.830223e-001 0.000000e+000 8.124562e-001
    outer loop
      vertex   -3.286575e+001 1.348429e+002 6.233302e+001
      vertex   -3.286575e+001 1.287429e+002 6.233302e+001
      vertex   -3.262782e+001 1.348429e+002 6.216228e+001
    endloop
  endfacet
  facet normal 6.409017e-001 0.000000e+000 7.676230e-001
    outer loop
      vertex   -3.262782e+001 1.409429e+002 6.216228e+001
      vertex   -3.262782e+001 1.348429e+002 6.216228e+001
      vertex   -3.240303e+001 1.409429e+002 6.197459e+001
    endloop
  endfacet
  facet normal 6.953459e-001 0.000000e+000 7.186753e-001
    outer loop
      vertex   -3.240303e+001 1.470429e+002 6.197459e+001
      vertex   -3.240303e+001 1.409429e+002 6.197459e+001
      vertex   -3.219256e+001 1.470429e+002 6.177096e+001
    endloop
  endfacet
  facet normal 7.460629e-001 0.000000e+000 6.658754e-001
    outer loop
      vertex   -3.219256e+001 1.531429e+002 6.177096e+001
      vertex   -3.219256e+001 1.470429e+002 6.177096e+001
      vertex   -3.199756e+001 1.531429e+002 6.155247e+001
    endloop
  endfacet
  facet normal 6.953459e-001 0.000000e+000 7.186753e-001
    outer loop
      vertex   -3.219256e+001 1.531429e+002 6.177096e+001
      vertex   -3.240303e+001 1.470429e+002 6.197459e+001
      vertex   -3.219256e+001 1.470429e+002 6.177096e+001
    endloop
  endfacet
  facet normal 6.953459e-001 0.000000e+000 7.186753e-001
    outer loop
      vertex   -3.219256e+001 1.531429e+002 6.177096e+001
      vertex   -3.240303e+001 1.531429e+002 6.197459e+001
      vertex   -3.240303e+001 1.470429e+002 6.197459e+001
    endloop
  endfacet
  facet normal 6.409017e-001 -0.000000e+000 7.676230e-001
    outer loop
      vertex   -3.240303e+001 1.470429e+002 6.197459e+001
      vertex   -3.240303e+001 1.531429e+002 6.197459e+001
      vertex   -3.262782e+001 1.470429e+002 6.216228e+001
    endloop
  endfacet
  facet normal 5.830223e-001 -0.000000e+000 8.124562e-001
    outer loop
      vertex   -3.262782e+001 1.409429e+002 6.216228e+001
      vertex   -3.262782e+001 1.470429e+002 6.216228e+001
      vertex   -3.286575e+001 1.409429e+002 6.233302e+001
    endloop
  endfacet
  facet normal 5.220179e-001 -0.000000e+000 8.529346e-001
    outer loop
      vertex   -3.286575e+001 1.348429e+002 6.233302e+001
      vertex   -3.286575e+001 1.409429e+002 6.233302e+001
      vertex   -3.311553e+001 1.348429e+002 6.248589e+001
    endloop
  endfacet
  facet normal 4.582154e-001 -0.000000e+000 8.888412e-001
    outer loop
      vertex   -3.311553e+001 1.287429e+002 6.248589e+001
      vertex   -3.311553e+001 1.348429e+002 6.248589e+001
      vertex   -3.337583e+001 1.287429e+002 6.262008e+001
    endloop
  endfacet
  facet normal 3.919569e-001 -0.000000e+000 9.199836e-001
    outer loop
      vertex   -3.337583e+001 1.226429e+002 6.262008e+001
      vertex   -3.337583e+001 1.287429e+002 6.262008e+001
      vertex   -3.364525e+001 1.226429e+002 6.273486e+001
    endloop
  endfacet
  facet normal 3.235974e-001 -0.000000e+000 9.461949e-001
    outer loop
      vertex   -3.364525e+001 1.165429e+002 6.273486e+001
      vertex   -3.364525e+001 1.226429e+002 6.273486e+001
      vertex   -3.392234e+001 1.165429e+002 6.282963e+001
    endloop
  endfacet
  facet normal 2.535035e-001 -0.000000e+000 9.673345e-001
    outer loop
      vertex   -3.392234e+001 1.104429e+002 6.282963e+001
      vertex   -3.392234e+001 1.165429e+002 6.282963e+001
      vertex   -3.420562e+001 1.104429e+002 6.290386e+001
    endloop
  endfacet
  facet normal 1.820508e-001 -0.000000e+000 9.832891e-001
    outer loop
      vertex   -3.420562e+001 1.043429e+002 6.290386e+001
      vertex   -3.420562e+001 1.104429e+002 6.290386e+001
      vertex   -3.449358e+001 1.043429e+002 6.295718e+001
    endloop
  endfacet
  facet normal 1.096223e-001 -0.000000e+000 9.939733e-001
    outer loop
      vertex   -3.449358e+001 9.824289e+001 6.295718e+001
      vertex   -3.449358e+001 1.043429e+002 6.295718e+001
      vertex   -3.478466e+001 9.824289e+001 6.298928e+001
    endloop
  endfacet
  facet normal 1.820508e-001 0.000000e+000 9.832891e-001
    outer loop
      vertex   -3.449358e+001 9.824289e+001 6.295718e+001
      vertex   -3.420562e+001 1.043429e+002 6.290386e+001
      vertex   -3.449358e+001 1.043429e+002 6.295718e+001
    endloop
  endfacet
  facet normal 1.820508e-001 -0.000000e+000 9.832891e-001
    outer loop
      vertex   -3.449358e+001 9.824289e+001 6.295718e+001
      vertex   -3.420562e+001 9.824289e+001 6.290386e+001
      vertex   -3.420562e+001 1.043429e+002 6.290386e+001
    endloop
  endfacet
  facet normal 1.847705e-001 4.866054e-004 9.827816e-001
    outer loop
      vertex   -3.442123e+001 9.535980e+001 6.294583e+001
      vertex   -3.425930e+001 9.519787e+001 6.291546e+001
      vertex   -3.420562e+001 9.824289e+001 6.290386e+001
    endloop
  endfacet
  facet normal 2.243871e-001 -2.433608e-004 9.745001e-001
    outer loop
      vertex   -3.420562e+001 9.824289e+001 6.290386e+001
      vertex   -3.425930e+001 9.519787e+001 6.291546e+001
      vertex   -3.409876e+001 9.503732e+001 6.287846e+001
    endloop
  endfacet
  facet normal 2.646701e-001 1.238589e-004 9.643390e-001
    outer loop
      vertex   -3.392234e+001 9.824289e+001 6.282963e+001
      vertex   -3.409876e+001 9.503732e+001 6.287846e+001
      vertex   -3.393988e+001 9.487844e+001 6.283487e+001
    endloop
  endfacet
  facet normal 3.039528e-001 -9.909645e-005 9.526871e-001
    outer loop
      vertex   -3.378292e+001 9.472149e+001 6.278478e+001
      vertex   -3.392234e+001 9.824289e+001 6.282963e+001
      vertex   -3.393988e+001 9.487844e+001 6.283487e+001
    endloop
  endfacet
  facet normal 3.235973e-001 7.613205e-004 9.461946e-001
    outer loop
      vertex   -3.378292e+001 9.472149e+001 6.278478e+001
      vertex   -3.364525e+001 9.824289e+001 6.273486e+001
      vertex   -3.392234e+001 9.824289e+001 6.282963e+001
    endloop
  endfacet
  facet normal 3.429340e-001 -9.159227e-005 9.393595e-001
    outer loop
      vertex   -3.378292e+001 9.472149e+001 6.278478e+001
      vertex   -3.362817e+001 9.456673e+001 6.272827e+001
      vertex   -3.364525e+001 9.824289e+001 6.273486e+001
    endloop
  endfacet
  facet normal 3.815028e-001 1.144781e-004 9.243677e-001
    outer loop
      vertex   -3.364525e+001 9.824289e+001 6.273486e+001
      vertex   -3.362817e+001 9.456673e+001 6.272827e+001
      vertex   -3.347587e+001 9.441443e+001 6.266543e+001
    endloop
  endfacet
  facet normal 4.189899e-001 -1.919622e-004 9.079909e-001
    outer loop
      vertex   -3.337583e+001 9.824289e+001 6.262008e+001
      vertex   -3.347587e+001 9.441443e+001 6.266543e+001
      vertex   -3.332629e+001 9.426485e+001 6.259637e+001
    endloop
  endfacet
  facet normal 4.564840e-001 3.837901e-004 8.897315e-001
    outer loop
      vertex   -3.317967e+001 9.411824e+001 6.252122e+001
      vertex   -3.337583e+001 9.824289e+001 6.262008e+001
      vertex   -3.332629e+001 9.426485e+001 6.259637e+001
    endloop
  endfacet
  facet normal 4.582153e-001 4.874669e-004 8.888411e-001
    outer loop
      vertex   -3.317967e+001 9.411824e+001 6.252122e+001
      vertex   -3.311553e+001 9.824289e+001 6.248589e+001
      vertex   -3.337583e+001 9.824289e+001 6.262008e+001
    endloop
  endfacet
  facet normal 4.922868e-001 -2.000415e-004 8.704330e-001
    outer loop
      vertex   -3.317967e+001 9.411824e+001 6.252122e+001
      vertex   -3.303628e+001 9.397485e+001 6.244009e+001
      vertex   -3.311553e+001 9.824289e+001 6.248589e+001
    endloop
  endfacet
  facet normal 5.220178e-001 5.397968e-004 8.529344e-001
    outer loop
      vertex   -3.311553e+001 9.824289e+001 6.248589e+001
      vertex   -3.303628e+001 9.397485e+001 6.244009e+001
      vertex   -3.286575e+001 9.824289e+001 6.233302e+001
    endloop
  endfacet
  facet normal 5.830223e-001 0.000000e+000 8.124562e-001
    outer loop
      vertex   -3.286575e+001 1.043429e+002 6.233302e+001
      vertex   -3.286575e+001 9.824289e+001 6.233302e+001
      vertex   -3.262782e+001 1.043429e+002 6.216228e+001
    endloop
  endfacet
  facet normal 6.409017e-001 0.000000e+000 7.676230e-001
    outer loop
      vertex   -3.262782e+001 1.104429e+002 6.216228e+001
      vertex   -3.262782e+001 1.043429e+002 6.216228e+001
      vertex   -3.240303e+001 1.104429e+002 6.197459e+001
    endloop
  endfacet
  facet normal 6.953459e-001 0.000000e+000 7.186753e-001
    outer loop
      vertex   -3.240303e+001 1.165429e+002 6.197459e+001
      vertex   -3.240303e+001 1.104429e+002 6.197459e+001
      vertex   -3.219256e+001 1.165429e+002 6.177096e+001
    endloop
  endfacet
  facet normal 7.460629e-001 0.000000e+000 6.658754e-001
    outer loop
      vertex   -3.219256e+001 1.226429e+002 6.177096e+001
      vertex   -3.219256e+001 1.165429e+002 6.177096e+001
      vertex   -3.199756e+001 1.226429e+002 6.155247e+001
    endloop
  endfacet
  facet normal 7.927811e-001 0.000000e+000 6.095065e-001
    outer loop
      vertex   -3.199756e+001 1.287429e+002 6.155247e+001
      vertex   -3.199756e+001 1.226429e+002 6.155247e+001
      vertex   -3.181907e+001 1.287429e+002 6.132031e+001
    endloop
  endfacet
  facet normal 8.352499e-001 0.000000e+000 5.498706e-001
    outer loop
      vertex   -3.181907e+001 1.348429e+002 6.132031e+001
      vertex   -3.181907e+001 1.287429e+002 6.132031e+001
      vertex   -3.165804e+001 1.348429e+002 6.107571e+001
    endloop
  endfacet
  facet normal 8.732417e-001 0.000000e+000 4.872873e-001
    outer loop
      vertex   -3.165804e+001 1.409429e+002 6.107571e+001
      vertex   -3.165804e+001 1.348429e+002 6.107571e+001
      vertex   -3.151534e+001 1.409429e+002 6.081998e+001
    endloop
  endfacet
  facet normal 9.065529e-001 0.000000e+000 4.220922e-001
    outer loop
      vertex   -3.151534e+001 1.470429e+002 6.081998e+001
      vertex   -3.151534e+001 1.409429e+002 6.081998e+001
      vertex   -3.139173e+001 1.470429e+002 6.055450e+001
    endloop
  endfacet
  facet normal 9.350050e-001 0.000000e+000 3.546346e-001
    outer loop
      vertex   -3.139173e+001 1.531429e+002 6.055450e+001
      vertex   -3.139173e+001 1.470429e+002 6.055450e+001
      vertex   -3.128787e+001 1.531429e+002 6.028068e+001
    endloop
  endfacet
  facet normal 9.065529e-001 0.000000e+000 4.220922e-001
    outer loop
      vertex   -3.139173e+001 1.531429e+002 6.055450e+001
      vertex   -3.151534e+001 1.470429e+002 6.081998e+001
      vertex   -3.139173e+001 1.470429e+002 6.055450e+001
    endloop
  endfacet
  facet normal 9.065529e-001 0.000000e+000 4.220922e-001
    outer loop
      vertex   -3.139173e+001 1.531429e+002 6.055450e+001
      vertex   -3.151534e+001 1.531429e+002 6.081998e+001
      vertex   -3.151534e+001 1.470429e+002 6.081998e+001
    endloop
  endfacet
  facet normal 8.732417e-001 -0.000000e+000 4.872873e-001
    outer loop
      vertex   -3.151534e+001 1.470429e+002 6.081998e+001
      vertex   -3.151534e+001 1.531429e+002 6.081998e+001
      vertex   -3.165804e+001 1.470429e+002 6.107571e+001
    endloop
  endfacet
  facet normal 8.352499e-001 -0.000000e+000 5.498706e-001
    outer loop
      vertex   -3.165804e+001 1.409429e+002 6.107571e+001
      vertex   -3.165804e+001 1.470429e+002 6.107571e+001
      vertex   -3.181907e+001 1.409429e+002 6.132031e+001
    endloop
  endfacet
  facet normal 7.927811e-001 -0.000000e+000 6.095065e-001
    outer loop
      vertex   -3.181907e+001 1.348429e+002 6.132031e+001
      vertex   -3.181907e+001 1.409429e+002 6.132031e+001
      vertex   -3.199756e+001 1.348429e+002 6.155247e+001
    endloop
  endfacet
  facet normal 7.460629e-001 -0.000000e+000 6.658754e-001
    outer loop
      vertex   -3.199756e+001 1.287429e+002 6.155247e+001
      vertex   -3.199756e+001 1.348429e+002 6.155247e+001
      vertex   -3.219256e+001 1.287429e+002 6.177096e+001
    endloop
  endfacet
  facet normal 6.953459e-001 -0.000000e+000 7.186753e-001
    outer loop
      vertex   -3.219256e+001 1.226429e+002 6.177096e+001
      vertex   -3.219256e+001 1.287429e+002 6.177096e+001
      vertex   -3.240303e+001 1.226429e+002 6.197459e+001
    endloop
  endfacet
  facet normal 6.409017e-001 -0.000000e+000 7.676230e-001
    outer loop
      vertex   -3.240303e+001 1.165429e+002 6.197459e+001
      vertex   -3.240303e+001 1.226429e+002 6.197459e+001
      vertex   -3.262782e+001 1.165429e+002 6.216228e+001
    endloop
  endfacet
  facet normal 5.830223e-001 -0.000000e+000 8.124562e-001
    outer loop
      vertex   -3.262782e+001 1.104429e+002 6.216228e+001
      vertex   -3.262782e+001 1.165429e+002 6.216228e+001
      vertex   -3.286575e+001 1.104429e+002 6.233302e+001
    endloop
  endfacet
  facet normal 5.220179e-001 -0.000000e+000 8.529346e-001
    outer loop
      vertex   -3.286575e+001 1.043429e+002 6.233302e+001
      vertex   -3.286575e+001 1.104429e+002 6.233302e+001
      vertex   -3.311553e+001 1.043429e+002 6.248589e+001
    endloop
  endfacet
  facet normal 4.582154e-001 -0.000000e+000 8.888412e-001
    outer loop
      vertex   -3.311553e+001 9.824289e+001 6.248589e+001
      vertex   -3.311553e+001 1.043429e+002 6.248589e+001
      vertex   -3.337583e+001 9.824289e+001 6.262008e+001
    endloop
  endfacet
  facet normal 5.220179e-001 0.000000e+000 8.529346e-001
    outer loop
      vertex   -3.311553e+001 9.824289e+001 6.248589e+001
      vertex   -3.286575e+001 1.043429e+002 6.233302e+001
      vertex   -3.311553e+001 1.043429e+002 6.248589e+001
    endloop
  endfacet
  facet normal 5.220179e-001 -0.000000e+000 8.529346e-001
    outer loop
      vertex   -3.311553e+001 9.824289e+001 6.248589e+001
      vertex   -3.286575e+001 9.824289e+001 6.233302e+001
      vertex   -3.286575e+001 1.043429e+002 6.233302e+001
    endloop
  endfacet
  facet normal 2.535034e-001 7.840551e-004 9.673342e-001
    outer loop
      vertex   -3.420562e+001 9.824289e+001 6.290386e+001
      vertex   -3.409876e+001 9.503732e+001 6.287846e+001
      vertex   -3.392234e+001 9.824289e+001 6.282963e+001
    endloop
  endfacet
  facet normal 3.235974e-001 0.000000e+000 9.461949e-001
    outer loop
      vertex   -3.392234e+001 1.043429e+002 6.282963e+001
      vertex   -3.392234e+001 9.824289e+001 6.282963e+001
      vertex   -3.364525e+001 1.043429e+002 6.273486e+001
    endloop
  endfacet
  facet normal 3.919569e-001 0.000000e+000 9.199836e-001
    outer loop
      vertex   -3.364525e+001 1.104429e+002 6.273486e+001
      vertex   -3.364525e+001 1.043429e+002 6.273486e+001
      vertex   -3.337583e+001 1.104429e+002 6.262008e+001
    endloop
  endfacet
  facet normal 4.582154e-001 0.000000e+000 8.888412e-001
    outer loop
      vertex   -3.337583e+001 1.165429e+002 6.262008e+001
      vertex   -3.337583e+001 1.104429e+002 6.262008e+001
      vertex   -3.311553e+001 1.165429e+002 6.248589e+001
    endloop
  endfacet
  facet normal 5.220179e-001 0.000000e+000 8.529346e-001
    outer loop
      vertex   -3.311553e+001 1.226429e+002 6.248589e+001
      vertex   -3.311553e+001 1.165429e+002 6.248589e+001
      vertex   -3.286575e+001 1.226429e+002 6.233302e+001
    endloop
  endfacet
  facet normal 5.830223e-001 0.000000e+000 8.124562e-001
    outer loop
      vertex   -3.286575e+001 1.287429e+002 6.233302e+001
      vertex   -3.286575e+001 1.226429e+002 6.233302e+001
      vertex   -3.262782e+001 1.287429e+002 6.216228e+001
    endloop
  endfacet
  facet normal 6.409017e-001 0.000000e+000 7.676230e-001
    outer loop
      vertex   -3.262782e+001 1.348429e+002 6.216228e+001
      vertex   -3.262782e+001 1.287429e+002 6.216228e+001
      vertex   -3.240303e+001 1.348429e+002 6.197459e+001
    endloop
  endfacet
  facet normal 6.953459e-001 0.000000e+000 7.186753e-001
    outer loop
      vertex   -3.240303e+001 1.409429e+002 6.197459e+001
      vertex   -3.240303e+001 1.348429e+002 6.197459e+001
      vertex   -3.219256e+001 1.409429e+002 6.177096e+001
    endloop
  endfacet
  facet normal 7.460629e-001 0.000000e+000 6.658754e-001
    outer loop
      vertex   -3.219256e+001 1.470429e+002 6.177096e+001
      vertex   -3.219256e+001 1.409429e+002 6.177096e+001
      vertex   -3.199756e+001 1.470429e+002 6.155247e+001
    endloop
  endfacet
  facet normal 7.927811e-001 0.000000e+000 6.095065e-001
    outer loop
      vertex   -3.199756e+001 1.531429e+002 6.155247e+001
      vertex   -3.199756e+001 1.470429e+002 6.155247e+001
      vertex   -3.181907e+001 1.531429e+002 6.132031e+001
    endloop
  endfacet
  facet normal 7.460629e-001 0.000000e+000 6.658754e-001
    outer loop
      vertex   -3.199756e+001 1.531429e+002 6.155247e+001
      vertex   -3.219256e+001 1.470429e+002 6.177096e+001
      vertex   -3.199756e+001 1.470429e+002 6.155247e+001
    endloop
  endfacet
  facet normal 3.919568e-001 6.564891e-004 9.199834e-001
    outer loop
      vertex   -3.364525e+001 9.824289e+001 6.273486e+001
      vertex   -3.347587e+001 9.441443e+001 6.266543e+001
      vertex   -3.337583e+001 9.824289e+001 6.262008e+001
    endloop
  endfacet
  facet normal 4.582154e-001 0.000000e+000 8.888412e-001
    outer loop
      vertex   -3.337583e+001 1.043429e+002 6.262008e+001
      vertex   -3.337583e+001 9.824289e+001 6.262008e+001
      vertex   -3.311553e+001 1.043429e+002 6.248589e+001
    endloop
  endfacet
  facet normal 5.220179e-001 0.000000e+000 8.529346e-001
    outer loop
      vertex   -3.311553e+001 1.104429e+002 6.248589e+001
      vertex   -3.311553e+001 1.043429e+002 6.248589e+001
      vertex   -3.286575e+001 1.104429e+002 6.233302e+001
    endloop
  endfacet
  facet normal 5.830223e-001 0.000000e+000 8.124562e-001
    outer loop
      vertex   -3.286575e+001 1.165429e+002 6.233302e+001
      vertex   -3.286575e+001 1.104429e+002 6.233302e+001
      vertex   -3.262782e+001 1.165429e+002 6.216228e+001
    endloop
  endfacet
  facet normal 6.409017e-001 0.000000e+000 7.676230e-001
    outer loop
      vertex   -3.262782e+001 1.226429e+002 6.216228e+001
      vertex   -3.262782e+001 1.165429e+002 6.216228e+001
      vertex   -3.240303e+001 1.226429e+002 6.197459e+001
    endloop
  endfacet
  facet normal 6.953459e-001 0.000000e+000 7.186753e-001
    outer loop
      vertex   -3.240303e+001 1.287429e+002 6.197459e+001
      vertex   -3.240303e+001 1.226429e+002 6.197459e+001
      vertex   -3.219256e+001 1.287429e+002 6.177096e+001
    endloop
  endfacet
  facet normal 7.460629e-001 0.000000e+000 6.658754e-001
    outer loop
      vertex   -3.219256e+001 1.348429e+002 6.177096e+001
      vertex   -3.219256e+001 1.287429e+002 6.177096e+001
      vertex   -3.199756e+001 1.348429e+002 6.155247e+001
    endloop
  endfacet
  facet normal 7.927811e-001 0.000000e+000 6.095065e-001
    outer loop
      vertex   -3.199756e+001 1.409429e+002 6.155247e+001
      vertex   -3.199756e+001 1.348429e+002 6.155247e+001
      vertex   -3.181907e+001 1.409429e+002 6.132031e+001
    endloop
  endfacet
  facet normal 8.352499e-001 0.000000e+000 5.498706e-001
    outer loop
      vertex   -3.181907e+001 1.470429e+002 6.132031e+001
      vertex   -3.181907e+001 1.409429e+002 6.132031e+001
      vertex   -3.165804e+001 1.470429e+002 6.107571e+001
    endloop
  endfacet
  facet normal 8.732417e-001 0.000000e+000 4.872873e-001
    outer loop
      vertex   -3.165804e+001 1.531429e+002 6.107571e+001
      vertex   -3.165804e+001 1.470429e+002 6.107571e+001
      vertex   -3.151534e+001 1.531429e+002 6.081998e+001
    endloop
  endfacet
  facet normal 8.352499e-001 0.000000e+000 5.498706e-001
    outer loop
      vertex   -3.165804e+001 1.531429e+002 6.107571e+001
      vertex   -3.181907e+001 1.470429e+002 6.132031e+001
      vertex   -3.165804e+001 1.470429e+002 6.107571e+001
    endloop
  endfacet
  facet normal 8.352499e-001 0.000000e+000 5.498706e-001
    outer loop
      vertex   -3.165804e+001 1.531429e+002 6.107571e+001
      vertex   -3.181907e+001 1.531429e+002 6.132031e+001
      vertex   -3.181907e+001 1.470429e+002 6.132031e+001
    endloop
  endfacet
  facet normal 7.927811e-001 -0.000000e+000 6.095065e-001
    outer loop
      vertex   -3.181907e+001 1.470429e+002 6.132031e+001
      vertex   -3.181907e+001 1.531429e+002 6.132031e+001
      vertex   -3.199756e+001 1.470429e+002 6.155247e+001
    endloop
  endfacet
  facet normal 7.460629e-001 -0.000000e+000 6.658754e-001
    outer loop
      vertex   -3.199756e+001 1.409429e+002 6.155247e+001
      vertex   -3.199756e+001 1.470429e+002 6.155247e+001
      vertex   -3.219256e+001 1.409429e+002 6.177096e+001
    endloop
  endfacet
  facet normal 6.953459e-001 -0.000000e+000 7.186753e-001
    outer loop
      vertex   -3.219256e+001 1.348429e+002 6.177096e+001
      vertex   -3.219256e+001 1.409429e+002 6.177096e+001
      vertex   -3.240303e+001 1.348429e+002 6.197459e+001
    endloop
  endfacet
  facet normal 6.409017e-001 -0.000000e+000 7.676230e-001
    outer loop
      vertex   -3.240303e+001 1.287429e+002 6.197459e+001
      vertex   -3.240303e+001 1.348429e+002 6.197459e+001
      vertex   -3.262782e+001 1.287429e+002 6.216228e+001
    endloop
  endfacet
  facet normal 5.830223e-001 -0.000000e+000 8.124562e-001
    outer loop
      vertex   -3.262782e+001 1.226429e+002 6.216228e+001
      vertex   -3.262782e+001 1.287429e+002 6.216228e+001
      vertex   -3.286575e+001 1.226429e+002 6.233302e+001
    endloop
  endfacet
  facet normal 5.220179e-001 -0.000000e+000 8.529346e-001
    outer loop
      vertex   -3.286575e+001 1.165429e+002 6.233302e+001
      vertex   -3.286575e+001 1.226429e+002 6.233302e+001
      vertex   -3.311553e+001 1.165429e+002 6.248589e+001
    endloop
  endfacet
  facet normal 4.582154e-001 -0.000000e+000 8.888412e-001
    outer loop
      vertex   -3.311553e+001 1.104429e+002 6.248589e+001
      vertex   -3.311553e+001 1.165429e+002 6.248589e+001
      vertex   -3.337583e+001 1.104429e+002 6.262008e+001
    endloop
  endfacet
  facet normal 3.919569e-001 -0.000000e+000 9.199836e-001
    outer loop
      vertex   -3.337583e+001 1.043429e+002 6.262008e+001
      vertex   -3.337583e+001 1.104429e+002 6.262008e+001
      vertex   -3.364525e+001 1.043429e+002 6.273486e+001
    endloop
  endfacet
  facet normal 3.235974e-001 -0.000000e+000 9.461949e-001
    outer loop
      vertex   -3.364525e+001 9.824289e+001 6.273486e+001
      vertex   -3.364525e+001 1.043429e+002 6.273486e+001
      vertex   -3.392234e+001 9.824289e+001 6.282963e+001
    endloop
  endfacet
  facet normal 3.919569e-001 0.000000e+000 9.199836e-001
    outer loop
      vertex   -3.364525e+001 9.824289e+001 6.273486e+001
      vertex   -3.337583e+001 1.043429e+002 6.262008e+001
      vertex   -3.364525e+001 1.043429e+002 6.273486e+001
    endloop
  endfacet
  facet normal 3.919569e-001 -0.000000e+000 9.199836e-001
    outer loop
      vertex   -3.364525e+001 9.824289e+001 6.273486e+001
      vertex   -3.337583e+001 9.824289e+001 6.262008e+001
      vertex   -3.337583e+001 1.043429e+002 6.262008e+001
    endloop
  endfacet
  facet normal 5.280108e-001 2.076042e-004 8.492376e-001
    outer loop
      vertex   -3.303628e+001 9.397485e+001 6.244009e+001
      vertex   -3.289635e+001 9.383492e+001 6.235312e+001
      vertex   -3.286575e+001 9.824289e+001 6.233302e+001
    endloop
  endfacet
  facet normal 5.622980e-001 -1.321443e-004 8.269347e-001
    outer loop
      vertex   -3.286575e+001 9.824289e+001 6.233302e+001
      vertex   -3.289635e+001 9.383492e+001 6.235312e+001
      vertex   -3.276012e+001 9.369869e+001 6.226046e+001
    endloop
  endfacet
  facet normal 5.959615e-001 0.000000e+000 8.030130e-001
    outer loop
      vertex   -3.262782e+001 9.824289e+001 6.216228e+001
      vertex   -3.276012e+001 9.369869e+001 6.226046e+001
      vertex   -3.262782e+001 9.356639e+001 6.216228e+001
    endloop
  endfacet
  facet normal 5.830222e-001 5.807448e-004 8.124560e-001
    outer loop
      vertex   -3.262782e+001 9.824289e+001 6.216228e+001
      vertex   -3.286575e+001 9.824289e+001 6.233302e+001
      vertex   -3.276012e+001 9.369869e+001 6.226046e+001
    endloop
  endfacet
  facet normal 5.830223e-001 -0.000000e+000 8.124562e-001
    outer loop
      vertex   -3.262782e+001 9.824289e+001 6.216228e+001
      vertex   -3.262782e+001 1.043429e+002 6.216228e+001
      vertex   -3.286575e+001 9.824289e+001 6.233302e+001
    endloop
  endfacet
  facet normal 6.409017e-001 0.000000e+000 7.676230e-001
    outer loop
      vertex   -3.262782e+001 9.824289e+001 6.216228e+001
      vertex   -3.240303e+001 1.043429e+002 6.197459e+001
      vertex   -3.262782e+001 1.043429e+002 6.216228e+001
    endloop
  endfacet
  facet normal 6.409017e-001 -0.000000e+000 7.676230e-001
    outer loop
      vertex   -3.262782e+001 1.043429e+002 6.216228e+001
      vertex   -3.240303e+001 1.043429e+002 6.197459e+001
      vertex   -3.240303e+001 1.104429e+002 6.197459e+001
    endloop
  endfacet
  facet normal 6.953459e-001 0.000000e+000 7.186753e-001
    outer loop
      vertex   -3.240303e+001 1.104429e+002 6.197459e+001
      vertex   -3.240303e+001 1.043429e+002 6.197459e+001
      vertex   -3.219256e+001 1.104429e+002 6.177096e+001
    endloop
  endfacet
  facet normal 7.460629e-001 0.000000e+000 6.658754e-001
    outer loop
      vertex   -3.219256e+001 1.165429e+002 6.177096e+001
      vertex   -3.219256e+001 1.104429e+002 6.177096e+001
      vertex   -3.199756e+001 1.165429e+002 6.155247e+001
    endloop
  endfacet
  facet normal 7.927811e-001 0.000000e+000 6.095065e-001
    outer loop
      vertex   -3.199756e+001 1.226429e+002 6.155247e+001
      vertex   -3.199756e+001 1.165429e+002 6.155247e+001
      vertex   -3.181907e+001 1.226429e+002 6.132031e+001
    endloop
  endfacet
  facet normal 8.352499e-001 0.000000e+000 5.498706e-001
    outer loop
      vertex   -3.181907e+001 1.287429e+002 6.132031e+001
      vertex   -3.181907e+001 1.226429e+002 6.132031e+001
      vertex   -3.165804e+001 1.287429e+002 6.107571e+001
    endloop
  endfacet
  facet normal 8.732417e-001 0.000000e+000 4.872873e-001
    outer loop
      vertex   -3.165804e+001 1.348429e+002 6.107571e+001
      vertex   -3.165804e+001 1.287429e+002 6.107571e+001
      vertex   -3.151534e+001 1.348429e+002 6.081998e+001
    endloop
  endfacet
  facet normal 9.065529e-001 0.000000e+000 4.220922e-001
    outer loop
      vertex   -3.151534e+001 1.409429e+002 6.081998e+001
      vertex   -3.151534e+001 1.348429e+002 6.081998e+001
      vertex   -3.139173e+001 1.409429e+002 6.055450e+001
    endloop
  endfacet
  facet normal 9.350050e-001 0.000000e+000 3.546346e-001
    outer loop
      vertex   -3.139173e+001 1.470429e+002 6.055450e+001
      vertex   -3.139173e+001 1.409429e+002 6.055450e+001
      vertex   -3.128787e+001 1.470429e+002 6.028068e+001
    endloop
  endfacet
  facet normal 9.350050e-001 0.000000e+000 3.546346e-001
    outer loop
      vertex   -3.128787e+001 1.531429e+002 6.028068e+001
      vertex   -3.139173e+001 1.470429e+002 6.055450e+001
      vertex   -3.128787e+001 1.470429e+002 6.028068e+001
    endloop
  endfacet
  facet normal 6.953458e-001 4.564299e-004 7.186752e-001
    outer loop
      vertex   -3.240303e+001 9.824289e+001 6.197459e+001
      vertex   -3.225672e+001 9.319529e+001 6.183624e+001
      vertex   -3.219256e+001 9.824289e+001 6.177096e+001
    endloop
  endfacet
  facet normal 7.460629e-001 0.000000e+000 6.658754e-001
    outer loop
      vertex   -3.219256e+001 1.043429e+002 6.177096e+001
      vertex   -3.219256e+001 9.824289e+001 6.177096e+001
      vertex   -3.199756e+001 1.043429e+002 6.155247e+001
    endloop
  endfacet
  facet normal 7.927811e-001 0.000000e+000 6.095065e-001
    outer loop
      vertex   -3.199756e+001 1.104429e+002 6.155247e+001
      vertex   -3.199756e+001 1.043429e+002 6.155247e+001
      vertex   -3.181907e+001 1.104429e+002 6.132031e+001
    endloop
  endfacet
  facet normal 8.352499e-001 0.000000e+000 5.498706e-001
    outer loop
      vertex   -3.181907e+001 1.165429e+002 6.132031e+001
      vertex   -3.181907e+001 1.104429e+002 6.132031e+001
      vertex   -3.165804e+001 1.165429e+002 6.107571e+001
    endloop
  endfacet
  facet normal 8.732417e-001 0.000000e+000 4.872873e-001
    outer loop
      vertex   -3.165804e+001 1.226429e+002 6.107571e+001
      vertex   -3.165804e+001 1.165429e+002 6.107571e+001
      vertex   -3.151534e+001 1.226429e+002 6.081998e+001
    endloop
  endfacet
  facet normal 9.065529e-001 0.000000e+000 4.220922e-001
    outer loop
      vertex   -3.151534e+001 1.287429e+002 6.081998e+001
      vertex   -3.151534e+001 1.226429e+002 6.081998e+001
      vertex   -3.139173e+001 1.287429e+002 6.055450e+001
    endloop
  endfacet
  facet normal 9.350050e-001 0.000000e+000 3.546346e-001
    outer loop
      vertex   -3.139173e+001 1.348429e+002 6.055450e+001
      vertex   -3.139173e+001 1.287429e+002 6.055450e+001
      vertex   -3.128787e+001 1.348429e+002 6.028068e+001
    endloop
  endfacet
  facet normal 9.584454e-001 0.000000e+000 2.852762e-001
    outer loop
      vertex   -3.128787e+001 1.409429e+002 6.028068e+001
      vertex   -3.128787e+001 1.348429e+002 6.028068e+001
      vertex   -3.120433e+001 1.328096e+002 6.000000e+001
    endloop
  endfacet
  facet normal 9.584454e-001 0.000000e+000 2.852762e-001
    outer loop
      vertex   -3.128787e+001 1.470429e+002 6.028068e+001
      vertex   -3.128787e+001 1.409429e+002 6.028068e+001
      vertex   -3.120433e+001 1.328096e+002 6.000000e+001
    endloop
  endfacet
  facet normal 7.460629e-001 3.895059e-004 6.658754e-001
    outer loop
      vertex   -3.219256e+001 9.824289e+001 6.177096e+001
      vertex   -3.214232e+001 9.308088e+001 6.171769e+001
      vertex   -3.199756e+001 9.824289e+001 6.155247e+001
    endloop
  endfacet
  facet normal 7.927811e-001 0.000000e+000 6.095065e-001
    outer loop
      vertex   -3.199756e+001 1.043429e+002 6.155247e+001
      vertex   -3.199756e+001 9.824289e+001 6.155247e+001
      vertex   -3.181907e+001 1.043429e+002 6.132031e+001
    endloop
  endfacet
  facet normal 8.352499e-001 0.000000e+000 5.498706e-001
    outer loop
      vertex   -3.181907e+001 1.104429e+002 6.132031e+001
      vertex   -3.181907e+001 1.043429e+002 6.132031e+001
      vertex   -3.165804e+001 1.104429e+002 6.107571e+001
    endloop
  endfacet
  facet normal 8.732417e-001 0.000000e+000 4.872873e-001
    outer loop
      vertex   -3.165804e+001 1.165429e+002 6.107571e+001
      vertex   -3.165804e+001 1.104429e+002 6.107571e+001
      vertex   -3.151534e+001 1.165429e+002 6.081998e+001
    endloop
  endfacet
  facet normal 9.065529e-001 0.000000e+000 4.220922e-001
    outer loop
      vertex   -3.151534e+001 1.226429e+002 6.081998e+001
      vertex   -3.151534e+001 1.165429e+002 6.081998e+001
      vertex   -3.139173e+001 1.226429e+002 6.055450e+001
    endloop
  endfacet
  facet normal 9.350050e-001 0.000000e+000 3.546346e-001
    outer loop
      vertex   -3.139173e+001 1.287429e+002 6.055450e+001
      vertex   -3.139173e+001 1.226429e+002 6.055450e+001
      vertex   -3.128787e+001 1.287429e+002 6.028068e+001
    endloop
  endfacet
  facet normal 9.584454e-001 0.000000e+000 2.852762e-001
    outer loop
      vertex   -3.128787e+001 1.348429e+002 6.028068e+001
      vertex   -3.128787e+001 1.287429e+002 6.028068e+001
      vertex   -3.120433e+001 1.328096e+002 6.000000e+001
    endloop
  endfacet
  facet normal 9.350050e-001 0.000000e+000 3.546346e-001
    outer loop
      vertex   -3.128787e+001 1.348429e+002 6.028068e+001
      vertex   -3.139173e+001 1.287429e+002 6.055450e+001
      vertex   -3.128787e+001 1.287429e+002 6.028068e+001
    endloop
  endfacet
  facet normal 8.352498e-001 4.814855e-004 5.498705e-001
    outer loop
      vertex   -3.181907e+001 9.824289e+001 6.132031e+001
      vertex   -3.173631e+001 9.267488e+001 6.119948e+001
      vertex   -3.165804e+001 9.824289e+001 6.107571e+001
    endloop
  endfacet
  facet normal 8.732417e-001 0.000000e+000 4.872873e-001
    outer loop
      vertex   -3.165804e+001 1.043429e+002 6.107571e+001
      vertex   -3.165804e+001 9.824289e+001 6.107571e+001
      vertex   -3.151534e+001 1.043429e+002 6.081998e+001
    endloop
  endfacet
  facet normal 9.065529e-001 0.000000e+000 4.220922e-001
    outer loop
      vertex   -3.151534e+001 1.104429e+002 6.081998e+001
      vertex   -3.151534e+001 1.043429e+002 6.081998e+001
      vertex   -3.139173e+001 1.104429e+002 6.055450e+001
    endloop
  endfacet
  facet normal 9.350050e-001 0.000000e+000 3.546346e-001
    outer loop
      vertex   -3.139173e+001 1.165429e+002 6.055450e+001
      vertex   -3.139173e+001 1.104429e+002 6.055450e+001
      vertex   -3.128787e+001 1.165429e+002 6.028068e+001
    endloop
  endfacet
  facet normal 9.584454e-001 0.000000e+000 2.852762e-001
    outer loop
      vertex   -3.128787e+001 1.226429e+002 6.028068e+001
      vertex   -3.128787e+001 1.165429e+002 6.028068e+001
      vertex   -3.120433e+001 1.328096e+002 6.000000e+001
    endloop
  endfacet
  facet normal 9.584454e-001 0.000000e+000 2.852762e-001
    outer loop
      vertex   -3.128787e+001 1.287429e+002 6.028068e+001
      vertex   -3.128787e+001 1.226429e+002 6.028068e+001
      vertex   -3.120433e+001 1.328096e+002 6.000000e+001
    endloop
  endfacet
  facet normal 9.350050e-001 0.000000e+000 3.546346e-001
    outer loop
      vertex   -3.128787e+001 1.287429e+002 6.028068e+001
      vertex   -3.139173e+001 1.226429e+002 6.055450e+001
      vertex   -3.128787e+001 1.226429e+002 6.028068e+001
    endloop
  endfacet
  facet normal 9.350050e-001 0.000000e+000 3.546346e-001
    outer loop
      vertex   -3.128787e+001 1.226429e+002 6.028068e+001
      vertex   -3.139173e+001 1.226429e+002 6.055450e+001
      vertex   -3.139173e+001 1.165429e+002 6.055450e+001
    endloop
  endfacet
  facet normal 9.350050e-001 -0.000000e+000 3.546346e-001
    outer loop
      vertex   -3.128787e+001 1.165429e+002 6.028068e+001
      vertex   -3.128787e+001 1.226429e+002 6.028068e+001
      vertex   -3.139173e+001 1.165429e+002 6.055450e+001
    endloop
  endfacet
  facet normal 9.065529e-001 3.417394e-004 4.220922e-001
    outer loop
      vertex   -3.151534e+001 9.824289e+001 6.081998e+001
      vertex   -3.142080e+001 9.235937e+001 6.062170e+001
      vertex   -3.139173e+001 9.824289e+001 6.055450e+001
    endloop
  endfacet
  facet normal 9.350050e-001 0.000000e+000 3.546346e-001
    outer loop
      vertex   -3.139173e+001 1.043429e+002 6.055450e+001
      vertex   -3.139173e+001 9.824289e+001 6.055450e+001
      vertex   -3.128787e+001 1.043429e+002 6.028068e+001
    endloop
  endfacet
  facet normal 9.350050e-001 0.000000e+000 3.546346e-001
    outer loop
      vertex   -3.128787e+001 1.104429e+002 6.028068e+001
      vertex   -3.139173e+001 1.043429e+002 6.055450e+001
      vertex   -3.128787e+001 1.043429e+002 6.028068e+001
    endloop
  endfacet
  facet normal 9.350050e-001 0.000000e+000 3.546346e-001
    outer loop
      vertex   -3.128787e+001 1.104429e+002 6.028068e+001
      vertex   -3.139173e+001 1.104429e+002 6.055450e+001
      vertex   -3.139173e+001 1.043429e+002 6.055450e+001
    endloop
  endfacet
  facet normal 9.350050e-001 -0.000000e+000 3.546346e-001
    outer loop
      vertex   -3.128787e+001 1.104429e+002 6.028068e+001
      vertex   -3.128787e+001 1.165429e+002 6.028068e+001
      vertex   -3.139173e+001 1.104429e+002 6.055450e+001
    endloop
  endfacet
  facet normal 9.584454e-001 0.000000e+000 2.852762e-001
    outer loop
      vertex   -3.128787e+001 1.104429e+002 6.028068e+001
      vertex   -3.120433e+001 1.328096e+002 6.000000e+001
      vertex   -3.128787e+001 1.165429e+002 6.028068e+001
    endloop
  endfacet
  facet normal 9.350049e-001 3.873883e-004 3.546346e-001
    outer loop
      vertex   -3.139173e+001 9.824289e+001 6.055450e+001
      vertex   -3.135712e+001 9.229569e+001 6.046976e+001
      vertex   -3.128787e+001 9.824289e+001 6.028068e+001
    endloop
  endfacet
  facet normal 9.350050e-001 0.000000e+000 3.546346e-001
    outer loop
      vertex   -3.128787e+001 1.043429e+002 6.028068e+001
      vertex   -3.139173e+001 9.824289e+001 6.055450e+001
      vertex   -3.128787e+001 9.824289e+001 6.028068e+001
    endloop
  endfacet
  facet normal 9.584454e-001 -0.000000e+000 2.852762e-001
    outer loop
      vertex   -3.120433e+001 1.328096e+002 6.000000e+001
      vertex   -3.120433e+001 1.734762e+002 6.000000e+001
      vertex   -3.128787e+001 1.531429e+002 6.028068e+001
    endloop
  endfacet
  facet normal 9.584454e-001 0.000000e+000 2.852762e-001
    outer loop
      vertex   -3.120433e+001 2.141429e+002 6.000000e+001
      vertex   -3.128787e+001 1.958429e+002 6.028068e+001
      vertex   -3.120433e+001 1.734762e+002 6.000000e+001
    endloop
  endfacet
  facet normal 9.584454e-001 0.000000e+000 2.852762e-001
    outer loop
      vertex   -3.120433e+001 2.141429e+002 6.000000e+001
      vertex   -3.128787e+001 2.019429e+002 6.028068e+001
      vertex   -3.128787e+001 1.958429e+002 6.028068e+001
    endloop
  endfacet
  facet normal 9.584454e-001 0.000000e+000 2.852762e-001
    outer loop
      vertex   -3.120433e+001 2.141429e+002 6.000000e+001
      vertex   -3.128787e+001 2.080429e+002 6.028068e+001
      vertex   -3.128787e+001 2.019429e+002 6.028068e+001
    endloop
  endfacet
  facet normal 9.350050e-001 -0.000000e+000 3.546346e-001
    outer loop
      vertex   -3.128787e+001 2.019429e+002 6.028068e+001
      vertex   -3.128787e+001 2.080429e+002 6.028068e+001
      vertex   -3.139173e+001 2.019429e+002 6.055450e+001
    endloop
  endfacet
  facet normal 9.065529e-001 -0.000000e+000 4.220922e-001
    outer loop
      vertex   -3.139173e+001 1.958429e+002 6.055450e+001
      vertex   -3.139173e+001 2.019429e+002 6.055450e+001
      vertex   -3.151534e+001 1.958429e+002 6.081998e+001
    endloop
  endfacet
  facet normal 8.732417e-001 -0.000000e+000 4.872873e-001
    outer loop
      vertex   -3.151534e+001 1.897429e+002 6.081998e+001
      vertex   -3.151534e+001 1.958429e+002 6.081998e+001
      vertex   -3.165804e+001 1.897429e+002 6.107571e+001
    endloop
  endfacet
  facet normal 8.352499e-001 -0.000000e+000 5.498706e-001
    outer loop
      vertex   -3.165804e+001 1.836429e+002 6.107571e+001
      vertex   -3.165804e+001 1.897429e+002 6.107571e+001
      vertex   -3.181907e+001 1.836429e+002 6.132031e+001
    endloop
  endfacet
  facet normal 7.927811e-001 -0.000000e+000 6.095065e-001
    outer loop
      vertex   -3.181907e+001 1.775429e+002 6.132031e+001
      vertex   -3.181907e+001 1.836429e+002 6.132031e+001
      vertex   -3.199756e+001 1.775429e+002 6.155247e+001
    endloop
  endfacet
  facet normal 7.460629e-001 -0.000000e+000 6.658754e-001
    outer loop
      vertex   -3.199756e+001 1.714429e+002 6.155247e+001
      vertex   -3.199756e+001 1.775429e+002 6.155247e+001
      vertex   -3.219256e+001 1.714429e+002 6.177096e+001
    endloop
  endfacet
  facet normal 6.953459e-001 -0.000000e+000 7.186753e-001
    outer loop
      vertex   -3.219256e+001 1.653429e+002 6.177096e+001
      vertex   -3.219256e+001 1.714429e+002 6.177096e+001
      vertex   -3.240303e+001 1.653429e+002 6.197459e+001
    endloop
  endfacet
  facet normal 6.953459e-001 0.000000e+000 7.186753e-001
    outer loop
      vertex   -3.240303e+001 1.592429e+002 6.197459e+001
      vertex   -3.219256e+001 1.653429e+002 6.177096e+001
      vertex   -3.240303e+001 1.653429e+002 6.197459e+001
    endloop
  endfacet
  facet normal 9.350050e-001 0.000000e+000 3.546346e-001
    outer loop
      vertex   -3.139173e+001 2.080429e+002 6.055450e+001
      vertex   -3.139173e+001 2.019429e+002 6.055450e+001
      vertex   -3.128787e+001 2.080429e+002 6.028068e+001
    endloop
  endfacet
  facet normal 9.584454e-001 0.000000e+000 2.852762e-001
    outer loop
      vertex   -3.128787e+001 1.958429e+002 6.028068e+001
      vertex   -3.128787e+001 1.897429e+002 6.028068e+001
      vertex   -3.120433e+001 1.734762e+002 6.000000e+001
    endloop
  endfacet
  facet normal 9.350050e-001 0.000000e+000 3.546346e-001
    outer loop
      vertex   -3.128787e+001 1.958429e+002 6.028068e+001
      vertex   -3.139173e+001 1.897429e+002 6.055450e+001
      vertex   -3.128787e+001 1.897429e+002 6.028068e+001
    endloop
  endfacet
  facet normal 9.350050e-001 0.000000e+000 3.546346e-001
    outer loop
      vertex   -3.128787e+001 1.958429e+002 6.028068e+001
      vertex   -3.139173e+001 1.958429e+002 6.055450e+001
      vertex   -3.139173e+001 1.897429e+002 6.055450e+001
    endloop
  endfacet
  facet normal 9.350050e-001 -0.000000e+000 3.546346e-001
    outer loop
      vertex   -3.128787e+001 1.958429e+002 6.028068e+001
      vertex   -3.128787e+001 2.019429e+002 6.028068e+001
      vertex   -3.139173e+001 1.958429e+002 6.055450e+001
    endloop
  endfacet
  facet normal 9.350050e-001 0.000000e+000 3.546346e-001
    outer loop
      vertex   -3.139173e+001 1.958429e+002 6.055450e+001
      vertex   -3.128787e+001 2.019429e+002 6.028068e+001
      vertex   -3.139173e+001 2.019429e+002 6.055450e+001
    endloop
  endfacet
  facet normal 9.584454e-001 0.000000e+000 2.852762e-001
    outer loop
      vertex   -3.128787e+001 1.897429e+002 6.028068e+001
      vertex   -3.128787e+001 1.836429e+002 6.028068e+001
      vertex   -3.120433e+001 1.734762e+002 6.000000e+001
    endloop
  endfacet
  facet normal 9.350050e-001 0.000000e+000 3.546346e-001
    outer loop
      vertex   -3.128787e+001 1.897429e+002 6.028068e+001
      vertex   -3.139173e+001 1.836429e+002 6.055450e+001
      vertex   -3.128787e+001 1.836429e+002 6.028068e+001
    endloop
  endfacet
  facet normal 9.350050e-001 0.000000e+000 3.546346e-001
    outer loop
      vertex   -3.128787e+001 1.897429e+002 6.028068e+001
      vertex   -3.139173e+001 1.897429e+002 6.055450e+001
      vertex   -3.139173e+001 1.836429e+002 6.055450e+001
    endloop
  endfacet
  facet normal 9.065529e-001 -0.000000e+000 4.220922e-001
    outer loop
      vertex   -3.139173e+001 1.836429e+002 6.055450e+001
      vertex   -3.139173e+001 1.897429e+002 6.055450e+001
      vertex   -3.151534e+001 1.836429e+002 6.081998e+001
    endloop
  endfacet
  facet normal 8.732417e-001 -0.000000e+000 4.872873e-001
    outer loop
      vertex   -3.151534e+001 1.775429e+002 6.081998e+001
      vertex   -3.151534e+001 1.836429e+002 6.081998e+001
      vertex   -3.165804e+001 1.775429e+002 6.107571e+001
    endloop
  endfacet
  facet normal 8.352499e-001 -0.000000e+000 5.498706e-001
    outer loop
      vertex   -3.165804e+001 1.714429e+002 6.107571e+001
      vertex   -3.165804e+001 1.775429e+002 6.107571e+001
      vertex   -3.181907e+001 1.714429e+002 6.132031e+001
    endloop
  endfacet
  facet normal 7.927811e-001 -0.000000e+000 6.095065e-001
    outer loop
      vertex   -3.181907e+001 1.653429e+002 6.132031e+001
      vertex   -3.181907e+001 1.714429e+002 6.132031e+001
      vertex   -3.199756e+001 1.653429e+002 6.155247e+001
    endloop
  endfacet
  facet normal 7.927811e-001 0.000000e+000 6.095065e-001
    outer loop
      vertex   -3.199756e+001 1.592429e+002 6.155247e+001
      vertex   -3.181907e+001 1.653429e+002 6.132031e+001
      vertex   -3.199756e+001 1.653429e+002 6.155247e+001
    endloop
  endfacet
  facet normal 9.584454e-001 0.000000e+000 2.852762e-001
    outer loop
      vertex   -3.128787e+001 1.836429e+002 6.028068e+001
      vertex   -3.128787e+001 1.775429e+002 6.028068e+001
      vertex   -3.120433e+001 1.734762e+002 6.000000e+001
    endloop
  endfacet
  facet normal 9.350050e-001 0.000000e+000 3.546346e-001
    outer loop
      vertex   -3.128787e+001 1.836429e+002 6.028068e+001
      vertex   -3.139173e+001 1.775429e+002 6.055450e+001
      vertex   -3.128787e+001 1.775429e+002 6.028068e+001
    endloop
  endfacet
  facet normal 9.350050e-001 0.000000e+000 3.546346e-001
    outer loop
      vertex   -3.128787e+001 1.836429e+002 6.028068e+001
      vertex   -3.139173e+001 1.836429e+002 6.055450e+001
      vertex   -3.139173e+001 1.775429e+002 6.055450e+001
    endloop
  endfacet
  facet normal 9.065529e-001 -0.000000e+000 4.220922e-001
    outer loop
      vertex   -3.139173e+001 1.775429e+002 6.055450e+001
      vertex   -3.139173e+001 1.836429e+002 6.055450e+001
      vertex   -3.151534e+001 1.775429e+002 6.081998e+001
    endloop
  endfacet
  facet normal 8.732417e-001 -0.000000e+000 4.872873e-001
    outer loop
      vertex   -3.151534e+001 1.714429e+002 6.081998e+001
      vertex   -3.151534e+001 1.775429e+002 6.081998e+001
      vertex   -3.165804e+001 1.714429e+002 6.107571e+001
    endloop
  endfacet
  facet normal 8.352499e-001 -0.000000e+000 5.498706e-001
    outer loop
      vertex   -3.165804e+001 1.653429e+002 6.107571e+001
      vertex   -3.165804e+001 1.714429e+002 6.107571e+001
      vertex   -3.181907e+001 1.653429e+002 6.132031e+001
    endloop
  endfacet
  facet normal 8.352499e-001 0.000000e+000 5.498706e-001
    outer loop
      vertex   -3.181907e+001 1.592429e+002 6.132031e+001
      vertex   -3.165804e+001 1.653429e+002 6.107571e+001
      vertex   -3.181907e+001 1.653429e+002 6.132031e+001
    endloop
  endfacet
  facet normal 9.584454e-001 0.000000e+000 2.852762e-001
    outer loop
      vertex   -3.128787e+001 1.775429e+002 6.028068e+001
      vertex   -3.128787e+001 1.714429e+002 6.028068e+001
      vertex   -3.120433e+001 1.734762e+002 6.000000e+001
    endloop
  endfacet
  facet normal 9.350050e-001 0.000000e+000 3.546346e-001
    outer loop
      vertex   -3.128787e+001 1.775429e+002 6.028068e+001
      vertex   -3.139173e+001 1.714429e+002 6.055450e+001
      vertex   -3.128787e+001 1.714429e+002 6.028068e+001
    endloop
  endfacet
  facet normal 9.350050e-001 0.000000e+000 3.546346e-001
    outer loop
      vertex   -3.128787e+001 1.775429e+002 6.028068e+001
      vertex   -3.139173e+001 1.775429e+002 6.055450e+001
      vertex   -3.139173e+001 1.714429e+002 6.055450e+001
    endloop
  endfacet
  facet normal 9.065529e-001 -0.000000e+000 4.220922e-001
    outer loop
      vertex   -3.139173e+001 1.714429e+002 6.055450e+001
      vertex   -3.139173e+001 1.775429e+002 6.055450e+001
      vertex   -3.151534e+001 1.714429e+002 6.081998e+001
    endloop
  endfacet
  facet normal 8.732417e-001 -0.000000e+000 4.872873e-001
    outer loop
      vertex   -3.151534e+001 1.653429e+002 6.081998e+001
      vertex   -3.151534e+001 1.714429e+002 6.081998e+001
      vertex   -3.165804e+001 1.653429e+002 6.107571e+001
    endloop
  endfacet
  facet normal 8.732417e-001 0.000000e+000 4.872873e-001
    outer loop
      vertex   -3.165804e+001 1.592429e+002 6.107571e+001
      vertex   -3.151534e+001 1.653429e+002 6.081998e+001
      vertex   -3.165804e+001 1.653429e+002 6.107571e+001
    endloop
  endfacet
  facet normal 9.584454e-001 0.000000e+000 2.852762e-001
    outer loop
      vertex   -3.128787e+001 1.592429e+002 6.028068e+001
      vertex   -3.120433e+001 1.734762e+002 6.000000e+001
      vertex   -3.128787e+001 1.653429e+002 6.028068e+001
    endloop
  endfacet
  facet normal 9.584454e-001 0.000000e+000 2.852762e-001
    outer loop
      vertex   -3.128787e+001 1.653429e+002 6.028068e+001
      vertex   -3.120433e+001 1.734762e+002 6.000000e+001
      vertex   -3.128787e+001 1.714429e+002 6.028068e+001
    endloop
  endfacet
  facet normal 9.350050e-001 0.000000e+000 3.546346e-001
    outer loop
      vertex   -3.139173e+001 1.653429e+002 6.055450e+001
      vertex   -3.128787e+001 1.714429e+002 6.028068e+001
      vertex   -3.139173e+001 1.714429e+002 6.055450e+001
    endloop
  endfacet
  facet normal 9.065529e-001 0.000000e+000 4.220922e-001
    outer loop
      vertex   -3.151534e+001 1.653429e+002 6.081998e+001
      vertex   -3.139173e+001 1.714429e+002 6.055450e+001
      vertex   -3.151534e+001 1.714429e+002 6.081998e+001
    endloop
  endfacet
  facet normal 9.065529e-001 -0.000000e+000 4.220922e-001
    outer loop
      vertex   -3.151534e+001 1.653429e+002 6.081998e+001
      vertex   -3.139173e+001 1.653429e+002 6.055450e+001
      vertex   -3.139173e+001 1.714429e+002 6.055450e+001
    endloop
  endfacet
  facet normal 9.065529e-001 0.000000e+000 4.220922e-001
    outer loop
      vertex   -3.151534e+001 1.653429e+002 6.081998e+001
      vertex   -3.151534e+001 1.592429e+002 6.081998e+001
      vertex   -3.139173e+001 1.653429e+002 6.055450e+001
    endloop
  endfacet
  facet normal 9.350050e-001 0.000000e+000 3.546346e-001
    outer loop
      vertex   -3.139173e+001 1.592429e+002 6.055450e+001
      vertex   -3.128787e+001 1.653429e+002 6.028068e+001
      vertex   -3.139173e+001 1.653429e+002 6.055450e+001
    endloop
  endfacet
  facet normal 9.350050e-001 -0.000000e+000 3.546346e-001
    outer loop
      vertex   -3.139173e+001 1.653429e+002 6.055450e+001
      vertex   -3.128787e+001 1.653429e+002 6.028068e+001
      vertex   -3.128787e+001 1.714429e+002 6.028068e+001
    endloop
  endfacet
  facet normal 9.350050e-001 -0.000000e+000 3.546346e-001
    outer loop
      vertex   -3.139173e+001 1.348429e+002 6.055450e+001
      vertex   -3.128787e+001 1.348429e+002 6.028068e+001
      vertex   -3.128787e+001 1.409429e+002 6.028068e+001
    endloop
  endfacet
  facet normal 9.350050e-001 0.000000e+000 3.546346e-001
    outer loop
      vertex   -3.139173e+001 1.409429e+002 6.055450e+001
      vertex   -3.139173e+001 1.348429e+002 6.055450e+001
      vertex   -3.128787e+001 1.409429e+002 6.028068e+001
    endloop
  endfacet
  facet normal 9.065529e-001 0.000000e+000 4.220922e-001
    outer loop
      vertex   -3.151534e+001 2.080429e+002 6.081998e+001
      vertex   -3.151534e+001 2.019429e+002 6.081998e+001
      vertex   -3.139173e+001 2.080429e+002 6.055450e+001
    endloop
  endfacet
  facet normal 9.065529e-001 0.000000e+000 4.220922e-001
    outer loop
      vertex   -3.151534e+001 2.019429e+002 6.081998e+001
      vertex   -3.151534e+001 1.958429e+002 6.081998e+001
      vertex   -3.139173e+001 2.019429e+002 6.055450e+001
    endloop
  endfacet
  facet normal 9.065529e-001 0.000000e+000 4.220922e-001
    outer loop
      vertex   -3.151534e+001 1.958429e+002 6.081998e+001
      vertex   -3.151534e+001 1.897429e+002 6.081998e+001
      vertex   -3.139173e+001 1.958429e+002 6.055450e+001
    endloop
  endfacet
  facet normal 9.065529e-001 0.000000e+000 4.220922e-001
    outer loop
      vertex   -3.139173e+001 1.958429e+002 6.055450e+001
      vertex   -3.151534e+001 1.897429e+002 6.081998e+001
      vertex   -3.139173e+001 1.897429e+002 6.055450e+001
    endloop
  endfacet
  facet normal 9.065529e-001 0.000000e+000 4.220922e-001
    outer loop
      vertex   -3.139173e+001 1.897429e+002 6.055450e+001
      vertex   -3.151534e+001 1.897429e+002 6.081998e+001
      vertex   -3.151534e+001 1.836429e+002 6.081998e+001
    endloop
  endfacet
  facet normal 8.732417e-001 -0.000000e+000 4.872873e-001
    outer loop
      vertex   -3.151534e+001 1.836429e+002 6.081998e+001
      vertex   -3.151534e+001 1.897429e+002 6.081998e+001
      vertex   -3.165804e+001 1.836429e+002 6.107571e+001
    endloop
  endfacet
  facet normal 8.352499e-001 -0.000000e+000 5.498706e-001
    outer loop
      vertex   -3.165804e+001 1.775429e+002 6.107571e+001
      vertex   -3.165804e+001 1.836429e+002 6.107571e+001
      vertex   -3.181907e+001 1.775429e+002 6.132031e+001
    endloop
  endfacet
  facet normal 7.927811e-001 -0.000000e+000 6.095065e-001
    outer loop
      vertex   -3.181907e+001 1.714429e+002 6.132031e+001
      vertex   -3.181907e+001 1.775429e+002 6.132031e+001
      vertex   -3.199756e+001 1.714429e+002 6.155247e+001
    endloop
  endfacet
  facet normal 7.460629e-001 -0.000000e+000 6.658754e-001
    outer loop
      vertex   -3.199756e+001 1.653429e+002 6.155247e+001
      vertex   -3.199756e+001 1.714429e+002 6.155247e+001
      vertex   -3.219256e+001 1.653429e+002 6.177096e+001
    endloop
  endfacet
  facet normal 7.460629e-001 0.000000e+000 6.658754e-001
    outer loop
      vertex   -3.219256e+001 1.592429e+002 6.177096e+001
      vertex   -3.199756e+001 1.653429e+002 6.155247e+001
      vertex   -3.219256e+001 1.653429e+002 6.177096e+001
    endloop
  endfacet
  facet normal 9.065529e-001 0.000000e+000 4.220922e-001
    outer loop
      vertex   -3.151534e+001 1.775429e+002 6.081998e+001
      vertex   -3.139173e+001 1.836429e+002 6.055450e+001
      vertex   -3.151534e+001 1.836429e+002 6.081998e+001
    endloop
  endfacet
  facet normal 9.065529e-001 0.000000e+000 4.220922e-001
    outer loop
      vertex   -3.151534e+001 1.714429e+002 6.081998e+001
      vertex   -3.139173e+001 1.775429e+002 6.055450e+001
      vertex   -3.151534e+001 1.775429e+002 6.081998e+001
    endloop
  endfacet
  facet normal 9.065529e-001 0.000000e+000 4.220922e-001
    outer loop
      vertex   -3.151534e+001 1.531429e+002 6.081998e+001
      vertex   -3.139173e+001 1.592429e+002 6.055450e+001
      vertex   -3.151534e+001 1.592429e+002 6.081998e+001
    endloop
  endfacet
  facet normal 9.065529e-001 -0.000000e+000 4.220922e-001
    outer loop
      vertex   -3.151534e+001 1.409429e+002 6.081998e+001
      vertex   -3.139173e+001 1.409429e+002 6.055450e+001
      vertex   -3.139173e+001 1.470429e+002 6.055450e+001
    endloop
  endfacet
  facet normal 9.065529e-001 -0.000000e+000 4.220922e-001
    outer loop
      vertex   -3.151534e+001 1.287429e+002 6.081998e+001
      vertex   -3.139173e+001 1.287429e+002 6.055450e+001
      vertex   -3.139173e+001 1.348429e+002 6.055450e+001
    endloop
  endfacet
  facet normal 9.065529e-001 0.000000e+000 4.220922e-001
    outer loop
      vertex   -3.151534e+001 1.348429e+002 6.081998e+001
      vertex   -3.151534e+001 1.287429e+002 6.081998e+001
      vertex   -3.139173e+001 1.348429e+002 6.055450e+001
    endloop
  endfacet
  facet normal 9.065529e-001 -0.000000e+000 4.220922e-001
    outer loop
      vertex   -3.151534e+001 1.226429e+002 6.081998e+001
      vertex   -3.139173e+001 1.226429e+002 6.055450e+001
      vertex   -3.139173e+001 1.287429e+002 6.055450e+001
    endloop
  endfacet
  facet normal 9.065529e-001 -0.000000e+000 4.220922e-001
    outer loop
      vertex   -3.151534e+001 1.104429e+002 6.081998e+001
      vertex   -3.139173e+001 1.104429e+002 6.055450e+001
      vertex   -3.139173e+001 1.165429e+002 6.055450e+001
    endloop
  endfacet
  facet normal 9.065529e-001 -0.000000e+000 4.220922e-001
    outer loop
      vertex   -3.151534e+001 1.165429e+002 6.081998e+001
      vertex   -3.139173e+001 1.165429e+002 6.055450e+001
      vertex   -3.139173e+001 1.226429e+002 6.055450e+001
    endloop
  endfacet
  facet normal 9.065529e-001 0.000000e+000 4.220922e-001
    outer loop
      vertex   -3.151534e+001 1.165429e+002 6.081998e+001
      vertex   -3.151534e+001 1.104429e+002 6.081998e+001
      vertex   -3.139173e+001 1.165429e+002 6.055450e+001
    endloop
  endfacet
  facet normal 8.732417e-001 0.000000e+000 4.872873e-001
    outer loop
      vertex   -3.151534e+001 1.165429e+002 6.081998e+001
      vertex   -3.165804e+001 1.104429e+002 6.107571e+001
      vertex   -3.151534e+001 1.104429e+002 6.081998e+001
    endloop
  endfacet
  facet normal 8.732417e-001 0.000000e+000 4.872873e-001
    outer loop
      vertex   -3.151534e+001 1.104429e+002 6.081998e+001
      vertex   -3.165804e+001 1.104429e+002 6.107571e+001
      vertex   -3.165804e+001 1.043429e+002 6.107571e+001
    endloop
  endfacet
  facet normal 8.732417e-001 -0.000000e+000 4.872873e-001
    outer loop
      vertex   -3.151534e+001 1.043429e+002 6.081998e+001
      vertex   -3.151534e+001 1.104429e+002 6.081998e+001
      vertex   -3.165804e+001 1.043429e+002 6.107571e+001
    endloop
  endfacet
  facet normal 9.065529e-001 -0.000000e+000 4.220922e-001
    outer loop
      vertex   -3.151534e+001 9.824289e+001 6.081998e+001
      vertex   -3.139173e+001 9.824289e+001 6.055450e+001
      vertex   -3.139173e+001 1.043429e+002 6.055450e+001
    endloop
  endfacet
  facet normal 9.065529e-001 -0.000000e+000 4.220922e-001
    outer loop
      vertex   -3.151534e+001 1.043429e+002 6.081998e+001
      vertex   -3.139173e+001 1.043429e+002 6.055450e+001
      vertex   -3.139173e+001 1.104429e+002 6.055450e+001
    endloop
  endfacet
  facet normal 9.065529e-001 0.000000e+000 4.220922e-001
    outer loop
      vertex   -3.151534e+001 1.043429e+002 6.081998e+001
      vertex   -3.151534e+001 9.824289e+001 6.081998e+001
      vertex   -3.139173e+001 1.043429e+002 6.055450e+001
    endloop
  endfacet
  facet normal 8.732417e-001 0.000000e+000 4.872873e-001
    outer loop
      vertex   -3.151534e+001 1.043429e+002 6.081998e+001
      vertex   -3.165804e+001 9.824289e+001 6.107571e+001
      vertex   -3.151534e+001 9.824289e+001 6.081998e+001
    endloop
  endfacet
  facet normal 8.732417e-001 0.000000e+000 4.872873e-001
    outer loop
      vertex   -3.165804e+001 2.019429e+002 6.107571e+001
      vertex   -3.165804e+001 1.958429e+002 6.107571e+001
      vertex   -3.151534e+001 2.019429e+002 6.081998e+001
    endloop
  endfacet
  facet normal 8.732417e-001 0.000000e+000 4.872873e-001
    outer loop
      vertex   -3.165804e+001 1.958429e+002 6.107571e+001
      vertex   -3.165804e+001 1.897429e+002 6.107571e+001
      vertex   -3.151534e+001 1.958429e+002 6.081998e+001
    endloop
  endfacet
  facet normal 8.732417e-001 0.000000e+000 4.872873e-001
    outer loop
      vertex   -3.165804e+001 1.897429e+002 6.107571e+001
      vertex   -3.165804e+001 1.836429e+002 6.107571e+001
      vertex   -3.151534e+001 1.897429e+002 6.081998e+001
    endloop
  endfacet
  facet normal 8.732417e-001 0.000000e+000 4.872873e-001
    outer loop
      vertex   -3.165804e+001 1.836429e+002 6.107571e+001
      vertex   -3.165804e+001 1.775429e+002 6.107571e+001
      vertex   -3.151534e+001 1.836429e+002 6.081998e+001
    endloop
  endfacet
  facet normal 8.732417e-001 0.000000e+000 4.872873e-001
    outer loop
      vertex   -3.165804e+001 1.775429e+002 6.107571e+001
      vertex   -3.165804e+001 1.714429e+002 6.107571e+001
      vertex   -3.151534e+001 1.775429e+002 6.081998e+001
    endloop
  endfacet
  facet normal 8.732417e-001 0.000000e+000 4.872873e-001
    outer loop
      vertex   -3.165804e+001 1.714429e+002 6.107571e+001
      vertex   -3.165804e+001 1.653429e+002 6.107571e+001
      vertex   -3.151534e+001 1.714429e+002 6.081998e+001
    endloop
  endfacet
  facet normal 8.732417e-001 0.000000e+000 4.872873e-001
    outer loop
      vertex   -3.165804e+001 1.531429e+002 6.107571e+001
      vertex   -3.151534e+001 1.592429e+002 6.081998e+001
      vertex   -3.165804e+001 1.592429e+002 6.107571e+001
    endloop
  endfacet
  facet normal 8.732417e-001 -0.000000e+000 4.872873e-001
    outer loop
      vertex   -3.165804e+001 1.409429e+002 6.107571e+001
      vertex   -3.151534e+001 1.409429e+002 6.081998e+001
      vertex   -3.151534e+001 1.470429e+002 6.081998e+001
    endloop
  endfacet
  facet normal 8.732417e-001 0.000000e+000 4.872873e-001
    outer loop
      vertex   -3.165804e+001 1.470429e+002 6.107571e+001
      vertex   -3.165804e+001 1.409429e+002 6.107571e+001
      vertex   -3.151534e+001 1.470429e+002 6.081998e+001
    endloop
  endfacet
  facet normal 8.732417e-001 -0.000000e+000 4.872873e-001
    outer loop
      vertex   -3.165804e+001 1.348429e+002 6.107571e+001
      vertex   -3.151534e+001 1.348429e+002 6.081998e+001
      vertex   -3.151534e+001 1.409429e+002 6.081998e+001
    endloop
  endfacet
  facet normal 8.732417e-001 -0.000000e+000 4.872873e-001
    outer loop
      vertex   -3.165804e+001 1.226429e+002 6.107571e+001
      vertex   -3.151534e+001 1.226429e+002 6.081998e+001
      vertex   -3.151534e+001 1.287429e+002 6.081998e+001
    endloop
  endfacet
  facet normal 8.732417e-001 0.000000e+000 4.872873e-001
    outer loop
      vertex   -3.165804e+001 1.287429e+002 6.107571e+001
      vertex   -3.165804e+001 1.226429e+002 6.107571e+001
      vertex   -3.151534e+001 1.287429e+002 6.081998e+001
    endloop
  endfacet
  facet normal 8.732417e-001 -0.000000e+000 4.872873e-001
    outer loop
      vertex   -3.165804e+001 1.165429e+002 6.107571e+001
      vertex   -3.151534e+001 1.165429e+002 6.081998e+001
      vertex   -3.151534e+001 1.226429e+002 6.081998e+001
    endloop
  endfacet
  facet normal 8.732417e-001 0.000000e+000 4.872873e-001
    outer loop
      vertex   -3.151534e+001 2.080429e+002 6.081998e+001
      vertex   -3.165804e+001 2.080429e+002 6.107571e+001
      vertex   -3.165804e+001 2.019429e+002 6.107571e+001
    endloop
  endfacet
  facet normal 8.352499e-001 -0.000000e+000 5.498706e-001
    outer loop
      vertex   -3.165804e+001 2.019429e+002 6.107571e+001
      vertex   -3.165804e+001 2.080429e+002 6.107571e+001
      vertex   -3.181907e+001 2.019429e+002 6.132031e+001
    endloop
  endfacet
  facet normal 7.927811e-001 -0.000000e+000 6.095065e-001
    outer loop
      vertex   -3.181907e+001 1.958429e+002 6.132031e+001
      vertex   -3.181907e+001 2.019429e+002 6.132031e+001
      vertex   -3.199756e+001 1.958429e+002 6.155247e+001
    endloop
  endfacet
  facet normal 7.460629e-001 -0.000000e+000 6.658754e-001
    outer loop
      vertex   -3.199756e+001 1.897429e+002 6.155247e+001
      vertex   -3.199756e+001 1.958429e+002 6.155247e+001
      vertex   -3.219256e+001 1.897429e+002 6.177096e+001
    endloop
  endfacet
  facet normal 6.953459e-001 -0.000000e+000 7.186753e-001
    outer loop
      vertex   -3.219256e+001 1.836429e+002 6.177096e+001
      vertex   -3.219256e+001 1.897429e+002 6.177096e+001
      vertex   -3.240303e+001 1.836429e+002 6.197459e+001
    endloop
  endfacet
  facet normal 6.409017e-001 -0.000000e+000 7.676230e-001
    outer loop
      vertex   -3.240303e+001 1.775429e+002 6.197459e+001
      vertex   -3.240303e+001 1.836429e+002 6.197459e+001
      vertex   -3.262782e+001 1.775429e+002 6.216228e+001
    endloop
  endfacet
  facet normal 5.830223e-001 -0.000000e+000 8.124562e-001
    outer loop
      vertex   -3.262782e+001 1.714429e+002 6.216228e+001
      vertex   -3.262782e+001 1.775429e+002 6.216228e+001
      vertex   -3.286575e+001 1.714429e+002 6.233302e+001
    endloop
  endfacet
  facet normal 5.220179e-001 -0.000000e+000 8.529346e-001
    outer loop
      vertex   -3.286575e+001 1.653429e+002 6.233302e+001
      vertex   -3.286575e+001 1.714429e+002 6.233302e+001
      vertex   -3.311553e+001 1.653429e+002 6.248589e+001
    endloop
  endfacet
  facet normal 5.220179e-001 0.000000e+000 8.529346e-001
    outer loop
      vertex   -3.311553e+001 1.592429e+002 6.248589e+001
      vertex   -3.286575e+001 1.653429e+002 6.233302e+001
      vertex   -3.311553e+001 1.653429e+002 6.248589e+001
    endloop
  endfacet
  facet normal 8.352499e-001 0.000000e+000 5.498706e-001
    outer loop
      vertex   -3.181907e+001 2.080429e+002 6.132031e+001
      vertex   -3.181907e+001 2.019429e+002 6.132031e+001
      vertex   -3.165804e+001 2.080429e+002 6.107571e+001
    endloop
  endfacet
  facet normal 8.352499e-001 0.000000e+000 5.498706e-001
    outer loop
      vertex   -3.181907e+001 2.019429e+002 6.132031e+001
      vertex   -3.181907e+001 1.958429e+002 6.132031e+001
      vertex   -3.165804e+001 2.019429e+002 6.107571e+001
    endloop
  endfacet
  facet normal 8.352499e-001 0.000000e+000 5.498706e-001
    outer loop
      vertex   -3.181907e+001 1.958429e+002 6.132031e+001
      vertex   -3.181907e+001 1.897429e+002 6.132031e+001
      vertex   -3.165804e+001 1.958429e+002 6.107571e+001
    endloop
  endfacet
  facet normal 8.352499e-001 0.000000e+000 5.498706e-001
    outer loop
      vertex   -3.181907e+001 1.897429e+002 6.132031e+001
      vertex   -3.181907e+001 1.836429e+002 6.132031e+001
      vertex   -3.165804e+001 1.897429e+002 6.107571e+001
    endloop
  endfacet
  facet normal 8.352499e-001 0.000000e+000 5.498706e-001
    outer loop
      vertex   -3.181907e+001 1.836429e+002 6.132031e+001
      vertex   -3.181907e+001 1.775429e+002 6.132031e+001
      vertex   -3.165804e+001 1.836429e+002 6.107571e+001
    endloop
  endfacet
  facet normal 8.352499e-001 0.000000e+000 5.498706e-001
    outer loop
      vertex   -3.181907e+001 1.775429e+002 6.132031e+001
      vertex   -3.181907e+001 1.714429e+002 6.132031e+001
      vertex   -3.165804e+001 1.775429e+002 6.107571e+001
    endloop
  endfacet
  facet normal 8.352499e-001 0.000000e+000 5.498706e-001
    outer loop
      vertex   -3.181907e+001 1.714429e+002 6.132031e+001
      vertex   -3.181907e+001 1.653429e+002 6.132031e+001
      vertex   -3.165804e+001 1.714429e+002 6.107571e+001
    endloop
  endfacet
  facet normal 8.352499e-001 0.000000e+000 5.498706e-001
    outer loop
      vertex   -3.181907e+001 1.531429e+002 6.132031e+001
      vertex   -3.165804e+001 1.592429e+002 6.107571e+001
      vertex   -3.181907e+001 1.592429e+002 6.132031e+001
    endloop
  endfacet
  facet normal 8.352499e-001 -0.000000e+000 5.498706e-001
    outer loop
      vertex   -3.181907e+001 1.348429e+002 6.132031e+001
      vertex   -3.165804e+001 1.348429e+002 6.107571e+001
      vertex   -3.165804e+001 1.409429e+002 6.107571e+001
    endloop
  endfacet
  facet normal 8.352499e-001 0.000000e+000 5.498706e-001
    outer loop
      vertex   -3.181907e+001 1.409429e+002 6.132031e+001
      vertex   -3.181907e+001 1.348429e+002 6.132031e+001
      vertex   -3.165804e+001 1.409429e+002 6.107571e+001
    endloop
  endfacet
  facet normal 8.352499e-001 -0.000000e+000 5.498706e-001
    outer loop
      vertex   -3.181907e+001 1.287429e+002 6.132031e+001
      vertex   -3.165804e+001 1.287429e+002 6.107571e+001
      vertex   -3.165804e+001 1.348429e+002 6.107571e+001
    endloop
  endfacet
  facet normal 8.352499e-001 -0.000000e+000 5.498706e-001
    outer loop
      vertex   -3.181907e+001 1.165429e+002 6.132031e+001
      vertex   -3.165804e+001 1.165429e+002 6.107571e+001
      vertex   -3.165804e+001 1.226429e+002 6.107571e+001
    endloop
  endfacet
  facet normal 8.352499e-001 0.000000e+000 5.498706e-001
    outer loop
      vertex   -3.181907e+001 1.226429e+002 6.132031e+001
      vertex   -3.181907e+001 1.165429e+002 6.132031e+001
      vertex   -3.165804e+001 1.226429e+002 6.107571e+001
    endloop
  endfacet
  facet normal 8.352499e-001 -0.000000e+000 5.498706e-001
    outer loop
      vertex   -3.181907e+001 1.104429e+002 6.132031e+001
      vertex   -3.165804e+001 1.104429e+002 6.107571e+001
      vertex   -3.165804e+001 1.165429e+002 6.107571e+001
    endloop
  endfacet
  facet normal 8.352499e-001 -0.000000e+000 5.498706e-001
    outer loop
      vertex   -3.181907e+001 9.824289e+001 6.132031e+001
      vertex   -3.165804e+001 9.824289e+001 6.107571e+001
      vertex   -3.165804e+001 1.043429e+002 6.107571e+001
    endloop
  endfacet
  facet normal 8.352499e-001 -0.000000e+000 5.498706e-001
    outer loop
      vertex   -3.181907e+001 1.043429e+002 6.132031e+001
      vertex   -3.165804e+001 1.043429e+002 6.107571e+001
      vertex   -3.165804e+001 1.104429e+002 6.107571e+001
    endloop
  endfacet
  facet normal 8.352499e-001 0.000000e+000 5.498706e-001
    outer loop
      vertex   -3.181907e+001 1.043429e+002 6.132031e+001
      vertex   -3.181907e+001 9.824289e+001 6.132031e+001
      vertex   -3.165804e+001 1.043429e+002 6.107571e+001
    endloop
  endfacet
  facet normal 7.927811e-001 0.000000e+000 6.095065e-001
    outer loop
      vertex   -3.181907e+001 1.043429e+002 6.132031e+001
      vertex   -3.199756e+001 9.824289e+001 6.155247e+001
      vertex   -3.181907e+001 9.824289e+001 6.132031e+001
    endloop
  endfacet
  facet normal 7.927811e-001 0.000000e+000 6.095065e-001
    outer loop
      vertex   -3.199756e+001 2.019429e+002 6.155247e+001
      vertex   -3.199756e+001 1.958429e+002 6.155247e+001
      vertex   -3.181907e+001 2.019429e+002 6.132031e+001
    endloop
  endfacet
  facet normal 7.927811e-001 0.000000e+000 6.095065e-001
    outer loop
      vertex   -3.199756e+001 1.958429e+002 6.155247e+001
      vertex   -3.199756e+001 1.897429e+002 6.155247e+001
      vertex   -3.181907e+001 1.958429e+002 6.132031e+001
    endloop
  endfacet
  facet normal 7.927811e-001 0.000000e+000 6.095065e-001
    outer loop
      vertex   -3.199756e+001 1.897429e+002 6.155247e+001
      vertex   -3.199756e+001 1.836429e+002 6.155247e+001
      vertex   -3.181907e+001 1.897429e+002 6.132031e+001
    endloop
  endfacet
  facet normal 7.927811e-001 0.000000e+000 6.095065e-001
    outer loop
      vertex   -3.199756e+001 1.836429e+002 6.155247e+001
      vertex   -3.199756e+001 1.775429e+002 6.155247e+001
      vertex   -3.181907e+001 1.836429e+002 6.132031e+001
    endloop
  endfacet
  facet normal 7.927811e-001 0.000000e+000 6.095065e-001
    outer loop
      vertex   -3.199756e+001 1.775429e+002 6.155247e+001
      vertex   -3.199756e+001 1.714429e+002 6.155247e+001
      vertex   -3.181907e+001 1.775429e+002 6.132031e+001
    endloop
  endfacet
  facet normal 7.927811e-001 0.000000e+000 6.095065e-001
    outer loop
      vertex   -3.199756e+001 1.714429e+002 6.155247e+001
      vertex   -3.199756e+001 1.653429e+002 6.155247e+001
      vertex   -3.181907e+001 1.714429e+002 6.132031e+001
    endloop
  endfacet
  facet normal 7.927811e-001 0.000000e+000 6.095065e-001
    outer loop
      vertex   -3.199756e+001 1.531429e+002 6.155247e+001
      vertex   -3.181907e+001 1.592429e+002 6.132031e+001
      vertex   -3.199756e+001 1.592429e+002 6.155247e+001
    endloop
  endfacet
  facet normal 7.927811e-001 -0.000000e+000 6.095065e-001
    outer loop
      vertex   -3.199756e+001 1.409429e+002 6.155247e+001
      vertex   -3.181907e+001 1.409429e+002 6.132031e+001
      vertex   -3.181907e+001 1.470429e+002 6.132031e+001
    endloop
  endfacet
  facet normal 7.927811e-001 0.000000e+000 6.095065e-001
    outer loop
      vertex   -3.199756e+001 1.470429e+002 6.155247e+001
      vertex   -3.199756e+001 1.409429e+002 6.155247e+001
      vertex   -3.181907e+001 1.470429e+002 6.132031e+001
    endloop
  endfacet
  facet normal 7.927811e-001 -0.000000e+000 6.095065e-001
    outer loop
      vertex   -3.199756e+001 1.287429e+002 6.155247e+001
      vertex   -3.181907e+001 1.287429e+002 6.132031e+001
      vertex   -3.181907e+001 1.348429e+002 6.132031e+001
    endloop
  endfacet
  facet normal 7.927811e-001 0.000000e+000 6.095065e-001
    outer loop
      vertex   -3.199756e+001 1.348429e+002 6.155247e+001
      vertex   -3.199756e+001 1.287429e+002 6.155247e+001
      vertex   -3.181907e+001 1.348429e+002 6.132031e+001
    endloop
  endfacet
  facet normal 7.927811e-001 -0.000000e+000 6.095065e-001
    outer loop
      vertex   -3.199756e+001 1.226429e+002 6.155247e+001
      vertex   -3.181907e+001 1.226429e+002 6.132031e+001
      vertex   -3.181907e+001 1.287429e+002 6.132031e+001
    endloop
  endfacet
  facet normal 7.927811e-001 -0.000000e+000 6.095065e-001
    outer loop
      vertex   -3.199756e+001 1.104429e+002 6.155247e+001
      vertex   -3.181907e+001 1.104429e+002 6.132031e+001
      vertex   -3.181907e+001 1.165429e+002 6.132031e+001
    endloop
  endfacet
  facet normal 7.927811e-001 0.000000e+000 6.095065e-001
    outer loop
      vertex   -3.199756e+001 1.165429e+002 6.155247e+001
      vertex   -3.199756e+001 1.104429e+002 6.155247e+001
      vertex   -3.181907e+001 1.165429e+002 6.132031e+001
    endloop
  endfacet
  facet normal 7.927811e-001 -0.000000e+000 6.095065e-001
    outer loop
      vertex   -3.199756e+001 1.043429e+002 6.155247e+001
      vertex   -3.181907e+001 1.043429e+002 6.132031e+001
      vertex   -3.181907e+001 1.104429e+002 6.132031e+001
    endloop
  endfacet
  facet normal 7.927811e-001 0.000000e+000 6.095065e-001
    outer loop
      vertex   -3.181907e+001 2.080429e+002 6.132031e+001
      vertex   -3.199756e+001 2.080429e+002 6.155247e+001
      vertex   -3.199756e+001 2.019429e+002 6.155247e+001
    endloop
  endfacet
  facet normal 7.460629e-001 -0.000000e+000 6.658754e-001
    outer loop
      vertex   -3.199756e+001 2.019429e+002 6.155247e+001
      vertex   -3.199756e+001 2.080429e+002 6.155247e+001
      vertex   -3.219256e+001 2.019429e+002 6.177096e+001
    endloop
  endfacet
  facet normal 6.953459e-001 -0.000000e+000 7.186753e-001
    outer loop
      vertex   -3.219256e+001 1.958429e+002 6.177096e+001
      vertex   -3.219256e+001 2.019429e+002 6.177096e+001
      vertex   -3.240303e+001 1.958429e+002 6.197459e+001
    endloop
  endfacet
  facet normal 6.409017e-001 -0.000000e+000 7.676230e-001
    outer loop
      vertex   -3.240303e+001 1.897429e+002 6.197459e+001
      vertex   -3.240303e+001 1.958429e+002 6.197459e+001
      vertex   -3.262782e+001 1.897429e+002 6.216228e+001
    endloop
  endfacet
  facet normal 5.830223e-001 -0.000000e+000 8.124562e-001
    outer loop
      vertex   -3.262782e+001 1.836429e+002 6.216228e+001
      vertex   -3.262782e+001 1.897429e+002 6.216228e+001
      vertex   -3.286575e+001 1.836429e+002 6.233302e+001
    endloop
  endfacet
  facet normal 5.220179e-001 -0.000000e+000 8.529346e-001
    outer loop
      vertex   -3.286575e+001 1.775429e+002 6.233302e+001
      vertex   -3.286575e+001 1.836429e+002 6.233302e+001
      vertex   -3.311553e+001 1.775429e+002 6.248589e+001
    endloop
  endfacet
  facet normal 4.582154e-001 -0.000000e+000 8.888412e-001
    outer loop
      vertex   -3.311553e+001 1.714429e+002 6.248589e+001
      vertex   -3.311553e+001 1.775429e+002 6.248589e+001
      vertex   -3.337583e+001 1.714429e+002 6.262008e+001
    endloop
  endfacet
  facet normal 3.919569e-001 -0.000000e+000 9.199836e-001
    outer loop
      vertex   -3.337583e+001 1.653429e+002 6.262008e+001
      vertex   -3.337583e+001 1.714429e+002 6.262008e+001
      vertex   -3.364525e+001 1.653429e+002 6.273486e+001
    endloop
  endfacet
  facet normal 3.919569e-001 0.000000e+000 9.199836e-001
    outer loop
      vertex   -3.364525e+001 1.592429e+002 6.273486e+001
      vertex   -3.337583e+001 1.653429e+002 6.262008e+001
      vertex   -3.364525e+001 1.653429e+002 6.273486e+001
    endloop
  endfacet
  facet normal 7.460629e-001 0.000000e+000 6.658754e-001
    outer loop
      vertex   -3.219256e+001 2.080429e+002 6.177096e+001
      vertex   -3.219256e+001 2.019429e+002 6.177096e+001
      vertex   -3.199756e+001 2.080429e+002 6.155247e+001
    endloop
  endfacet
  facet normal 7.460629e-001 0.000000e+000 6.658754e-001
    outer loop
      vertex   -3.219256e+001 2.019429e+002 6.177096e+001
      vertex   -3.219256e+001 1.958429e+002 6.177096e+001
      vertex   -3.199756e+001 2.019429e+002 6.155247e+001
    endloop
  endfacet
  facet normal 7.460629e-001 0.000000e+000 6.658754e-001
    outer loop
      vertex   -3.219256e+001 1.958429e+002 6.177096e+001
      vertex   -3.219256e+001 1.897429e+002 6.177096e+001
      vertex   -3.199756e+001 1.958429e+002 6.155247e+001
    endloop
  endfacet
  facet normal 7.460629e-001 0.000000e+000 6.658754e-001
    outer loop
      vertex   -3.219256e+001 1.897429e+002 6.177096e+001
      vertex   -3.219256e+001 1.836429e+002 6.177096e+001
      vertex   -3.199756e+001 1.897429e+002 6.155247e+001
    endloop
  endfacet
  facet normal 7.460629e-001 0.000000e+000 6.658754e-001
    outer loop
      vertex   -3.219256e+001 1.836429e+002 6.177096e+001
      vertex   -3.219256e+001 1.775429e+002 6.177096e+001
      vertex   -3.199756e+001 1.836429e+002 6.155247e+001
    endloop
  endfacet
  facet normal 7.460629e-001 0.000000e+000 6.658754e-001
    outer loop
      vertex   -3.219256e+001 1.775429e+002 6.177096e+001
      vertex   -3.219256e+001 1.714429e+002 6.177096e+001
      vertex   -3.199756e+001 1.775429e+002 6.155247e+001
    endloop
  endfacet
  facet normal 7.460629e-001 0.000000e+000 6.658754e-001
    outer loop
      vertex   -3.219256e+001 1.714429e+002 6.177096e+001
      vertex   -3.219256e+001 1.653429e+002 6.177096e+001
      vertex   -3.199756e+001 1.714429e+002 6.155247e+001
    endloop
  endfacet
  facet normal 7.460629e-001 0.000000e+000 6.658754e-001
    outer loop
      vertex   -3.219256e+001 1.531429e+002 6.177096e+001
      vertex   -3.199756e+001 1.592429e+002 6.155247e+001
      vertex   -3.219256e+001 1.592429e+002 6.177096e+001
    endloop
  endfacet
  facet normal 7.460629e-001 -0.000000e+000 6.658754e-001
    outer loop
      vertex   -3.219256e+001 1.348429e+002 6.177096e+001
      vertex   -3.199756e+001 1.348429e+002 6.155247e+001
      vertex   -3.199756e+001 1.409429e+002 6.155247e+001
    endloop
  endfacet
  facet normal 7.460629e-001 0.000000e+000 6.658754e-001
    outer loop
      vertex   -3.219256e+001 1.409429e+002 6.177096e+001
      vertex   -3.219256e+001 1.348429e+002 6.177096e+001
      vertex   -3.199756e+001 1.409429e+002 6.155247e+001
    endloop
  endfacet
  facet normal 7.460629e-001 -0.000000e+000 6.658754e-001
    outer loop
      vertex   -3.219256e+001 1.226429e+002 6.177096e+001
      vertex   -3.199756e+001 1.226429e+002 6.155247e+001
      vertex   -3.199756e+001 1.287429e+002 6.155247e+001
    endloop
  endfacet
  facet normal 7.460629e-001 0.000000e+000 6.658754e-001
    outer loop
      vertex   -3.219256e+001 1.287429e+002 6.177096e+001
      vertex   -3.219256e+001 1.226429e+002 6.177096e+001
      vertex   -3.199756e+001 1.287429e+002 6.155247e+001
    endloop
  endfacet
  facet normal 7.460629e-001 -0.000000e+000 6.658754e-001
    outer loop
      vertex   -3.219256e+001 1.165429e+002 6.177096e+001
      vertex   -3.199756e+001 1.165429e+002 6.155247e+001
      vertex   -3.199756e+001 1.226429e+002 6.155247e+001
    endloop
  endfacet
  facet normal 7.460629e-001 -0.000000e+000 6.658754e-001
    outer loop
      vertex   -3.219256e+001 1.043429e+002 6.177096e+001
      vertex   -3.199756e+001 1.043429e+002 6.155247e+001
      vertex   -3.199756e+001 1.104429e+002 6.155247e+001
    endloop
  endfacet
  facet normal 7.460629e-001 0.000000e+000 6.658754e-001
    outer loop
      vertex   -3.219256e+001 1.104429e+002 6.177096e+001
      vertex   -3.219256e+001 1.043429e+002 6.177096e+001
      vertex   -3.199756e+001 1.104429e+002 6.155247e+001
    endloop
  endfacet
  facet normal 7.460629e-001 -0.000000e+000 6.658754e-001
    outer loop
      vertex   -3.219256e+001 9.824289e+001 6.177096e+001
      vertex   -3.199756e+001 9.824289e+001 6.155247e+001
      vertex   -3.199756e+001 1.043429e+002 6.155247e+001
    endloop
  endfacet
  facet normal 6.953459e-001 0.000000e+000 7.186753e-001
    outer loop
      vertex   -3.240303e+001 2.080429e+002 6.197459e+001
      vertex   -3.240303e+001 2.019429e+002 6.197459e+001
      vertex   -3.219256e+001 2.080429e+002 6.177096e+001
    endloop
  endfacet
  facet normal 6.953459e-001 0.000000e+000 7.186753e-001
    outer loop
      vertex   -3.240303e+001 2.019429e+002 6.197459e+001
      vertex   -3.240303e+001 1.958429e+002 6.197459e+001
      vertex   -3.219256e+001 2.019429e+002 6.177096e+001
    endloop
  endfacet
  facet normal 6.953459e-001 0.000000e+000 7.186753e-001
    outer loop
      vertex   -3.240303e+001 1.958429e+002 6.197459e+001
      vertex   -3.240303e+001 1.897429e+002 6.197459e+001
      vertex   -3.219256e+001 1.958429e+002 6.177096e+001
    endloop
  endfacet
  facet normal 6.953459e-001 0.000000e+000 7.186753e-001
    outer loop
      vertex   -3.240303e+001 1.897429e+002 6.197459e+001
      vertex   -3.240303e+001 1.836429e+002 6.197459e+001
      vertex   -3.219256e+001 1.897429e+002 6.177096e+001
    endloop
  endfacet
  facet normal 6.953459e-001 0.000000e+000 7.186753e-001
    outer loop
      vertex   -3.240303e+001 1.836429e+002 6.197459e+001
      vertex   -3.240303e+001 1.775429e+002 6.197459e+001
      vertex   -3.219256e+001 1.836429e+002 6.177096e+001
    endloop
  endfacet
  facet normal 6.953459e-001 0.000000e+000 7.186753e-001
    outer loop
      vertex   -3.240303e+001 1.775429e+002 6.197459e+001
      vertex   -3.240303e+001 1.714429e+002 6.197459e+001
      vertex   -3.219256e+001 1.775429e+002 6.177096e+001
    endloop
  endfacet
  facet normal 6.953459e-001 0.000000e+000 7.186753e-001
    outer loop
      vertex   -3.240303e+001 1.714429e+002 6.197459e+001
      vertex   -3.240303e+001 1.653429e+002 6.197459e+001
      vertex   -3.219256e+001 1.714429e+002 6.177096e+001
    endloop
  endfacet
  facet normal 6.953459e-001 0.000000e+000 7.186753e-001
    outer loop
      vertex   -3.240303e+001 1.531429e+002 6.197459e+001
      vertex   -3.219256e+001 1.592429e+002 6.177096e+001
      vertex   -3.240303e+001 1.592429e+002 6.197459e+001
    endloop
  endfacet
  facet normal 6.953459e-001 -0.000000e+000 7.186753e-001
    outer loop
      vertex   -3.240303e+001 1.409429e+002 6.197459e+001
      vertex   -3.219256e+001 1.409429e+002 6.177096e+001
      vertex   -3.219256e+001 1.470429e+002 6.177096e+001
    endloop
  endfacet
  facet normal 6.953459e-001 -0.000000e+000 7.186753e-001
    outer loop
      vertex   -3.240303e+001 1.287429e+002 6.197459e+001
      vertex   -3.219256e+001 1.287429e+002 6.177096e+001
      vertex   -3.219256e+001 1.348429e+002 6.177096e+001
    endloop
  endfacet
  facet normal 6.953459e-001 0.000000e+000 7.186753e-001
    outer loop
      vertex   -3.240303e+001 1.348429e+002 6.197459e+001
      vertex   -3.240303e+001 1.287429e+002 6.197459e+001
      vertex   -3.219256e+001 1.348429e+002 6.177096e+001
    endloop
  endfacet
  facet normal 6.953459e-001 -0.000000e+000 7.186753e-001
    outer loop
      vertex   -3.240303e+001 1.165429e+002 6.197459e+001
      vertex   -3.219256e+001 1.165429e+002 6.177096e+001
      vertex   -3.219256e+001 1.226429e+002 6.177096e+001
    endloop
  endfacet
  facet normal 6.953459e-001 0.000000e+000 7.186753e-001
    outer loop
      vertex   -3.240303e+001 1.226429e+002 6.197459e+001
      vertex   -3.240303e+001 1.165429e+002 6.197459e+001
      vertex   -3.219256e+001 1.226429e+002 6.177096e+001
    endloop
  endfacet
  facet normal 6.953459e-001 -0.000000e+000 7.186753e-001
    outer loop
      vertex   -3.240303e+001 1.104429e+002 6.197459e+001
      vertex   -3.219256e+001 1.104429e+002 6.177096e+001
      vertex   -3.219256e+001 1.165429e+002 6.177096e+001
    endloop
  endfacet
  facet normal 6.953459e-001 -0.000000e+000 7.186753e-001
    outer loop
      vertex   -3.240303e+001 9.824289e+001 6.197459e+001
      vertex   -3.219256e+001 9.824289e+001 6.177096e+001
      vertex   -3.219256e+001 1.043429e+002 6.177096e+001
    endloop
  endfacet
  facet normal 6.953459e-001 0.000000e+000 7.186753e-001
    outer loop
      vertex   -3.240303e+001 1.043429e+002 6.197459e+001
      vertex   -3.240303e+001 9.824289e+001 6.197459e+001
      vertex   -3.219256e+001 1.043429e+002 6.177096e+001
    endloop
  endfacet
  facet normal 6.409017e-001 0.000000e+000 7.676230e-001
    outer loop
      vertex   -3.262782e+001 2.019429e+002 6.216228e+001
      vertex   -3.262782e+001 1.958429e+002 6.216228e+001
      vertex   -3.240303e+001 2.019429e+002 6.197459e+001
    endloop
  endfacet
  facet normal 6.409017e-001 0.000000e+000 7.676230e-001
    outer loop
      vertex   -3.262782e+001 1.958429e+002 6.216228e+001
      vertex   -3.262782e+001 1.897429e+002 6.216228e+001
      vertex   -3.240303e+001 1.958429e+002 6.197459e+001
    endloop
  endfacet
  facet normal 6.409017e-001 0.000000e+000 7.676230e-001
    outer loop
      vertex   -3.262782e+001 1.897429e+002 6.216228e+001
      vertex   -3.262782e+001 1.836429e+002 6.216228e+001
      vertex   -3.240303e+001 1.897429e+002 6.197459e+001
    endloop
  endfacet
  facet normal 6.409017e-001 0.000000e+000 7.676230e-001
    outer loop
      vertex   -3.262782e+001 1.836429e+002 6.216228e+001
      vertex   -3.262782e+001 1.775429e+002 6.216228e+001
      vertex   -3.240303e+001 1.836429e+002 6.197459e+001
    endloop
  endfacet
  facet normal 6.409017e-001 0.000000e+000 7.676230e-001
    outer loop
      vertex   -3.262782e+001 1.775429e+002 6.216228e+001
      vertex   -3.262782e+001 1.714429e+002 6.216228e+001
      vertex   -3.240303e+001 1.775429e+002 6.197459e+001
    endloop
  endfacet
  facet normal 6.409017e-001 0.000000e+000 7.676230e-001
    outer loop
      vertex   -3.262782e+001 1.714429e+002 6.216228e+001
      vertex   -3.262782e+001 1.653429e+002 6.216228e+001
      vertex   -3.240303e+001 1.714429e+002 6.197459e+001
    endloop
  endfacet
  facet normal 6.409017e-001 0.000000e+000 7.676230e-001
    outer loop
      vertex   -3.262782e+001 1.531429e+002 6.216228e+001
      vertex   -3.240303e+001 1.592429e+002 6.197459e+001
      vertex   -3.262782e+001 1.592429e+002 6.216228e+001
    endloop
  endfacet
  facet normal 6.409017e-001 0.000000e+000 7.676230e-001
    outer loop
      vertex   -3.262782e+001 1.470429e+002 6.216228e+001
      vertex   -3.240303e+001 1.531429e+002 6.197459e+001
      vertex   -3.262782e+001 1.531429e+002 6.216228e+001
    endloop
  endfacet
  facet normal 5.830223e-001 0.000000e+000 8.124562e-001
    outer loop
      vertex   -3.286575e+001 1.470429e+002 6.233302e+001
      vertex   -3.262782e+001 1.531429e+002 6.216228e+001
      vertex   -3.286575e+001 1.531429e+002 6.233302e+001
    endloop
  endfacet
  facet normal 5.220179e-001 0.000000e+000 8.529346e-001
    outer loop
      vertex   -3.311553e+001 1.470429e+002 6.248589e+001
      vertex   -3.286575e+001 1.531429e+002 6.233302e+001
      vertex   -3.311553e+001 1.531429e+002 6.248589e+001
    endloop
  endfacet
  facet normal 4.582154e-001 0.000000e+000 8.888412e-001
    outer loop
      vertex   -3.337583e+001 1.470429e+002 6.262008e+001
      vertex   -3.311553e+001 1.531429e+002 6.248589e+001
      vertex   -3.337583e+001 1.531429e+002 6.262008e+001
    endloop
  endfacet
  facet normal 3.919569e-001 0.000000e+000 9.199836e-001
    outer loop
      vertex   -3.364525e+001 1.470429e+002 6.273486e+001
      vertex   -3.337583e+001 1.531429e+002 6.262008e+001
      vertex   -3.364525e+001 1.531429e+002 6.273486e+001
    endloop
  endfacet
  facet normal 3.235974e-001 0.000000e+000 9.461949e-001
    outer loop
      vertex   -3.392234e+001 1.470429e+002 6.282963e+001
      vertex   -3.364525e+001 1.531429e+002 6.273486e+001
      vertex   -3.392234e+001 1.531429e+002 6.282963e+001
    endloop
  endfacet
  facet normal 2.535035e-001 0.000000e+000 9.673345e-001
    outer loop
      vertex   -3.420562e+001 1.470429e+002 6.290386e+001
      vertex   -3.392234e+001 1.531429e+002 6.282963e+001
      vertex   -3.420562e+001 1.531429e+002 6.290386e+001
    endloop
  endfacet
  facet normal 1.820508e-001 0.000000e+000 9.832891e-001
    outer loop
      vertex   -3.449358e+001 1.470429e+002 6.295718e+001
      vertex   -3.420562e+001 1.531429e+002 6.290386e+001
      vertex   -3.449358e+001 1.531429e+002 6.295718e+001
    endloop
  endfacet
  facet normal 1.096223e-001 0.000000e+000 9.939733e-001
    outer loop
      vertex   -3.478466e+001 1.470429e+002 6.298928e+001
      vertex   -3.449358e+001 1.531429e+002 6.295718e+001
      vertex   -3.478466e+001 1.531429e+002 6.298928e+001
    endloop
  endfacet
  facet normal 3.660615e-002 0.000000e+000 9.993298e-001
    outer loop
      vertex   -3.507731e+001 1.341006e+002 6.300000e+001
      vertex   -3.478466e+001 1.531429e+002 6.298928e+001
      vertex   -3.507731e+001 1.721852e+002 6.300000e+001
    endloop
  endfacet
  facet normal 3.660615e-002 -0.000000e+000 9.993298e-001
    outer loop
      vertex   -3.507731e+001 1.341006e+002 6.300000e+001
      vertex   -3.478466e+001 1.470429e+002 6.298928e+001
      vertex   -3.478466e+001 1.531429e+002 6.298928e+001
    endloop
  endfacet
  facet normal 3.660615e-002 -0.000000e+000 9.993298e-001
    outer loop
      vertex   -3.507731e+001 1.341006e+002 6.300000e+001
      vertex   -3.478466e+001 1.409429e+002 6.298928e+001
      vertex   -3.478466e+001 1.470429e+002 6.298928e+001
    endloop
  endfacet
  facet normal 3.660615e-002 -0.000000e+000 9.993298e-001
    outer loop
      vertex   -3.507731e+001 1.341006e+002 6.300000e+001
      vertex   -3.478466e+001 1.348429e+002 6.298928e+001
      vertex   -3.478466e+001 1.409429e+002 6.298928e+001
    endloop
  endfacet
  facet normal 3.660615e-002 -0.000000e+000 9.993298e-001
    outer loop
      vertex   -3.507731e+001 1.341006e+002 6.300000e+001
      vertex   -3.478466e+001 1.287429e+002 6.298928e+001
      vertex   -3.478466e+001 1.348429e+002 6.298928e+001
    endloop
  endfacet
  facet normal 3.660615e-002 -0.000000e+000 9.993298e-001
    outer loop
      vertex   -3.507731e+001 1.341006e+002 6.300000e+001
      vertex   -3.478466e+001 1.226429e+002 6.298928e+001
      vertex   -3.478466e+001 1.287429e+002 6.298928e+001
    endloop
  endfacet
  facet normal 3.660615e-002 -0.000000e+000 9.993298e-001
    outer loop
      vertex   -3.507731e+001 1.341006e+002 6.300000e+001
      vertex   -3.478466e+001 1.165429e+002 6.298928e+001
      vertex   -3.478466e+001 1.226429e+002 6.298928e+001
    endloop
  endfacet
  facet normal 1.096223e-001 0.000000e+000 9.939733e-001
    outer loop
      vertex   -3.478466e+001 1.226429e+002 6.298928e+001
      vertex   -3.478466e+001 1.165429e+002 6.298928e+001
      vertex   -3.449358e+001 1.226429e+002 6.295718e+001
    endloop
  endfacet
  facet normal 1.820508e-001 0.000000e+000 9.832891e-001
    outer loop
      vertex   -3.449358e+001 1.287429e+002 6.295718e+001
      vertex   -3.449358e+001 1.226429e+002 6.295718e+001
      vertex   -3.420562e+001 1.287429e+002 6.290386e+001
    endloop
  endfacet
  facet normal 2.535035e-001 0.000000e+000 9.673345e-001
    outer loop
      vertex   -3.420562e+001 1.348429e+002 6.290386e+001
      vertex   -3.420562e+001 1.287429e+002 6.290386e+001
      vertex   -3.392234e+001 1.348429e+002 6.282963e+001
    endloop
  endfacet
  facet normal 3.235974e-001 0.000000e+000 9.461949e-001
    outer loop
      vertex   -3.392234e+001 1.409429e+002 6.282963e+001
      vertex   -3.392234e+001 1.348429e+002 6.282963e+001
      vertex   -3.364525e+001 1.409429e+002 6.273486e+001
    endloop
  endfacet
  facet normal 3.919569e-001 0.000000e+000 9.199836e-001
    outer loop
      vertex   -3.364525e+001 1.470429e+002 6.273486e+001
      vertex   -3.364525e+001 1.409429e+002 6.273486e+001
      vertex   -3.337583e+001 1.470429e+002 6.262008e+001
    endloop
  endfacet
  facet normal 3.919569e-001 0.000000e+000 9.199836e-001
    outer loop
      vertex   -3.337583e+001 1.531429e+002 6.262008e+001
      vertex   -3.364525e+001 1.470429e+002 6.273486e+001
      vertex   -3.337583e+001 1.470429e+002 6.262008e+001
    endloop
  endfacet
  facet normal 6.409017e-001 -0.000000e+000 7.676230e-001
    outer loop
      vertex   -3.262782e+001 1.409429e+002 6.216228e+001
      vertex   -3.240303e+001 1.409429e+002 6.197459e+001
      vertex   -3.240303e+001 1.470429e+002 6.197459e+001
    endloop
  endfacet
  facet normal 6.409017e-001 0.000000e+000 7.676230e-001
    outer loop
      vertex   -3.262782e+001 1.470429e+002 6.216228e+001
      vertex   -3.262782e+001 1.409429e+002 6.216228e+001
      vertex   -3.240303e+001 1.470429e+002 6.197459e+001
    endloop
  endfacet
  facet normal 6.409017e-001 -0.000000e+000 7.676230e-001
    outer loop
      vertex   -3.262782e+001 1.348429e+002 6.216228e+001
      vertex   -3.240303e+001 1.348429e+002 6.197459e+001
      vertex   -3.240303e+001 1.409429e+002 6.197459e+001
    endloop
  endfacet
  facet normal 6.409017e-001 -0.000000e+000 7.676230e-001
    outer loop
      vertex   -3.262782e+001 1.226429e+002 6.216228e+001
      vertex   -3.240303e+001 1.226429e+002 6.197459e+001
      vertex   -3.240303e+001 1.287429e+002 6.197459e+001
    endloop
  endfacet
  facet normal 6.409017e-001 0.000000e+000 7.676230e-001
    outer loop
      vertex   -3.262782e+001 1.287429e+002 6.216228e+001
      vertex   -3.262782e+001 1.226429e+002 6.216228e+001
      vertex   -3.240303e+001 1.287429e+002 6.197459e+001
    endloop
  endfacet
  facet normal 6.409017e-001 -0.000000e+000 7.676230e-001
    outer loop
      vertex   -3.262782e+001 1.104429e+002 6.216228e+001
      vertex   -3.240303e+001 1.104429e+002 6.197459e+001
      vertex   -3.240303e+001 1.165429e+002 6.197459e+001
    endloop
  endfacet
  facet normal 6.409017e-001 0.000000e+000 7.676230e-001
    outer loop
      vertex   -3.262782e+001 1.165429e+002 6.216228e+001
      vertex   -3.262782e+001 1.104429e+002 6.216228e+001
      vertex   -3.240303e+001 1.165429e+002 6.197459e+001
    endloop
  endfacet
  facet normal 6.409017e-001 0.000000e+000 7.676230e-001
    outer loop
      vertex   -3.240303e+001 2.080429e+002 6.197459e+001
      vertex   -3.262782e+001 2.080429e+002 6.216228e+001
      vertex   -3.262782e+001 2.019429e+002 6.216228e+001
    endloop
  endfacet
  facet normal 5.830223e-001 -0.000000e+000 8.124562e-001
    outer loop
      vertex   -3.262782e+001 2.019429e+002 6.216228e+001
      vertex   -3.262782e+001 2.080429e+002 6.216228e+001
      vertex   -3.286575e+001 2.019429e+002 6.233302e+001
    endloop
  endfacet
  facet normal 5.220179e-001 -0.000000e+000 8.529346e-001
    outer loop
      vertex   -3.286575e+001 1.958429e+002 6.233302e+001
      vertex   -3.286575e+001 2.019429e+002 6.233302e+001
      vertex   -3.311553e+001 1.958429e+002 6.248589e+001
    endloop
  endfacet
  facet normal 4.582154e-001 -0.000000e+000 8.888412e-001
    outer loop
      vertex   -3.311553e+001 1.897429e+002 6.248589e+001
      vertex   -3.311553e+001 1.958429e+002 6.248589e+001
      vertex   -3.337583e+001 1.897429e+002 6.262008e+001
    endloop
  endfacet
  facet normal 3.919569e-001 -0.000000e+000 9.199836e-001
    outer loop
      vertex   -3.337583e+001 1.836429e+002 6.262008e+001
      vertex   -3.337583e+001 1.897429e+002 6.262008e+001
      vertex   -3.364525e+001 1.836429e+002 6.273486e+001
    endloop
  endfacet
  facet normal 3.235974e-001 -0.000000e+000 9.461949e-001
    outer loop
      vertex   -3.364525e+001 1.775429e+002 6.273486e+001
      vertex   -3.364525e+001 1.836429e+002 6.273486e+001
      vertex   -3.392234e+001 1.775429e+002 6.282963e+001
    endloop
  endfacet
  facet normal 2.535035e-001 -0.000000e+000 9.673345e-001
    outer loop
      vertex   -3.392234e+001 1.714429e+002 6.282963e+001
      vertex   -3.392234e+001 1.775429e+002 6.282963e+001
      vertex   -3.420562e+001 1.714429e+002 6.290386e+001
    endloop
  endfacet
  facet normal 1.820508e-001 -0.000000e+000 9.832891e-001
    outer loop
      vertex   -3.420562e+001 1.653429e+002 6.290386e+001
      vertex   -3.420562e+001 1.714429e+002 6.290386e+001
      vertex   -3.449358e+001 1.653429e+002 6.295718e+001
    endloop
  endfacet
  facet normal 1.820508e-001 0.000000e+000 9.832891e-001
    outer loop
      vertex   -3.449358e+001 1.592429e+002 6.295718e+001
      vertex   -3.420562e+001 1.653429e+002 6.290386e+001
      vertex   -3.449358e+001 1.653429e+002 6.295718e+001
    endloop
  endfacet
  facet normal 5.830223e-001 0.000000e+000 8.124562e-001
    outer loop
      vertex   -3.286575e+001 2.080429e+002 6.233302e+001
      vertex   -3.286575e+001 2.019429e+002 6.233302e+001
      vertex   -3.262782e+001 2.080429e+002 6.216228e+001
    endloop
  endfacet
  facet normal 5.830223e-001 0.000000e+000 8.124562e-001
    outer loop
      vertex   -3.286575e+001 2.019429e+002 6.233302e+001
      vertex   -3.286575e+001 1.958429e+002 6.233302e+001
      vertex   -3.262782e+001 2.019429e+002 6.216228e+001
    endloop
  endfacet
  facet normal 5.830223e-001 0.000000e+000 8.124562e-001
    outer loop
      vertex   -3.286575e+001 1.958429e+002 6.233302e+001
      vertex   -3.286575e+001 1.897429e+002 6.233302e+001
      vertex   -3.262782e+001 1.958429e+002 6.216228e+001
    endloop
  endfacet
  facet normal 5.830223e-001 0.000000e+000 8.124562e-001
    outer loop
      vertex   -3.286575e+001 1.897429e+002 6.233302e+001
      vertex   -3.286575e+001 1.836429e+002 6.233302e+001
      vertex   -3.262782e+001 1.897429e+002 6.216228e+001
    endloop
  endfacet
  facet normal 5.830223e-001 0.000000e+000 8.124562e-001
    outer loop
      vertex   -3.286575e+001 1.836429e+002 6.233302e+001
      vertex   -3.286575e+001 1.775429e+002 6.233302e+001
      vertex   -3.262782e+001 1.836429e+002 6.216228e+001
    endloop
  endfacet
  facet normal 5.830223e-001 0.000000e+000 8.124562e-001
    outer loop
      vertex   -3.286575e+001 1.775429e+002 6.233302e+001
      vertex   -3.286575e+001 1.714429e+002 6.233302e+001
      vertex   -3.262782e+001 1.775429e+002 6.216228e+001
    endloop
  endfacet
  facet normal 5.830223e-001 0.000000e+000 8.124562e-001
    outer loop
      vertex   -3.286575e+001 1.714429e+002 6.233302e+001
      vertex   -3.286575e+001 1.653429e+002 6.233302e+001
      vertex   -3.262782e+001 1.714429e+002 6.216228e+001
    endloop
  endfacet
  facet normal 5.830223e-001 0.000000e+000 8.124562e-001
    outer loop
      vertex   -3.286575e+001 1.531429e+002 6.233302e+001
      vertex   -3.262782e+001 1.592429e+002 6.216228e+001
      vertex   -3.286575e+001 1.592429e+002 6.233302e+001
    endloop
  endfacet
  facet normal 5.830223e-001 0.000000e+000 8.124562e-001
    outer loop
      vertex   -3.286575e+001 1.409429e+002 6.233302e+001
      vertex   -3.262782e+001 1.470429e+002 6.216228e+001
      vertex   -3.286575e+001 1.470429e+002 6.233302e+001
    endloop
  endfacet
  facet normal 5.220179e-001 0.000000e+000 8.529346e-001
    outer loop
      vertex   -3.311553e+001 1.409429e+002 6.248589e+001
      vertex   -3.286575e+001 1.470429e+002 6.233302e+001
      vertex   -3.311553e+001 1.470429e+002 6.248589e+001
    endloop
  endfacet
  facet normal 4.582154e-001 0.000000e+000 8.888412e-001
    outer loop
      vertex   -3.337583e+001 1.409429e+002 6.262008e+001
      vertex   -3.311553e+001 1.470429e+002 6.248589e+001
      vertex   -3.337583e+001 1.470429e+002 6.262008e+001
    endloop
  endfacet
  facet normal 3.919569e-001 -0.000000e+000 9.199836e-001
    outer loop
      vertex   -3.364525e+001 1.409429e+002 6.273486e+001
      vertex   -3.337583e+001 1.409429e+002 6.262008e+001
      vertex   -3.337583e+001 1.470429e+002 6.262008e+001
    endloop
  endfacet
  facet normal 3.919569e-001 0.000000e+000 9.199836e-001
    outer loop
      vertex   -3.364525e+001 1.409429e+002 6.273486e+001
      vertex   -3.364525e+001 1.348429e+002 6.273486e+001
      vertex   -3.337583e+001 1.409429e+002 6.262008e+001
    endloop
  endfacet
  facet normal 3.235974e-001 0.000000e+000 9.461949e-001
    outer loop
      vertex   -3.364525e+001 1.409429e+002 6.273486e+001
      vertex   -3.392234e+001 1.348429e+002 6.282963e+001
      vertex   -3.364525e+001 1.348429e+002 6.273486e+001
    endloop
  endfacet
  facet normal 3.235974e-001 0.000000e+000 9.461949e-001
    outer loop
      vertex   -3.364525e+001 1.348429e+002 6.273486e+001
      vertex   -3.392234e+001 1.348429e+002 6.282963e+001
      vertex   -3.392234e+001 1.287429e+002 6.282963e+001
    endloop
  endfacet
  facet normal 3.235974e-001 0.000000e+000 9.461949e-001
    outer loop
      vertex   -3.364525e+001 1.287429e+002 6.273486e+001
      vertex   -3.392234e+001 1.287429e+002 6.282963e+001
      vertex   -3.392234e+001 1.226429e+002 6.282963e+001
    endloop
  endfacet
  facet normal 3.235974e-001 0.000000e+000 9.461949e-001
    outer loop
      vertex   -3.364525e+001 1.226429e+002 6.273486e+001
      vertex   -3.392234e+001 1.226429e+002 6.282963e+001
      vertex   -3.392234e+001 1.165429e+002 6.282963e+001
    endloop
  endfacet
  facet normal 3.235974e-001 -0.000000e+000 9.461949e-001
    outer loop
      vertex   -3.364525e+001 1.226429e+002 6.273486e+001
      vertex   -3.364525e+001 1.287429e+002 6.273486e+001
      vertex   -3.392234e+001 1.226429e+002 6.282963e+001
    endloop
  endfacet
  facet normal 3.919569e-001 0.000000e+000 9.199836e-001
    outer loop
      vertex   -3.364525e+001 1.226429e+002 6.273486e+001
      vertex   -3.337583e+001 1.287429e+002 6.262008e+001
      vertex   -3.364525e+001 1.287429e+002 6.273486e+001
    endloop
  endfacet
  facet normal 3.919569e-001 -0.000000e+000 9.199836e-001
    outer loop
      vertex   -3.364525e+001 1.287429e+002 6.273486e+001
      vertex   -3.337583e+001 1.287429e+002 6.262008e+001
      vertex   -3.337583e+001 1.348429e+002 6.262008e+001
    endloop
  endfacet
  facet normal 3.919569e-001 -0.000000e+000 9.199836e-001
    outer loop
      vertex   -3.364525e+001 1.348429e+002 6.273486e+001
      vertex   -3.337583e+001 1.348429e+002 6.262008e+001
      vertex   -3.337583e+001 1.409429e+002 6.262008e+001
    endloop
  endfacet
  facet normal 3.919569e-001 0.000000e+000 9.199836e-001
    outer loop
      vertex   -3.364525e+001 1.348429e+002 6.273486e+001
      vertex   -3.364525e+001 1.287429e+002 6.273486e+001
      vertex   -3.337583e+001 1.348429e+002 6.262008e+001
    endloop
  endfacet
  facet normal 3.235974e-001 0.000000e+000 9.461949e-001
    outer loop
      vertex   -3.364525e+001 1.348429e+002 6.273486e+001
      vertex   -3.392234e+001 1.287429e+002 6.282963e+001
      vertex   -3.364525e+001 1.287429e+002 6.273486e+001
    endloop
  endfacet
  facet normal 5.830223e-001 -0.000000e+000 8.124562e-001
    outer loop
      vertex   -3.286575e+001 1.348429e+002 6.233302e+001
      vertex   -3.262782e+001 1.348429e+002 6.216228e+001
      vertex   -3.262782e+001 1.409429e+002 6.216228e+001
    endloop
  endfacet
  facet normal 5.830223e-001 0.000000e+000 8.124562e-001
    outer loop
      vertex   -3.286575e+001 1.409429e+002 6.233302e+001
      vertex   -3.286575e+001 1.348429e+002 6.233302e+001
      vertex   -3.262782e+001 1.409429e+002 6.216228e+001
    endloop
  endfacet
  facet normal 5.830223e-001 -0.000000e+000 8.124562e-001
    outer loop
      vertex   -3.286575e+001 1.287429e+002 6.233302e+001
      vertex   -3.262782e+001 1.287429e+002 6.216228e+001
      vertex   -3.262782e+001 1.348429e+002 6.216228e+001
    endloop
  endfacet
  facet normal 5.830223e-001 -0.000000e+000 8.124562e-001
    outer loop
      vertex   -3.286575e+001 1.165429e+002 6.233302e+001
      vertex   -3.262782e+001 1.165429e+002 6.216228e+001
      vertex   -3.262782e+001 1.226429e+002 6.216228e+001
    endloop
  endfacet
  facet normal 5.830223e-001 0.000000e+000 8.124562e-001
    outer loop
      vertex   -3.286575e+001 1.226429e+002 6.233302e+001
      vertex   -3.286575e+001 1.165429e+002 6.233302e+001
      vertex   -3.262782e+001 1.226429e+002 6.216228e+001
    endloop
  endfacet
  facet normal 5.830223e-001 -0.000000e+000 8.124562e-001
    outer loop
      vertex   -3.286575e+001 1.043429e+002 6.233302e+001
      vertex   -3.262782e+001 1.043429e+002 6.216228e+001
      vertex   -3.262782e+001 1.104429e+002 6.216228e+001
    endloop
  endfacet
  facet normal 5.830223e-001 0.000000e+000 8.124562e-001
    outer loop
      vertex   -3.286575e+001 1.104429e+002 6.233302e+001
      vertex   -3.286575e+001 1.043429e+002 6.233302e+001
      vertex   -3.262782e+001 1.104429e+002 6.216228e+001
    endloop
  endfacet
  facet normal 5.830223e-001 -0.000000e+000 8.124562e-001
    outer loop
      vertex   -3.286575e+001 1.470429e+002 6.233302e+001
      vertex   -3.262782e+001 1.470429e+002 6.216228e+001
      vertex   -3.262782e+001 1.531429e+002 6.216228e+001
    endloop
  endfacet
  facet normal 5.220179e-001 0.000000e+000 8.529346e-001
    outer loop
      vertex   -3.311553e+001 2.019429e+002 6.248589e+001
      vertex   -3.311553e+001 1.958429e+002 6.248589e+001
      vertex   -3.286575e+001 2.019429e+002 6.233302e+001
    endloop
  endfacet
  facet normal 5.220179e-001 0.000000e+000 8.529346e-001
    outer loop
      vertex   -3.311553e+001 1.958429e+002 6.248589e+001
      vertex   -3.311553e+001 1.897429e+002 6.248589e+001
      vertex   -3.286575e+001 1.958429e+002 6.233302e+001
    endloop
  endfacet
  facet normal 5.220179e-001 0.000000e+000 8.529346e-001
    outer loop
      vertex   -3.311553e+001 1.897429e+002 6.248589e+001
      vertex   -3.311553e+001 1.836429e+002 6.248589e+001
      vertex   -3.286575e+001 1.897429e+002 6.233302e+001
    endloop
  endfacet
  facet normal 5.220179e-001 0.000000e+000 8.529346e-001
    outer loop
      vertex   -3.311553e+001 1.836429e+002 6.248589e+001
      vertex   -3.311553e+001 1.775429e+002 6.248589e+001
      vertex   -3.286575e+001 1.836429e+002 6.233302e+001
    endloop
  endfacet
  facet normal 5.220179e-001 0.000000e+000 8.529346e-001
    outer loop
      vertex   -3.311553e+001 1.775429e+002 6.248589e+001
      vertex   -3.311553e+001 1.714429e+002 6.248589e+001
      vertex   -3.286575e+001 1.775429e+002 6.233302e+001
    endloop
  endfacet
  facet normal 5.220179e-001 0.000000e+000 8.529346e-001
    outer loop
      vertex   -3.311553e+001 1.714429e+002 6.248589e+001
      vertex   -3.311553e+001 1.653429e+002 6.248589e+001
      vertex   -3.286575e+001 1.714429e+002 6.233302e+001
    endloop
  endfacet
  facet normal 5.220179e-001 0.000000e+000 8.529346e-001
    outer loop
      vertex   -3.311553e+001 1.531429e+002 6.248589e+001
      vertex   -3.286575e+001 1.592429e+002 6.233302e+001
      vertex   -3.311553e+001 1.592429e+002 6.248589e+001
    endloop
  endfacet
  facet normal 5.220179e-001 -0.000000e+000 8.529346e-001
    outer loop
      vertex   -3.311553e+001 1.470429e+002 6.248589e+001
      vertex   -3.286575e+001 1.470429e+002 6.233302e+001
      vertex   -3.286575e+001 1.531429e+002 6.233302e+001
    endloop
  endfacet
  facet normal 5.220179e-001 0.000000e+000 8.529346e-001
    outer loop
      vertex   -3.311553e+001 1.348429e+002 6.248589e+001
      vertex   -3.286575e+001 1.409429e+002 6.233302e+001
      vertex   -3.311553e+001 1.409429e+002 6.248589e+001
    endloop
  endfacet
  facet normal 4.582154e-001 0.000000e+000 8.888412e-001
    outer loop
      vertex   -3.337583e+001 1.348429e+002 6.262008e+001
      vertex   -3.311553e+001 1.409429e+002 6.248589e+001
      vertex   -3.337583e+001 1.409429e+002 6.262008e+001
    endloop
  endfacet
  facet normal 4.582154e-001 -0.000000e+000 8.888412e-001
    outer loop
      vertex   -3.337583e+001 1.348429e+002 6.262008e+001
      vertex   -3.311553e+001 1.348429e+002 6.248589e+001
      vertex   -3.311553e+001 1.409429e+002 6.248589e+001
    endloop
  endfacet
  facet normal 4.582154e-001 0.000000e+000 8.888412e-001
    outer loop
      vertex   -3.337583e+001 1.348429e+002 6.262008e+001
      vertex   -3.337583e+001 1.287429e+002 6.262008e+001
      vertex   -3.311553e+001 1.348429e+002 6.248589e+001
    endloop
  endfacet
  facet normal 5.220179e-001 -0.000000e+000 8.529346e-001
    outer loop
      vertex   -3.311553e+001 1.287429e+002 6.248589e+001
      vertex   -3.286575e+001 1.287429e+002 6.233302e+001
      vertex   -3.286575e+001 1.348429e+002 6.233302e+001
    endloop
  endfacet
  facet normal 5.220179e-001 0.000000e+000 8.529346e-001
    outer loop
      vertex   -3.311553e+001 1.348429e+002 6.248589e+001
      vertex   -3.311553e+001 1.287429e+002 6.248589e+001
      vertex   -3.286575e+001 1.348429e+002 6.233302e+001
    endloop
  endfacet
  facet normal 5.220179e-001 -0.000000e+000 8.529346e-001
    outer loop
      vertex   -3.311553e+001 1.226429e+002 6.248589e+001
      vertex   -3.286575e+001 1.226429e+002 6.233302e+001
      vertex   -3.286575e+001 1.287429e+002 6.233302e+001
    endloop
  endfacet
  facet normal 5.220179e-001 -0.000000e+000 8.529346e-001
    outer loop
      vertex   -3.311553e+001 1.104429e+002 6.248589e+001
      vertex   -3.286575e+001 1.104429e+002 6.233302e+001
      vertex   -3.286575e+001 1.165429e+002 6.233302e+001
    endloop
  endfacet
  facet normal 5.220179e-001 0.000000e+000 8.529346e-001
    outer loop
      vertex   -3.311553e+001 1.165429e+002 6.248589e+001
      vertex   -3.311553e+001 1.104429e+002 6.248589e+001
      vertex   -3.286575e+001 1.165429e+002 6.233302e+001
    endloop
  endfacet
  facet normal 5.220179e-001 -0.000000e+000 8.529346e-001
    outer loop
      vertex   -3.311553e+001 1.409429e+002 6.248589e+001
      vertex   -3.286575e+001 1.409429e+002 6.233302e+001
      vertex   -3.286575e+001 1.470429e+002 6.233302e+001
    endloop
  endfacet
  facet normal 5.220179e-001 0.000000e+000 8.529346e-001
    outer loop
      vertex   -3.286575e+001 2.080429e+002 6.233302e+001
      vertex   -3.311553e+001 2.080429e+002 6.248589e+001
      vertex   -3.311553e+001 2.019429e+002 6.248589e+001
    endloop
  endfacet
  facet normal 4.582154e-001 -0.000000e+000 8.888412e-001
    outer loop
      vertex   -3.311553e+001 2.019429e+002 6.248589e+001
      vertex   -3.311553e+001 2.080429e+002 6.248589e+001
      vertex   -3.337583e+001 2.019429e+002 6.262008e+001
    endloop
  endfacet
  facet normal 3.919569e-001 -0.000000e+000 9.199836e-001
    outer loop
      vertex   -3.337583e+001 1.958429e+002 6.262008e+001
      vertex   -3.337583e+001 2.019429e+002 6.262008e+001
      vertex   -3.364525e+001 1.958429e+002 6.273486e+001
    endloop
  endfacet
  facet normal 3.235974e-001 -0.000000e+000 9.461949e-001
    outer loop
      vertex   -3.364525e+001 1.897429e+002 6.273486e+001
      vertex   -3.364525e+001 1.958429e+002 6.273486e+001
      vertex   -3.392234e+001 1.897429e+002 6.282963e+001
    endloop
  endfacet
  facet normal 2.535035e-001 -0.000000e+000 9.673345e-001
    outer loop
      vertex   -3.392234e+001 1.836429e+002 6.282963e+001
      vertex   -3.392234e+001 1.897429e+002 6.282963e+001
      vertex   -3.420562e+001 1.836429e+002 6.290386e+001
    endloop
  endfacet
  facet normal 1.820508e-001 -0.000000e+000 9.832891e-001
    outer loop
      vertex   -3.420562e+001 1.775429e+002 6.290386e+001
      vertex   -3.420562e+001 1.836429e+002 6.290386e+001
      vertex   -3.449358e+001 1.775429e+002 6.295718e+001
    endloop
  endfacet
  facet normal 1.096223e-001 -0.000000e+000 9.939733e-001
    outer loop
      vertex   -3.449358e+001 1.714429e+002 6.295718e+001
      vertex   -3.449358e+001 1.775429e+002 6.295718e+001
      vertex   -3.478466e+001 1.714429e+002 6.298928e+001
    endloop
  endfacet
  facet normal 3.660615e-002 -0.000000e+000 9.993298e-001
    outer loop
      vertex   -3.478466e+001 1.653429e+002 6.298928e+001
      vertex   -3.478466e+001 1.714429e+002 6.298928e+001
      vertex   -3.507731e+001 1.721852e+002 6.300000e+001
    endloop
  endfacet
  facet normal 1.096223e-001 0.000000e+000 9.939733e-001
    outer loop
      vertex   -3.478466e+001 1.653429e+002 6.298928e+001
      vertex   -3.449358e+001 1.714429e+002 6.295718e+001
      vertex   -3.478466e+001 1.714429e+002 6.298928e+001
    endloop
  endfacet
  facet normal 4.582154e-001 0.000000e+000 8.888412e-001
    outer loop
      vertex   -3.337583e+001 2.080429e+002 6.262008e+001
      vertex   -3.337583e+001 2.019429e+002 6.262008e+001
      vertex   -3.311553e+001 2.080429e+002 6.248589e+001
    endloop
  endfacet
  facet normal 4.582154e-001 0.000000e+000 8.888412e-001
    outer loop
      vertex   -3.337583e+001 2.019429e+002 6.262008e+001
      vertex   -3.337583e+001 1.958429e+002 6.262008e+001
      vertex   -3.311553e+001 2.019429e+002 6.248589e+001
    endloop
  endfacet
  facet normal 4.582154e-001 0.000000e+000 8.888412e-001
    outer loop
      vertex   -3.337583e+001 1.958429e+002 6.262008e+001
      vertex   -3.337583e+001 1.897429e+002 6.262008e+001
      vertex   -3.311553e+001 1.958429e+002 6.248589e+001
    endloop
  endfacet
  facet normal 4.582154e-001 0.000000e+000 8.888412e-001
    outer loop
      vertex   -3.337583e+001 1.897429e+002 6.262008e+001
      vertex   -3.337583e+001 1.836429e+002 6.262008e+001
      vertex   -3.311553e+001 1.897429e+002 6.248589e+001
    endloop
  endfacet
  facet normal 4.582154e-001 0.000000e+000 8.888412e-001
    outer loop
      vertex   -3.337583e+001 1.836429e+002 6.262008e+001
      vertex   -3.337583e+001 1.775429e+002 6.262008e+001
      vertex   -3.311553e+001 1.836429e+002 6.248589e+001
    endloop
  endfacet
  facet normal 4.582154e-001 0.000000e+000 8.888412e-001
    outer loop
      vertex   -3.337583e+001 1.775429e+002 6.262008e+001
      vertex   -3.337583e+001 1.714429e+002 6.262008e+001
      vertex   -3.311553e+001 1.775429e+002 6.248589e+001
    endloop
  endfacet
  facet normal 4.582154e-001 0.000000e+000 8.888412e-001
    outer loop
      vertex   -3.337583e+001 1.714429e+002 6.262008e+001
      vertex   -3.337583e+001 1.653429e+002 6.262008e+001
      vertex   -3.311553e+001 1.714429e+002 6.248589e+001
    endloop
  endfacet
  facet normal 4.582154e-001 0.000000e+000 8.888412e-001
    outer loop
      vertex   -3.337583e+001 1.531429e+002 6.262008e+001
      vertex   -3.311553e+001 1.592429e+002 6.248589e+001
      vertex   -3.337583e+001 1.592429e+002 6.262008e+001
    endloop
  endfacet
  facet normal 4.582154e-001 -0.000000e+000 8.888412e-001
    outer loop
      vertex   -3.337583e+001 1.470429e+002 6.262008e+001
      vertex   -3.311553e+001 1.470429e+002 6.248589e+001
      vertex   -3.311553e+001 1.531429e+002 6.248589e+001
    endloop
  endfacet
  facet normal 4.582154e-001 -0.000000e+000 8.888412e-001
    outer loop
      vertex   -3.337583e+001 1.409429e+002 6.262008e+001
      vertex   -3.311553e+001 1.409429e+002 6.248589e+001
      vertex   -3.311553e+001 1.470429e+002 6.248589e+001
    endloop
  endfacet
  facet normal 4.582154e-001 -0.000000e+000 8.888412e-001
    outer loop
      vertex   -3.337583e+001 1.226429e+002 6.262008e+001
      vertex   -3.311553e+001 1.226429e+002 6.248589e+001
      vertex   -3.311553e+001 1.287429e+002 6.248589e+001
    endloop
  endfacet
  facet normal 4.582154e-001 0.000000e+000 8.888412e-001
    outer loop
      vertex   -3.337583e+001 1.287429e+002 6.262008e+001
      vertex   -3.337583e+001 1.226429e+002 6.262008e+001
      vertex   -3.311553e+001 1.287429e+002 6.248589e+001
    endloop
  endfacet
  facet normal 4.582154e-001 -0.000000e+000 8.888412e-001
    outer loop
      vertex   -3.337583e+001 1.165429e+002 6.262008e+001
      vertex   -3.311553e+001 1.165429e+002 6.248589e+001
      vertex   -3.311553e+001 1.226429e+002 6.248589e+001
    endloop
  endfacet
  facet normal 4.582154e-001 -0.000000e+000 8.888412e-001
    outer loop
      vertex   -3.337583e+001 1.043429e+002 6.262008e+001
      vertex   -3.311553e+001 1.043429e+002 6.248589e+001
      vertex   -3.311553e+001 1.104429e+002 6.248589e+001
    endloop
  endfacet
  facet normal 4.582154e-001 0.000000e+000 8.888412e-001
    outer loop
      vertex   -3.337583e+001 1.104429e+002 6.262008e+001
      vertex   -3.337583e+001 1.043429e+002 6.262008e+001
      vertex   -3.311553e+001 1.104429e+002 6.248589e+001
    endloop
  endfacet
  facet normal 3.919569e-001 0.000000e+000 9.199836e-001
    outer loop
      vertex   -3.364525e+001 2.080429e+002 6.273486e+001
      vertex   -3.364525e+001 2.019429e+002 6.273486e+001
      vertex   -3.337583e+001 2.080429e+002 6.262008e+001
    endloop
  endfacet
  facet normal 3.919569e-001 0.000000e+000 9.199836e-001
    outer loop
      vertex   -3.364525e+001 2.019429e+002 6.273486e+001
      vertex   -3.364525e+001 1.958429e+002 6.273486e+001
      vertex   -3.337583e+001 2.019429e+002 6.262008e+001
    endloop
  endfacet
  facet normal 3.919569e-001 0.000000e+000 9.199836e-001
    outer loop
      vertex   -3.364525e+001 1.958429e+002 6.273486e+001
      vertex   -3.364525e+001 1.897429e+002 6.273486e+001
      vertex   -3.337583e+001 1.958429e+002 6.262008e+001
    endloop
  endfacet
  facet normal 3.919569e-001 0.000000e+000 9.199836e-001
    outer loop
      vertex   -3.364525e+001 1.897429e+002 6.273486e+001
      vertex   -3.364525e+001 1.836429e+002 6.273486e+001
      vertex   -3.337583e+001 1.897429e+002 6.262008e+001
    endloop
  endfacet
  facet normal 3.919569e-001 0.000000e+000 9.199836e-001
    outer loop
      vertex   -3.364525e+001 1.836429e+002 6.273486e+001
      vertex   -3.364525e+001 1.775429e+002 6.273486e+001
      vertex   -3.337583e+001 1.836429e+002 6.262008e+001
    endloop
  endfacet
  facet normal 3.919569e-001 0.000000e+000 9.199836e-001
    outer loop
      vertex   -3.364525e+001 1.775429e+002 6.273486e+001
      vertex   -3.364525e+001 1.714429e+002 6.273486e+001
      vertex   -3.337583e+001 1.775429e+002 6.262008e+001
    endloop
  endfacet
  facet normal 3.919569e-001 0.000000e+000 9.199836e-001
    outer loop
      vertex   -3.364525e+001 1.714429e+002 6.273486e+001
      vertex   -3.364525e+001 1.653429e+002 6.273486e+001
      vertex   -3.337583e+001 1.714429e+002 6.262008e+001
    endloop
  endfacet
  facet normal 3.919569e-001 0.000000e+000 9.199836e-001
    outer loop
      vertex   -3.364525e+001 1.531429e+002 6.273486e+001
      vertex   -3.337583e+001 1.592429e+002 6.262008e+001
      vertex   -3.364525e+001 1.592429e+002 6.273486e+001
    endloop
  endfacet
  facet normal 3.919569e-001 -0.000000e+000 9.199836e-001
    outer loop
      vertex   -3.364525e+001 1.165429e+002 6.273486e+001
      vertex   -3.337583e+001 1.165429e+002 6.262008e+001
      vertex   -3.337583e+001 1.226429e+002 6.262008e+001
    endloop
  endfacet
  facet normal 3.919569e-001 0.000000e+000 9.199836e-001
    outer loop
      vertex   -3.364525e+001 1.226429e+002 6.273486e+001
      vertex   -3.364525e+001 1.165429e+002 6.273486e+001
      vertex   -3.337583e+001 1.226429e+002 6.262008e+001
    endloop
  endfacet
  facet normal 3.919569e-001 -0.000000e+000 9.199836e-001
    outer loop
      vertex   -3.364525e+001 1.104429e+002 6.273486e+001
      vertex   -3.337583e+001 1.104429e+002 6.262008e+001
      vertex   -3.337583e+001 1.165429e+002 6.262008e+001
    endloop
  endfacet
  facet normal 3.235974e-001 0.000000e+000 9.461949e-001
    outer loop
      vertex   -3.392234e+001 2.080429e+002 6.282963e+001
      vertex   -3.392234e+001 2.019429e+002 6.282963e+001
      vertex   -3.364525e+001 2.080429e+002 6.273486e+001
    endloop
  endfacet
  facet normal 3.235974e-001 0.000000e+000 9.461949e-001
    outer loop
      vertex   -3.392234e+001 1.897429e+002 6.282963e+001
      vertex   -3.364525e+001 1.958429e+002 6.273486e+001
      vertex   -3.392234e+001 1.958429e+002 6.282963e+001
    endloop
  endfacet
  facet normal 3.235974e-001 0.000000e+000 9.461949e-001
    outer loop
      vertex   -3.392234e+001 1.836429e+002 6.282963e+001
      vertex   -3.364525e+001 1.897429e+002 6.273486e+001
      vertex   -3.392234e+001 1.897429e+002 6.282963e+001
    endloop
  endfacet
  facet normal 3.235974e-001 0.000000e+000 9.461949e-001
    outer loop
      vertex   -3.392234e+001 1.775429e+002 6.282963e+001
      vertex   -3.364525e+001 1.836429e+002 6.273486e+001
      vertex   -3.392234e+001 1.836429e+002 6.282963e+001
    endloop
  endfacet
  facet normal 3.235974e-001 0.000000e+000 9.461949e-001
    outer loop
      vertex   -3.392234e+001 1.714429e+002 6.282963e+001
      vertex   -3.364525e+001 1.775429e+002 6.273486e+001
      vertex   -3.392234e+001 1.775429e+002 6.282963e+001
    endloop
  endfacet
  facet normal 3.235974e-001 0.000000e+000 9.461949e-001
    outer loop
      vertex   -3.392234e+001 1.653429e+002 6.282963e+001
      vertex   -3.364525e+001 1.714429e+002 6.273486e+001
      vertex   -3.392234e+001 1.714429e+002 6.282963e+001
    endloop
  endfacet
  facet normal 3.235974e-001 0.000000e+000 9.461949e-001
    outer loop
      vertex   -3.392234e+001 1.531429e+002 6.282963e+001
      vertex   -3.364525e+001 1.592429e+002 6.273486e+001
      vertex   -3.392234e+001 1.592429e+002 6.282963e+001
    endloop
  endfacet
  facet normal 3.235974e-001 -0.000000e+000 9.461949e-001
    outer loop
      vertex   -3.392234e+001 1.409429e+002 6.282963e+001
      vertex   -3.364525e+001 1.409429e+002 6.273486e+001
      vertex   -3.364525e+001 1.470429e+002 6.273486e+001
    endloop
  endfacet
  facet normal 3.235974e-001 -0.000000e+000 9.461949e-001
    outer loop
      vertex   -3.392234e+001 1.470429e+002 6.282963e+001
      vertex   -3.364525e+001 1.470429e+002 6.273486e+001
      vertex   -3.364525e+001 1.531429e+002 6.273486e+001
    endloop
  endfacet
  facet normal 3.235974e-001 0.000000e+000 9.461949e-001
    outer loop
      vertex   -3.392234e+001 1.470429e+002 6.282963e+001
      vertex   -3.392234e+001 1.409429e+002 6.282963e+001
      vertex   -3.364525e+001 1.470429e+002 6.273486e+001
    endloop
  endfacet
  facet normal 2.535035e-001 0.000000e+000 9.673345e-001
    outer loop
      vertex   -3.392234e+001 1.470429e+002 6.282963e+001
      vertex   -3.420562e+001 1.409429e+002 6.290386e+001
      vertex   -3.392234e+001 1.409429e+002 6.282963e+001
    endloop
  endfacet
  facet normal 2.535035e-001 0.000000e+000 9.673345e-001
    outer loop
      vertex   -3.392234e+001 1.470429e+002 6.282963e+001
      vertex   -3.420562e+001 1.470429e+002 6.290386e+001
      vertex   -3.420562e+001 1.409429e+002 6.290386e+001
    endloop
  endfacet
  facet normal 2.535035e-001 -0.000000e+000 9.673345e-001
    outer loop
      vertex   -3.392234e+001 1.470429e+002 6.282963e+001
      vertex   -3.392234e+001 1.531429e+002 6.282963e+001
      vertex   -3.420562e+001 1.470429e+002 6.290386e+001
    endloop
  endfacet
  facet normal 3.235974e-001 -0.000000e+000 9.461949e-001
    outer loop
      vertex   -3.392234e+001 1.104429e+002 6.282963e+001
      vertex   -3.364525e+001 1.104429e+002 6.273486e+001
      vertex   -3.364525e+001 1.165429e+002 6.273486e+001
    endloop
  endfacet
  facet normal 3.235974e-001 0.000000e+000 9.461949e-001
    outer loop
      vertex   -3.392234e+001 1.165429e+002 6.282963e+001
      vertex   -3.392234e+001 1.104429e+002 6.282963e+001
      vertex   -3.364525e+001 1.165429e+002 6.273486e+001
    endloop
  endfacet
  facet normal 3.235974e-001 -0.000000e+000 9.461949e-001
    outer loop
      vertex   -3.392234e+001 1.043429e+002 6.282963e+001
      vertex   -3.364525e+001 1.043429e+002 6.273486e+001
      vertex   -3.364525e+001 1.104429e+002 6.273486e+001
    endloop
  endfacet
  facet normal 2.535035e-001 0.000000e+000 9.673345e-001
    outer loop
      vertex   -3.420562e+001 1.958429e+002 6.290386e+001
      vertex   -3.392234e+001 2.019429e+002 6.282963e+001
      vertex   -3.420562e+001 2.019429e+002 6.290386e+001
    endloop
  endfacet
  facet normal 1.820508e-001 0.000000e+000 9.832891e-001
    outer loop
      vertex   -3.449358e+001 1.958429e+002 6.295718e+001
      vertex   -3.420562e+001 2.019429e+002 6.290386e+001
      vertex   -3.449358e+001 2.019429e+002 6.295718e+001
    endloop
  endfacet
  facet normal 1.820508e-001 -0.000000e+000 9.832891e-001
    outer loop
      vertex   -3.449358e+001 1.958429e+002 6.295718e+001
      vertex   -3.420562e+001 1.958429e+002 6.290386e+001
      vertex   -3.420562e+001 2.019429e+002 6.290386e+001
    endloop
  endfacet
  facet normal 1.820508e-001 0.000000e+000 9.832891e-001
    outer loop
      vertex   -3.449358e+001 1.958429e+002 6.295718e+001
      vertex   -3.449358e+001 1.897429e+002 6.295718e+001
      vertex   -3.420562e+001 1.958429e+002 6.290386e+001
    endloop
  endfacet
  facet normal 1.096223e-001 0.000000e+000 9.939733e-001
    outer loop
      vertex   -3.449358e+001 1.958429e+002 6.295718e+001
      vertex   -3.478466e+001 1.897429e+002 6.298928e+001
      vertex   -3.449358e+001 1.897429e+002 6.295718e+001
    endloop
  endfacet
  facet normal 1.096223e-001 0.000000e+000 9.939733e-001
    outer loop
      vertex   -3.449358e+001 1.897429e+002 6.295718e+001
      vertex   -3.478466e+001 1.897429e+002 6.298928e+001
      vertex   -3.478466e+001 1.836429e+002 6.298928e+001
    endloop
  endfacet
  facet normal 2.535035e-001 0.000000e+000 9.673345e-001
    outer loop
      vertex   -3.420562e+001 1.836429e+002 6.290386e+001
      vertex   -3.392234e+001 1.897429e+002 6.282963e+001
      vertex   -3.420562e+001 1.897429e+002 6.290386e+001
    endloop
  endfacet
  facet normal 2.535035e-001 0.000000e+000 9.673345e-001
    outer loop
      vertex   -3.420562e+001 1.775429e+002 6.290386e+001
      vertex   -3.392234e+001 1.836429e+002 6.282963e+001
      vertex   -3.420562e+001 1.836429e+002 6.290386e+001
    endloop
  endfacet
  facet normal 2.535035e-001 0.000000e+000 9.673345e-001
    outer loop
      vertex   -3.420562e+001 1.714429e+002 6.290386e+001
      vertex   -3.392234e+001 1.775429e+002 6.282963e+001
      vertex   -3.420562e+001 1.775429e+002 6.290386e+001
    endloop
  endfacet
  facet normal 2.535035e-001 0.000000e+000 9.673345e-001
    outer loop
      vertex   -3.420562e+001 1.653429e+002 6.290386e+001
      vertex   -3.392234e+001 1.714429e+002 6.282963e+001
      vertex   -3.420562e+001 1.714429e+002 6.290386e+001
    endloop
  endfacet
  facet normal 2.535035e-001 0.000000e+000 9.673345e-001
    outer loop
      vertex   -3.420562e+001 1.531429e+002 6.290386e+001
      vertex   -3.392234e+001 1.592429e+002 6.282963e+001
      vertex   -3.420562e+001 1.592429e+002 6.290386e+001
    endloop
  endfacet
  facet normal 2.535035e-001 -0.000000e+000 9.673345e-001
    outer loop
      vertex   -3.420562e+001 1.348429e+002 6.290386e+001
      vertex   -3.392234e+001 1.348429e+002 6.282963e+001
      vertex   -3.392234e+001 1.409429e+002 6.282963e+001
    endloop
  endfacet
  facet normal 2.535035e-001 0.000000e+000 9.673345e-001
    outer loop
      vertex   -3.420562e+001 1.409429e+002 6.290386e+001
      vertex   -3.420562e+001 1.348429e+002 6.290386e+001
      vertex   -3.392234e+001 1.409429e+002 6.282963e+001
    endloop
  endfacet
  facet normal 1.820508e-001 0.000000e+000 9.832891e-001
    outer loop
      vertex   -3.420562e+001 1.409429e+002 6.290386e+001
      vertex   -3.449358e+001 1.348429e+002 6.295718e+001
      vertex   -3.420562e+001 1.348429e+002 6.290386e+001
    endloop
  endfacet
  facet normal 1.820508e-001 0.000000e+000 9.832891e-001
    outer loop
      vertex   -3.420562e+001 1.409429e+002 6.290386e+001
      vertex   -3.449358e+001 1.409429e+002 6.295718e+001
      vertex   -3.449358e+001 1.348429e+002 6.295718e+001
    endloop
  endfacet
  facet normal 1.820508e-001 -0.000000e+000 9.832891e-001
    outer loop
      vertex   -3.420562e+001 1.409429e+002 6.290386e+001
      vertex   -3.420562e+001 1.470429e+002 6.290386e+001
      vertex   -3.449358e+001 1.409429e+002 6.295718e+001
    endloop
  endfacet
  facet normal 1.820508e-001 0.000000e+000 9.832891e-001
    outer loop
      vertex   -3.449358e+001 1.409429e+002 6.295718e+001
      vertex   -3.420562e+001 1.470429e+002 6.290386e+001
      vertex   -3.449358e+001 1.470429e+002 6.295718e+001
    endloop
  endfacet
  facet normal 1.096223e-001 0.000000e+000 9.939733e-001
    outer loop
      vertex   -3.478466e+001 1.409429e+002 6.298928e+001
      vertex   -3.449358e+001 1.470429e+002 6.295718e+001
      vertex   -3.478466e+001 1.470429e+002 6.298928e+001
    endloop
  endfacet
  facet normal 1.096223e-001 -0.000000e+000 9.939733e-001
    outer loop
      vertex   -3.478466e+001 1.409429e+002 6.298928e+001
      vertex   -3.449358e+001 1.409429e+002 6.295718e+001
      vertex   -3.449358e+001 1.470429e+002 6.295718e+001
    endloop
  endfacet
  facet normal 1.096223e-001 0.000000e+000 9.939733e-001
    outer loop
      vertex   -3.478466e+001 1.409429e+002 6.298928e+001
      vertex   -3.478466e+001 1.348429e+002 6.298928e+001
      vertex   -3.449358e+001 1.409429e+002 6.295718e+001
    endloop
  endfacet
  facet normal 1.096223e-001 0.000000e+000 9.939733e-001
    outer loop
      vertex   -3.449358e+001 1.409429e+002 6.295718e+001
      vertex   -3.478466e+001 1.348429e+002 6.298928e+001
      vertex   -3.449358e+001 1.348429e+002 6.295718e+001
    endloop
  endfacet
  facet normal 1.096223e-001 0.000000e+000 9.939733e-001
    outer loop
      vertex   -3.449358e+001 1.348429e+002 6.295718e+001
      vertex   -3.478466e+001 1.348429e+002 6.298928e+001
      vertex   -3.478466e+001 1.287429e+002 6.298928e+001
    endloop
  endfacet
  facet normal 1.096223e-001 0.000000e+000 9.939733e-001
    outer loop
      vertex   -3.449358e+001 1.287429e+002 6.295718e+001
      vertex   -3.478466e+001 1.287429e+002 6.298928e+001
      vertex   -3.478466e+001 1.226429e+002 6.298928e+001
    endloop
  endfacet
  facet normal 1.096223e-001 -0.000000e+000 9.939733e-001
    outer loop
      vertex   -3.449358e+001 1.226429e+002 6.295718e+001
      vertex   -3.449358e+001 1.287429e+002 6.295718e+001
      vertex   -3.478466e+001 1.226429e+002 6.298928e+001
    endloop
  endfacet
  facet normal 2.535035e-001 0.000000e+000 9.673345e-001
    outer loop
      vertex   -3.392234e+001 1.348429e+002 6.282963e+001
      vertex   -3.420562e+001 1.287429e+002 6.290386e+001
      vertex   -3.392234e+001 1.287429e+002 6.282963e+001
    endloop
  endfacet
  facet normal 2.535035e-001 0.000000e+000 9.673345e-001
    outer loop
      vertex   -3.392234e+001 1.287429e+002 6.282963e+001
      vertex   -3.420562e+001 1.287429e+002 6.290386e+001
      vertex   -3.420562e+001 1.226429e+002 6.290386e+001
    endloop
  endfacet
  facet normal 2.535035e-001 0.000000e+000 9.673345e-001
    outer loop
      vertex   -3.392234e+001 1.226429e+002 6.282963e+001
      vertex   -3.420562e+001 1.226429e+002 6.290386e+001
      vertex   -3.420562e+001 1.165429e+002 6.290386e+001
    endloop
  endfacet
  facet normal 2.535035e-001 0.000000e+000 9.673345e-001
    outer loop
      vertex   -3.392234e+001 1.165429e+002 6.282963e+001
      vertex   -3.420562e+001 1.165429e+002 6.290386e+001
      vertex   -3.420562e+001 1.104429e+002 6.290386e+001
    endloop
  endfacet
  facet normal 2.535035e-001 -0.000000e+000 9.673345e-001
    outer loop
      vertex   -3.392234e+001 1.165429e+002 6.282963e+001
      vertex   -3.392234e+001 1.226429e+002 6.282963e+001
      vertex   -3.420562e+001 1.165429e+002 6.290386e+001
    endloop
  endfacet
  facet normal 2.535035e-001 -0.000000e+000 9.673345e-001
    outer loop
      vertex   -3.392234e+001 1.226429e+002 6.282963e+001
      vertex   -3.392234e+001 1.287429e+002 6.282963e+001
      vertex   -3.420562e+001 1.226429e+002 6.290386e+001
    endloop
  endfacet
  facet normal 2.535035e-001 -0.000000e+000 9.673345e-001
    outer loop
      vertex   -3.420562e+001 1.043429e+002 6.290386e+001
      vertex   -3.392234e+001 1.043429e+002 6.282963e+001
      vertex   -3.392234e+001 1.104429e+002 6.282963e+001
    endloop
  endfacet
  facet normal 2.535035e-001 0.000000e+000 9.673345e-001
    outer loop
      vertex   -3.420562e+001 1.104429e+002 6.290386e+001
      vertex   -3.420562e+001 1.043429e+002 6.290386e+001
      vertex   -3.392234e+001 1.104429e+002 6.282963e+001
    endloop
  endfacet
  facet normal 2.535035e-001 -0.000000e+000 9.673345e-001
    outer loop
      vertex   -3.420562e+001 9.824289e+001 6.290386e+001
      vertex   -3.392234e+001 9.824289e+001 6.282963e+001
      vertex   -3.392234e+001 1.043429e+002 6.282963e+001
    endloop
  endfacet
  facet normal 1.820508e-001 0.000000e+000 9.832891e-001
    outer loop
      vertex   -3.449358e+001 1.775429e+002 6.295718e+001
      vertex   -3.420562e+001 1.836429e+002 6.290386e+001
      vertex   -3.449358e+001 1.836429e+002 6.295718e+001
    endloop
  endfacet
  facet normal 1.820508e-001 0.000000e+000 9.832891e-001
    outer loop
      vertex   -3.449358e+001 1.714429e+002 6.295718e+001
      vertex   -3.420562e+001 1.775429e+002 6.290386e+001
      vertex   -3.449358e+001 1.775429e+002 6.295718e+001
    endloop
  endfacet
  facet normal 1.820508e-001 0.000000e+000 9.832891e-001
    outer loop
      vertex   -3.449358e+001 1.653429e+002 6.295718e+001
      vertex   -3.420562e+001 1.714429e+002 6.290386e+001
      vertex   -3.449358e+001 1.714429e+002 6.295718e+001
    endloop
  endfacet
  facet normal 1.820508e-001 0.000000e+000 9.832891e-001
    outer loop
      vertex   -3.449358e+001 1.531429e+002 6.295718e+001
      vertex   -3.420562e+001 1.592429e+002 6.290386e+001
      vertex   -3.449358e+001 1.592429e+002 6.295718e+001
    endloop
  endfacet
  facet normal 1.820508e-001 -0.000000e+000 9.832891e-001
    outer loop
      vertex   -3.449358e+001 1.470429e+002 6.295718e+001
      vertex   -3.420562e+001 1.470429e+002 6.290386e+001
      vertex   -3.420562e+001 1.531429e+002 6.290386e+001
    endloop
  endfacet
  facet normal 1.820508e-001 -0.000000e+000 9.832891e-001
    outer loop
      vertex   -3.449358e+001 1.287429e+002 6.295718e+001
      vertex   -3.420562e+001 1.287429e+002 6.290386e+001
      vertex   -3.420562e+001 1.348429e+002 6.290386e+001
    endloop
  endfacet
  facet normal 1.820508e-001 0.000000e+000 9.832891e-001
    outer loop
      vertex   -3.449358e+001 1.348429e+002 6.295718e+001
      vertex   -3.449358e+001 1.287429e+002 6.295718e+001
      vertex   -3.420562e+001 1.348429e+002 6.290386e+001
    endloop
  endfacet
  facet normal 1.096223e-001 0.000000e+000 9.939733e-001
    outer loop
      vertex   -3.449358e+001 1.348429e+002 6.295718e+001
      vertex   -3.478466e+001 1.287429e+002 6.298928e+001
      vertex   -3.449358e+001 1.287429e+002 6.295718e+001
    endloop
  endfacet
  facet normal 1.820508e-001 0.000000e+000 9.832891e-001
    outer loop
      vertex   -3.420562e+001 1.287429e+002 6.290386e+001
      vertex   -3.449358e+001 1.226429e+002 6.295718e+001
      vertex   -3.420562e+001 1.226429e+002 6.290386e+001
    endloop
  endfacet
  facet normal 1.820508e-001 0.000000e+000 9.832891e-001
    outer loop
      vertex   -3.420562e+001 1.226429e+002 6.290386e+001
      vertex   -3.449358e+001 1.226429e+002 6.295718e+001
      vertex   -3.449358e+001 1.165429e+002 6.295718e+001
    endloop
  endfacet
  facet normal 1.820508e-001 0.000000e+000 9.832891e-001
    outer loop
      vertex   -3.420562e+001 1.165429e+002 6.290386e+001
      vertex   -3.449358e+001 1.165429e+002 6.295718e+001
      vertex   -3.449358e+001 1.104429e+002 6.295718e+001
    endloop
  endfacet
  facet normal 1.820508e-001 0.000000e+000 9.832891e-001
    outer loop
      vertex   -3.420562e+001 1.104429e+002 6.290386e+001
      vertex   -3.449358e+001 1.104429e+002 6.295718e+001
      vertex   -3.449358e+001 1.043429e+002 6.295718e+001
    endloop
  endfacet
  facet normal 1.820508e-001 -0.000000e+000 9.832891e-001
    outer loop
      vertex   -3.420562e+001 1.104429e+002 6.290386e+001
      vertex   -3.420562e+001 1.165429e+002 6.290386e+001
      vertex   -3.449358e+001 1.104429e+002 6.295718e+001
    endloop
  endfacet
  facet normal 1.820508e-001 -0.000000e+000 9.832891e-001
    outer loop
      vertex   -3.420562e+001 1.165429e+002 6.290386e+001
      vertex   -3.420562e+001 1.226429e+002 6.290386e+001
      vertex   -3.449358e+001 1.165429e+002 6.295718e+001
    endloop
  endfacet
  facet normal 1.096223e-001 0.000000e+000 9.939733e-001
    outer loop
      vertex   -3.478466e+001 2.080429e+002 6.298928e+001
      vertex   -3.478466e+001 2.019429e+002 6.298928e+001
      vertex   -3.449358e+001 2.080429e+002 6.295718e+001
    endloop
  endfacet
  facet normal 1.096223e-001 0.000000e+000 9.939733e-001
    outer loop
      vertex   -3.478466e+001 1.775429e+002 6.298928e+001
      vertex   -3.449358e+001 1.836429e+002 6.295718e+001
      vertex   -3.478466e+001 1.836429e+002 6.298928e+001
    endloop
  endfacet
  facet normal 3.660615e-002 -0.000000e+000 9.993298e-001
    outer loop
      vertex   -3.507731e+001 1.721852e+002 6.300000e+001
      vertex   -3.478466e+001 1.775429e+002 6.298928e+001
      vertex   -3.478466e+001 1.836429e+002 6.298928e+001
    endloop
  endfacet
  facet normal 1.096223e-001 0.000000e+000 9.939733e-001
    outer loop
      vertex   -3.478466e+001 1.714429e+002 6.298928e+001
      vertex   -3.449358e+001 1.775429e+002 6.295718e+001
      vertex   -3.478466e+001 1.775429e+002 6.298928e+001
    endloop
  endfacet
  facet normal 1.096223e-001 0.000000e+000 9.939733e-001
    outer loop
      vertex   -3.478466e+001 1.531429e+002 6.298928e+001
      vertex   -3.449358e+001 1.592429e+002 6.295718e+001
      vertex   -3.478466e+001 1.592429e+002 6.298928e+001
    endloop
  endfacet
  facet normal 1.096223e-001 -0.000000e+000 9.939733e-001
    outer loop
      vertex   -3.478466e+001 1.470429e+002 6.298928e+001
      vertex   -3.449358e+001 1.470429e+002 6.295718e+001
      vertex   -3.449358e+001 1.531429e+002 6.295718e+001
    endloop
  endfacet
  facet normal 1.096223e-001 0.000000e+000 9.939733e-001
    outer loop
      vertex   -3.449358e+001 1.226429e+002 6.295718e+001
      vertex   -3.478466e+001 1.165429e+002 6.298928e+001
      vertex   -3.449358e+001 1.165429e+002 6.295718e+001
    endloop
  endfacet
  facet normal 1.096223e-001 0.000000e+000 9.939733e-001
    outer loop
      vertex   -3.449358e+001 1.165429e+002 6.295718e+001
      vertex   -3.478466e+001 1.165429e+002 6.298928e+001
      vertex   -3.478466e+001 1.104429e+002 6.298928e+001
    endloop
  endfacet
  facet normal 1.096223e-001 0.000000e+000 9.939733e-001
    outer loop
      vertex   -3.449358e+001 1.104429e+002 6.295718e+001
      vertex   -3.478466e+001 1.104429e+002 6.298928e+001
      vertex   -3.478466e+001 1.043429e+002 6.298928e+001
    endloop
  endfacet
  facet normal 1.096223e-001 0.000000e+000 9.939733e-001
    outer loop
      vertex   -3.449358e+001 1.043429e+002 6.295718e+001
      vertex   -3.478466e+001 1.043429e+002 6.298928e+001
      vertex   -3.478466e+001 9.824289e+001 6.298928e+001
    endloop
  endfacet
  facet normal 1.096223e-001 -0.000000e+000 9.939733e-001
    outer loop
      vertex   -3.449358e+001 1.043429e+002 6.295718e+001
      vertex   -3.449358e+001 1.104429e+002 6.295718e+001
      vertex   -3.478466e+001 1.043429e+002 6.298928e+001
    endloop
  endfacet
  facet normal 1.096223e-001 -0.000000e+000 9.939733e-001
    outer loop
      vertex   -3.449358e+001 1.104429e+002 6.295718e+001
      vertex   -3.449358e+001 1.165429e+002 6.295718e+001
      vertex   -3.478466e+001 1.104429e+002 6.298928e+001
    endloop
  endfacet
  facet normal -1.000000e+000 1.418826e-016 0.000000e+000
    outer loop
      vertex   -4.210266e+001 1.030812e+002 5.500000e+001
      vertex   -4.210266e+001 1.030812e+002 6.000000e+001
      vertex   -4.210266e+001 1.531608e+002 5.500000e+001
    endloop
  endfacet
  facet normal -1.000000e+000 1.418826e-016 8.065094e-031
    outer loop
      vertex   -4.210266e+001 1.531608e+002 5.500000e+001
      vertex   -4.210266e+001 1.030812e+002 6.000000e+001
      vertex   -4.210266e+001 1.531608e+002 6.000000e+001
    endloop
  endfacet
  facet normal -1.000000e+000 1.418826e-016 0.000000e+000
    outer loop
      vertex   -4.210266e+001 2.032404e+002 5.500000e+001
      vertex   -4.210266e+001 1.531608e+002 6.000000e+001
      vertex   -4.210266e+001 2.032404e+002 6.000000e+001
    endloop
  endfacet
  facet normal -1.000000e+000 1.418826e-016 8.065094e-031
    outer loop
      vertex   -4.210266e+001 2.032404e+002 5.500000e+001
      vertex   -4.210266e+001 1.531608e+002 5.500000e+001
      vertex   -4.210266e+001 1.531608e+002 6.000000e+001
    endloop
  endfacet
  facet normal 1.000000e+000 -1.414015e-016 0.000000e+000
    outer loop
      vertex   -3.710266e+001 2.032404e+002 5.500000e+001
      vertex   -3.710266e+001 2.032404e+002 6.000000e+001
      vertex   -3.710266e+001 1.529904e+002 5.500000e+001
    endloop
  endfacet
  facet normal 1.000000e+000 -1.414015e-016 -8.037747e-031
    outer loop
      vertex   -3.710266e+001 1.529904e+002 5.500000e+001
      vertex   -3.710266e+001 2.032404e+002 6.000000e+001
      vertex   -3.710266e+001 1.529904e+002 6.000000e+001
    endloop
  endfacet
  facet normal 1.000000e+000 -1.414015e-016 0.000000e+000
    outer loop
      vertex   -3.710266e+001 1.027404e+002 5.500000e+001
      vertex   -3.710266e+001 1.529904e+002 6.000000e+001
      vertex   -3.710266e+001 1.027404e+002 6.000000e+001
    endloop
  endfacet
  facet normal 1.000000e+000 -1.414015e-016 -8.037747e-031
    outer loop
      vertex   -3.710266e+001 1.027404e+002 5.500000e+001
      vertex   -3.710266e+001 1.529904e+002 5.500000e+001
      vertex   -3.710266e+001 1.529904e+002 6.000000e+001
    endloop
  endfacet
  facet normal -0.000000e+000 1.000000e+000 0.000000e+000
    outer loop
      vertex   -4.210266e+001 2.032404e+002 5.500000e+001
      vertex   -4.210266e+001 2.032404e+002 6.000000e+001
      vertex   -3.710266e+001 2.032404e+002 5.500000e+001
    endloop
  endfacet
  facet normal 0.000000e+000 1.000000e+000 -0.000000e+000
    outer loop
      vertex   -3.710266e+001 2.032404e+002 5.500000e+001
      vertex   -4.210266e+001 2.032404e+002 6.000000e+001
      vertex   -3.710266e+001 2.032404e+002 6.000000e+001
    endloop
  endfacet
  facet normal 0.000000e+000 -1.000000e+000 0.000000e+000
    outer loop
      vertex   -3.710429e+001 1.027404e+002 6.000000e+001
      vertex   -3.710429e+001 1.027404e+002 5.500000e+001
      vertex   -3.710266e+001 1.027404e+002 6.000000e+001
    endloop
  endfacet
  facet normal 0.000000e+000 -1.000000e+000 -0.000000e+000
    outer loop
      vertex   -3.710266e+001 1.027404e+002 6.000000e+001
      vertex   -3.710429e+001 1.027404e+002 5.500000e+001
      vertex   -3.710266e+001 1.027404e+002 5.500000e+001
    endloop
  endfacet
  facet normal 0.000000e+000 1.000000e+000 0.000000e+000
    outer loop
      vertex   -3.710429e+001 1.030432e+002 5.500000e+001
      vertex   -3.710429e+001 1.030432e+002 -1.776357e-014
      vertex   -4.210429e+001 1.030432e+002 5.500000e+001
    endloop
  endfacet
  facet normal 0.000000e+000 1.000000e+000 0.000000e+000
    outer loop
      vertex   -4.210429e+001 1.030432e+002 5.500000e+001
      vertex   -3.710429e+001 1.030432e+002 -1.776357e-014
      vertex   -4.210429e+001 1.030432e+002 -1.776357e-014
    endloop
  endfacet
  facet normal 1.000000e+000 0.000000e+000 -1.291896e-016
    outer loop
      vertex   -3.710429e+001 1.030432e+002 5.500000e+001
      vertex   -3.710429e+001 1.027404e+002 5.500000e+001
      vertex   -3.710429e+001 1.030432e+002 -1.776357e-014
    endloop
  endfacet
  facet normal 1.000000e+000 6.680175e-016 -1.255113e-016
    outer loop
      vertex   -3.710429e+001 1.030432e+002 -1.776357e-014
      vertex   -3.710429e+001 1.027404e+002 5.500000e+001
      vertex   -3.710429e+001 9.804323e+001 3.000000e+001
    endloop
  endfacet
  facet normal 1.000000e+000 0.000000e+000 -2.368476e-016
    outer loop
      vertex   -3.710429e+001 9.804323e+001 -1.776357e-014
      vertex   -3.710429e+001 1.030432e+002 -1.776357e-014
      vertex   -3.710429e+001 9.804323e+001 3.000000e+001
    endloop
  endfacet
  facet normal 1.000000e+000 0.000000e+000 0.000000e+000
    outer loop
      vertex   -3.710429e+001 1.027404e+002 6.000000e+001
      vertex   -3.710429e+001 9.804323e+001 6.000000e+001
      vertex   -3.710429e+001 1.027404e+002 5.500000e+001
    endloop
  endfacet
  facet normal 1.000000e+000 0.000000e+000 0.000000e+000
    outer loop
      vertex   -3.710429e+001 1.027404e+002 5.500000e+001
      vertex   -3.710429e+001 9.804323e+001 6.000000e+001
      vertex   -3.710429e+001 9.804323e+001 3.000000e+001
    endloop
  endfacet
  facet normal -0.000000e+000 -1.000000e+000 0.000000e+000
    outer loop
      vertex   -8.930387e+001 1.025971e+002 5.500000e+001
      vertex   -8.930387e+001 1.025971e+002 6.000000e+001
      vertex   -8.931454e+001 1.025971e+002 5.500000e+001
    endloop
  endfacet
  facet normal 0.000000e+000 -1.000000e+000 0.000000e+000
    outer loop
      vertex   -8.931454e+001 1.025971e+002 5.500000e+001
      vertex   -8.930387e+001 1.025971e+002 6.000000e+001
      vertex   -8.931454e+001 1.025971e+002 6.000000e+001
    endloop
  endfacet
  facet normal 1.000000e+000 -5.675157e-016 0.000000e+000
    outer loop
      vertex   -8.431454e+001 1.030812e+002 6.000000e+001
      vertex   -8.431454e+001 1.030812e+002 5.500000e+001
      vertex   -8.431454e+001 1.531621e+002 6.000000e+001
    endloop
  endfacet
  facet normal 1.000000e+000 -5.675157e-016 0.000000e+000
    outer loop
      vertex   -8.431454e+001 1.531621e+002 6.000000e+001
      vertex   -8.431454e+001 1.030812e+002 5.500000e+001
      vertex   -8.431454e+001 1.531621e+002 5.500000e+001
    endloop
  endfacet
  facet normal 1.000000e+000 -2.837579e-016 0.000000e+000
    outer loop
      vertex   -8.431454e+001 2.032430e+002 6.000000e+001
      vertex   -8.431454e+001 1.531621e+002 5.500000e+001
      vertex   -8.431454e+001 2.032430e+002 5.500000e+001
    endloop
  endfacet
  facet normal 1.000000e+000 -2.837579e-016 0.000000e+000
    outer loop
      vertex   -8.431454e+001 2.032430e+002 6.000000e+001
      vertex   -8.431454e+001 1.531621e+002 6.000000e+001
      vertex   -8.431454e+001 1.531621e+002 5.500000e+001
    endloop
  endfacet
  facet normal 0.000000e+000 1.000000e+000 0.000000e+000
    outer loop
      vertex   -8.930474e+001 2.035971e+002 6.000000e+001
      vertex   -8.930474e+001 2.035971e+002 5.500000e+001
      vertex   -8.931454e+001 2.035971e+002 6.000000e+001
    endloop
  endfacet
  facet normal 0.000000e+000 1.000000e+000 0.000000e+000
    outer loop
      vertex   -8.931454e+001 2.035971e+002 6.000000e+001
      vertex   -8.930474e+001 2.035971e+002 5.500000e+001
      vertex   -8.931454e+001 2.035971e+002 5.500000e+001
    endloop
  endfacet
  facet normal -1.000000e+000 5.628061e-016 0.000000e+000
    outer loop
      vertex   -8.931454e+001 1.025971e+002 5.500000e+001
      vertex   -8.931454e+001 1.025971e+002 6.000000e+001
      vertex   -8.931454e+001 1.530971e+002 5.500000e+001
    endloop
  endfacet
  facet normal -1.000000e+000 5.628061e-016 0.000000e+000
    outer loop
      vertex   -8.931454e+001 1.530971e+002 5.500000e+001
      vertex   -8.931454e+001 1.025971e+002 6.000000e+001
      vertex   -8.931454e+001 1.530971e+002 6.000000e+001
    endloop
  endfacet
  facet normal -1.000000e+000 2.814031e-016 0.000000e+000
    outer loop
      vertex   -8.931454e+001 2.035971e+002 5.500000e+001
      vertex   -8.931454e+001 1.530971e+002 6.000000e+001
      vertex   -8.931454e+001 2.035971e+002 6.000000e+001
    endloop
  endfacet
  facet normal -1.000000e+000 2.814031e-016 0.000000e+000
    outer loop
      vertex   -8.931454e+001 2.035971e+002 5.500000e+001
      vertex   -8.931454e+001 1.530971e+002 5.500000e+001
      vertex   -8.931454e+001 1.530971e+002 6.000000e+001
    endloop
  endfacet
  facet normal 0.000000e+000 1.000000e+000 0.000000e+000
    outer loop
      vertex   -8.430387e+001 1.030425e+002 5.500000e+001
      vertex   -8.430387e+001 1.030425e+002 0.000000e+000
      vertex   -8.930387e+001 1.030425e+002 5.500000e+001
    endloop
  endfacet
  facet normal 0.000000e+000 1.000000e+000 0.000000e+000
    outer loop
      vertex   -8.930387e+001 1.030425e+002 5.500000e+001
      vertex   -8.430387e+001 1.030425e+002 0.000000e+000
      vertex   -8.930387e+001 1.030425e+002 0.000000e+000
    endloop
  endfacet
  facet normal -2.842171e-015 -3.744989e-013 -1.000000e+000
    outer loop
      vertex   -4.210429e+001 1.030432e+002 5.500000e+001
      vertex   -4.210266e+001 1.030812e+002 5.500000e+001
      vertex   -3.710429e+001 1.030432e+002 5.500000e+001
    endloop
  endfacet
  facet normal -1.619849e-016 -3.746139e-013 -1.000000e+000
    outer loop
      vertex   -4.210429e+001 1.030432e+002 5.500000e+001
      vertex   -8.430387e+001 1.030425e+002 5.500000e+001
      vertex   -4.210266e+001 1.030812e+002 5.500000e+001
    endloop
  endfacet
  facet normal -1.683767e-016 -0.000000e+000 -1.000000e+000
    outer loop
      vertex   -4.210429e+001 1.030432e+002 5.500000e+001
      vertex   -4.210429e+001 9.808116e+001 5.500000e+001
      vertex   -8.430387e+001 1.030425e+002 5.500000e+001
    endloop
  endfacet
  facet normal -1.683767e-016 0.000000e+000 -1.000000e+000
    outer loop
      vertex   -8.430387e+001 1.030425e+002 5.500000e+001
      vertex   -4.210429e+001 9.808116e+001 5.500000e+001
      vertex   -8.430387e+001 9.808116e+001 5.500000e+001
    endloop
  endfacet
  facet normal -5.049831e-016 -1.393558e-016 -1.000000e+000
    outer loop
      vertex   -4.210266e+001 1.030812e+002 5.500000e+001
      vertex   -8.430387e+001 1.030425e+002 5.500000e+001
      vertex   -8.431454e+001 1.030812e+002 5.500000e+001
    endloop
  endfacet
  facet normal -0.000000e+000 -0.000000e+000 -1.000000e+000
    outer loop
      vertex   -8.431454e+001 1.030812e+002 5.500000e+001
      vertex   -8.430387e+001 1.030425e+002 5.500000e+001
      vertex   -8.930387e+001 1.030425e+002 5.500000e+001
    endloop
  endfacet
  facet normal 0.000000e+000 -0.000000e+000 -1.000000e+000
    outer loop
      vertex   -8.931454e+001 1.530971e+002 5.500000e+001
      vertex   -8.930387e+001 1.030425e+002 5.500000e+001
      vertex   -8.931454e+001 1.025971e+002 5.500000e+001
    endloop
  endfacet
  facet normal 0.000000e+000 -0.000000e+000 -1.000000e+000
    outer loop
      vertex   -8.931454e+001 1.530971e+002 5.500000e+001
      vertex   -8.431454e+001 1.030812e+002 5.500000e+001
      vertex   -8.930387e+001 1.030425e+002 5.500000e+001
    endloop
  endfacet
  facet normal 0.000000e+000 -0.000000e+000 -1.000000e+000
    outer loop
      vertex   -8.931454e+001 1.530971e+002 5.500000e+001
      vertex   -8.431454e+001 1.531621e+002 5.500000e+001
      vertex   -8.431454e+001 1.030812e+002 5.500000e+001
    endloop
  endfacet
  facet normal 0.000000e+000 0.000000e+000 -1.000000e+000
    outer loop
      vertex   -8.931454e+001 1.530971e+002 5.500000e+001
      vertex   -8.930474e+001 2.032430e+002 5.500000e+001
      vertex   -8.431454e+001 1.531621e+002 5.500000e+001
    endloop
  endfacet
  facet normal 0.000000e+000 0.000000e+000 -1.000000e+000
    outer loop
      vertex   -8.931454e+001 1.530971e+002 5.500000e+001
      vertex   -8.931454e+001 2.035971e+002 5.500000e+001
      vertex   -8.930474e+001 2.032430e+002 5.500000e+001
    endloop
  endfacet
  facet normal 0.000000e+000 0.000000e+000 -1.000000e+000
    outer loop
      vertex   -8.930474e+001 2.032430e+002 5.500000e+001
      vertex   -8.931454e+001 2.035971e+002 5.500000e+001
      vertex   -8.930474e+001 2.035971e+002 5.500000e+001
    endloop
  endfacet
  facet normal -0.000000e+000 -0.000000e+000 -1.000000e+000
    outer loop
      vertex   -8.930387e+001 1.030425e+002 5.500000e+001
      vertex   -8.930387e+001 1.025971e+002 5.500000e+001
      vertex   -8.931454e+001 1.025971e+002 5.500000e+001
    endloop
  endfacet
  facet normal 0.000000e+000 -0.000000e+000 -1.000000e+000
    outer loop
      vertex   -8.930474e+001 2.032430e+002 5.500000e+001
      vertex   -8.431454e+001 2.032430e+002 5.500000e+001
      vertex   -8.431454e+001 1.531621e+002 5.500000e+001
    endloop
  endfacet
  facet normal 0.000000e+000 0.000000e+000 -1.000000e+000
    outer loop
      vertex   -3.710429e+001 1.030432e+002 5.500000e+001
      vertex   -4.210266e+001 1.030812e+002 5.500000e+001
      vertex   -3.710266e+001 1.529904e+002 5.500000e+001
    endloop
  endfacet
  facet normal 0.000000e+000 0.000000e+000 -1.000000e+000
    outer loop
      vertex   -3.710266e+001 1.027404e+002 5.500000e+001
      vertex   -3.710429e+001 1.030432e+002 5.500000e+001
      vertex   -3.710266e+001 1.529904e+002 5.500000e+001
    endloop
  endfacet
  facet normal 0.000000e+000 0.000000e+000 -1.000000e+000
    outer loop
      vertex   -3.710266e+001 1.027404e+002 5.500000e+001
      vertex   -3.710429e+001 1.027404e+002 5.500000e+001
      vertex   -3.710429e+001 1.030432e+002 5.500000e+001
    endloop
  endfacet
  facet normal 0.000000e+000 -0.000000e+000 -1.000000e+000
    outer loop
      vertex   -4.210266e+001 2.032404e+002 5.500000e+001
      vertex   -3.710266e+001 2.032404e+002 5.500000e+001
      vertex   -4.210266e+001 1.531608e+002 5.500000e+001
    endloop
  endfacet
  facet normal 0.000000e+000 -0.000000e+000 -1.000000e+000
    outer loop
      vertex   -4.210266e+001 1.531608e+002 5.500000e+001
      vertex   -3.710266e+001 2.032404e+002 5.500000e+001
      vertex   -3.710266e+001 1.529904e+002 5.500000e+001
    endloop
  endfacet
  facet normal 0.000000e+000 0.000000e+000 -1.000000e+000
    outer loop
      vertex   -4.210266e+001 1.030812e+002 5.500000e+001
      vertex   -4.210266e+001 1.531608e+002 5.500000e+001
      vertex   -3.710266e+001 1.529904e+002 5.500000e+001
    endloop
  endfacet
  facet normal 0.000000e+000 1.000000e+000 0.000000e+000
    outer loop
      vertex   -4.210266e+001 1.030812e+002 6.000000e+001
      vertex   -4.210266e+001 1.030812e+002 5.500000e+001
      vertex   -8.431454e+001 1.030812e+002 6.000000e+001
    endloop
  endfacet
  facet normal 0.000000e+000 1.000000e+000 0.000000e+000
    outer loop
      vertex   -8.431454e+001 1.030812e+002 6.000000e+001
      vertex   -4.210266e+001 1.030812e+002 5.500000e+001
      vertex   -8.431454e+001 1.030812e+002 5.500000e+001
    endloop
  endfacet
  facet normal -1.000000e+000 0.000000e+000 -0.000000e+000
    outer loop
      vertex   -8.930474e+001 2.032430e+002 5.500000e+001
      vertex   -8.930474e+001 2.035971e+002 5.500000e+001
      vertex   -8.930474e+001 2.032430e+002 0.000000e+000
    endloop
  endfacet
  facet normal -1.000000e+000 0.000000e+000 0.000000e+000
    outer loop
      vertex   -8.930474e+001 2.032430e+002 0.000000e+000
      vertex   -8.930474e+001 2.035971e+002 5.500000e+001
      vertex   -8.930474e+001 2.082430e+002 3.000000e+001
    endloop
  endfacet
  facet normal -1.000000e+000 0.000000e+000 0.000000e+000
    outer loop
      vertex   -8.930474e+001 2.082430e+002 0.000000e+000
      vertex   -8.930474e+001 2.032430e+002 0.000000e+000
      vertex   -8.930474e+001 2.082430e+002 3.000000e+001
    endloop
  endfacet
  facet normal -1.000000e+000 0.000000e+000 -0.000000e+000
    outer loop
      vertex   -8.930474e+001 2.035971e+002 6.000000e+001
      vertex   -8.930474e+001 2.082430e+002 6.000000e+001
      vertex   -8.930474e+001 2.035971e+002 5.500000e+001
    endloop
  endfacet
  facet normal -1.000000e+000 0.000000e+000 0.000000e+000
    outer loop
      vertex   -8.930474e+001 2.035971e+002 5.500000e+001
      vertex   -8.930474e+001 2.082430e+002 6.000000e+001
      vertex   -8.930474e+001 2.082430e+002 3.000000e+001
    endloop
  endfacet
  facet normal 0.000000e+000 -1.000000e+000 0.000000e+000
    outer loop
      vertex   -8.430387e+001 9.808116e+001 6.000000e+001
      vertex   -8.430387e+001 9.808116e+001 5.500000e+001
      vertex   -4.210429e+001 9.808116e+001 6.000000e+001
    endloop
  endfacet
  facet normal 0.000000e+000 -1.000000e+000 -0.000000e+000
    outer loop
      vertex   -4.210429e+001 9.808116e+001 6.000000e+001
      vertex   -8.430387e+001 9.808116e+001 5.500000e+001
      vertex   -4.210429e+001 9.808116e+001 5.500000e+001
    endloop
  endfacet
  facet normal 1.000000e+000 1.291896e-015 -2.583792e-016
    outer loop
      vertex   -8.430387e+001 1.030425e+002 0.000000e+000
      vertex   -8.430387e+001 1.030425e+002 5.500000e+001
      vertex   -8.430387e+001 9.804251e+001 3.000000e+001
    endloop
  endfacet
  facet normal 1.000000e+000 0.000000e+000 -4.736952e-016
    outer loop
      vertex   -8.430387e+001 9.804251e+001 0.000000e+000
      vertex   -8.430387e+001 1.030425e+002 0.000000e+000
      vertex   -8.430387e+001 9.804251e+001 3.000000e+001
    endloop
  endfacet
  facet normal 1.000000e+000 0.000000e+000 0.000000e+000
    outer loop
      vertex   -8.430387e+001 9.808116e+001 6.000000e+001
      vertex   -8.430387e+001 9.804251e+001 6.000000e+001
      vertex   -8.430387e+001 9.808116e+001 5.500000e+001
    endloop
  endfacet
  facet normal 1.000000e+000 0.000000e+000 0.000000e+000
    outer loop
      vertex   -8.430387e+001 9.808116e+001 5.500000e+001
      vertex   -8.430387e+001 9.804251e+001 6.000000e+001
      vertex   -8.430387e+001 9.804251e+001 3.000000e+001
    endloop
  endfacet
  facet normal 1.000000e+000 0.000000e+000 0.000000e+000
    outer loop
      vertex   -8.430387e+001 1.030425e+002 5.500000e+001
      vertex   -8.430387e+001 9.808116e+001 5.500000e+001
      vertex   -8.430387e+001 9.804251e+001 3.000000e+001
    endloop
  endfacet
  facet normal 0.000000e+000 0.000000e+000 -1.000000e+000
    outer loop
      vertex   -4.156354e+001 2.082433e+002 5.500000e+001
      vertex   -4.210429e+001 2.082433e+002 5.500000e+001
      vertex   -4.156354e+001 2.082670e+002 5.500000e+001
    endloop
  endfacet
  facet normal -1.652425e-016 3.769214e-015 -1.000000e+000
    outer loop
      vertex   -4.156354e+001 2.082670e+002 5.500000e+001
      vertex   -4.210429e+001 2.082433e+002 5.500000e+001
      vertex   -8.456354e+001 2.082670e+002 5.500000e+001
    endloop
  endfacet
  facet normal -1.683598e-016 -1.813936e-015 -1.000000e+000
    outer loop
      vertex   -8.456354e+001 2.082670e+002 5.500000e+001
      vertex   -4.210429e+001 2.082433e+002 5.500000e+001
      vertex   -8.430474e+001 2.082430e+002 5.500000e+001
    endloop
  endfacet
  facet normal 0.000000e+000 0.000000e+000 -1.000000e+000
    outer loop
      vertex   -8.456354e+001 2.082430e+002 5.500000e+001
      vertex   -8.456354e+001 2.082670e+002 5.500000e+001
      vertex   -8.430474e+001 2.082430e+002 5.500000e+001
    endloop
  endfacet
  facet normal -1.683733e-016 -0.000000e+000 -1.000000e+000
    outer loop
      vertex   -4.210429e+001 2.082433e+002 5.500000e+001
      vertex   -4.210429e+001 2.032670e+002 5.500000e+001
      vertex   -8.430474e+001 2.082430e+002 5.500000e+001
    endloop
  endfacet
  facet normal -1.683733e-016 0.000000e+000 -1.000000e+000
    outer loop
      vertex   -8.430474e+001 2.082430e+002 5.500000e+001
      vertex   -4.210429e+001 2.032670e+002 5.500000e+001
      vertex   -8.430474e+001 2.032670e+002 5.500000e+001
    endloop
  endfacet
  facet normal -1.000000e+000 0.000000e+000 0.000000e+000
    outer loop
      vertex   -8.456354e+001 2.082430e+002 5.500000e+001
      vertex   -8.456354e+001 2.082430e+002 6.000000e+001
      vertex   -8.456354e+001 2.082670e+002 5.500000e+001
    endloop
  endfacet
  facet normal -1.000000e+000 0.000000e+000 0.000000e+000
    outer loop
      vertex   -8.456354e+001 2.082670e+002 5.500000e+001
      vertex   -8.456354e+001 2.082430e+002 6.000000e+001
      vertex   -8.456354e+001 2.082670e+002 6.000000e+001
    endloop
  endfacet
  facet normal -0.000000e+000 -1.000000e+000 0.000000e+000
    outer loop
      vertex   -4.210429e+001 2.032670e+002 5.500000e+001
      vertex   -4.210429e+001 2.032670e+002 6.000000e+001
      vertex   -8.430474e+001 2.032670e+002 5.500000e+001
    endloop
  endfacet
  facet normal 0.000000e+000 -1.000000e+000 0.000000e+000
    outer loop
      vertex   -8.430474e+001 2.032670e+002 5.500000e+001
      vertex   -4.210429e+001 2.032670e+002 6.000000e+001
      vertex   -8.430474e+001 2.032670e+002 6.000000e+001
    endloop
  endfacet
  facet normal 1.000000e+000 -0.000000e+000 0.000000e+000
    outer loop
      vertex   -4.156354e+001 2.082433e+002 6.000000e+001
      vertex   -4.156354e+001 2.082433e+002 5.500000e+001
      vertex   -4.156354e+001 2.082670e+002 6.000000e+001
    endloop
  endfacet
  facet normal 1.000000e+000 -0.000000e+000 0.000000e+000
    outer loop
      vertex   -4.156354e+001 2.082670e+002 6.000000e+001
      vertex   -4.156354e+001 2.082433e+002 5.500000e+001
      vertex   -4.156354e+001 2.082670e+002 5.500000e+001
    endloop
  endfacet
  facet normal -0.000000e+000 1.000000e+000 0.000000e+000
    outer loop
      vertex   -8.456354e+001 2.082670e+002 5.500000e+001
      vertex   -8.456354e+001 2.082670e+002 6.000000e+001
      vertex   -4.156354e+001 2.082670e+002 5.500000e+001
    endloop
  endfacet
  facet normal -0.000000e+000 1.000000e+000 -0.000000e+000
    outer loop
      vertex   -4.156354e+001 2.082670e+002 5.500000e+001
      vertex   -8.456354e+001 2.082670e+002 6.000000e+001
      vertex   -4.156354e+001 2.082670e+002 6.000000e+001
    endloop
  endfacet
  facet normal 0.000000e+000 0.000000e+000 -1.000000e+000
    outer loop
      vertex   -4.210266e+001 1.531608e+002 6.000000e+001
      vertex   -6.320433e+001 1.734762e+002 6.000000e+001
      vertex   -4.210266e+001 2.032404e+002 6.000000e+001
    endloop
  endfacet
  facet normal -0.000000e+000 0.000000e+000 -1.000000e+000
    outer loop
      vertex   -4.210266e+001 1.531608e+002 6.000000e+001
      vertex   -6.320433e+001 1.328096e+002 6.000000e+001
      vertex   -6.320433e+001 1.734762e+002 6.000000e+001
    endloop
  endfacet
  facet normal -0.000000e+000 0.000000e+000 -1.000000e+000
    outer loop
      vertex   -4.210266e+001 1.531608e+002 6.000000e+001
      vertex   -4.210266e+001 1.030812e+002 6.000000e+001
      vertex   -6.320433e+001 1.328096e+002 6.000000e+001
    endloop
  endfacet
  facet normal -5.049831e-016 -3.584446e-016 -1.000000e+000
    outer loop
      vertex   -6.320433e+001 1.328096e+002 6.000000e+001
      vertex   -4.210266e+001 1.030812e+002 6.000000e+001
      vertex   -8.431454e+001 1.030812e+002 6.000000e+001
    endloop
  endfacet
  facet normal -6.101605e-016 -2.837579e-016 -1.000000e+000
    outer loop
      vertex   -8.431454e+001 1.531621e+002 6.000000e+001
      vertex   -6.320433e+001 1.328096e+002 6.000000e+001
      vertex   -8.431454e+001 1.030812e+002 6.000000e+001
    endloop
  endfacet
  facet normal -3.365873e-016 -0.000000e+000 -1.000000e+000
    outer loop
      vertex   -8.431454e+001 1.531621e+002 6.000000e+001
      vertex   -6.320433e+001 1.734762e+002 6.000000e+001
      vertex   -6.320433e+001 1.328096e+002 6.000000e+001
    endloop
  endfacet
  facet normal -3.366507e-016 6.588334e-020 -1.000000e+000
    outer loop
      vertex   -8.431454e+001 1.531621e+002 6.000000e+001
      vertex   -8.430474e+001 2.032430e+002 6.000000e+001
      vertex   -6.320433e+001 1.734762e+002 6.000000e+001
    endloop
  endfacet
  facet normal -1.449946e-012 2.837579e-016 -1.000000e+000
    outer loop
      vertex   -8.431454e+001 1.531621e+002 6.000000e+001
      vertex   -8.431454e+001 2.032430e+002 6.000000e+001
      vertex   -8.430474e+001 2.032430e+002 6.000000e+001
    endloop
  endfacet
  facet normal -3.347749e-016 -2.958037e-013 -1.000000e+000
    outer loop
      vertex   -8.430474e+001 2.032670e+002 6.000000e+001
      vertex   -6.320433e+001 2.032431e+002 6.000000e+001
      vertex   -8.430474e+001 2.032430e+002 6.000000e+001
    endloop
  endfacet
  facet normal -1.683733e-016 -1.487729e-013 -1.000000e+000
    outer loop
      vertex   -8.430474e+001 2.032670e+002 6.000000e+001
      vertex   -4.210429e+001 2.032670e+002 6.000000e+001
      vertex   -6.320433e+001 2.032431e+002 6.000000e+001
    endloop
  endfacet
  facet normal -3.367495e-016 -0.000000e+000 -1.000000e+000
    outer loop
      vertex   -6.320433e+001 2.032431e+002 6.000000e+001
      vertex   -4.210429e+001 2.032670e+002 6.000000e+001
      vertex   -4.210429e+001 2.032433e+002 6.000000e+001
    endloop
  endfacet
  facet normal -1.503249e-016 -2.424474e-012 -1.000000e+000
    outer loop
      vertex   -6.320433e+001 2.032417e+002 6.000000e+001
      vertex   -4.210429e+001 2.032433e+002 6.000000e+001
      vertex   -4.210266e+001 2.032404e+002 6.000000e+001
    endloop
  endfacet
  facet normal 0.000000e+000 0.000000e+000 -1.000000e+000
    outer loop
      vertex   -6.320433e+001 1.734762e+002 6.000000e+001
      vertex   -6.320433e+001 2.032417e+002 6.000000e+001
      vertex   -4.210266e+001 2.032404e+002 6.000000e+001
    endloop
  endfacet
  facet normal -3.367436e-016 0.000000e+000 -1.000000e+000
    outer loop
      vertex   -6.320433e+001 1.734762e+002 6.000000e+001
      vertex   -8.430474e+001 2.032430e+002 6.000000e+001
      vertex   -6.320433e+001 2.032417e+002 6.000000e+001
    endloop
  endfacet
  facet normal -3.367436e-016 0.000000e+000 -1.000000e+000
    outer loop
      vertex   -6.320433e+001 2.032417e+002 6.000000e+001
      vertex   -8.430474e+001 2.032430e+002 6.000000e+001
      vertex   -6.320433e+001 2.032431e+002 6.000000e+001
    endloop
  endfacet
  facet normal -3.367495e-016 0.000000e+000 -1.000000e+000
    outer loop
      vertex   -4.210429e+001 2.032433e+002 6.000000e+001
      vertex   -6.320433e+001 2.032417e+002 6.000000e+001
      vertex   -6.320433e+001 2.032431e+002 6.000000e+001
    endloop
  endfacet
  facet normal 0.000000e+000 -2.424390e-012 -1.000000e+000
    outer loop
      vertex   -4.210429e+001 2.032433e+002 6.000000e+001
      vertex   -3.710429e+001 2.032433e+002 6.000000e+001
      vertex   -4.210266e+001 2.032404e+002 6.000000e+001
    endloop
  endfacet
  facet normal 0.000000e+000 -2.424390e-012 -1.000000e+000
    outer loop
      vertex   -4.210266e+001 2.032404e+002 6.000000e+001
      vertex   -3.710429e+001 2.032433e+002 6.000000e+001
      vertex   -3.710266e+001 2.032404e+002 6.000000e+001
    endloop
  endfacet
  facet normal 4.361298e-012 0.000000e+000 -1.000000e+000
    outer loop
      vertex   -3.710266e+001 2.032404e+002 6.000000e+001
      vertex   -3.710429e+001 2.032433e+002 6.000000e+001
      vertex   -3.710429e+001 2.082433e+002 6.000000e+001
    endloop
  endfacet
  facet normal 6.369043e-018 1.198027e-015 -1.000000e+000
    outer loop
      vertex   -3.120433e+001 2.141429e+002 6.000000e+001
      vertex   -3.710429e+001 2.082433e+002 6.000000e+001
      vertex   -4.156354e+001 2.082670e+002 6.000000e+001
    endloop
  endfacet
  facet normal -1.652425e-016 6.006683e-016 -1.000000e+000
    outer loop
      vertex   -6.320433e+001 2.141429e+002 6.000000e+001
      vertex   -4.156354e+001 2.082670e+002 6.000000e+001
      vertex   -8.456354e+001 2.082670e+002 6.000000e+001
    endloop
  endfacet
  facet normal -1.491103e-015 -1.491028e-015 -1.000000e+000
    outer loop
      vertex   -9.520433e+001 2.141429e+002 6.000000e+001
      vertex   -8.456354e+001 2.082670e+002 6.000000e+001
      vertex   -8.930474e+001 2.082430e+002 6.000000e+001
    endloop
  endfacet
  facet normal 0.000000e+000 -3.058821e-015 -1.000000e+000
    outer loop
      vertex   -8.931454e+001 2.035971e+002 6.000000e+001
      vertex   -8.930474e+001 2.082430e+002 6.000000e+001
      vertex   -8.930474e+001 2.035971e+002 6.000000e+001
    endloop
  endfacet
  facet normal -3.052535e-015 -3.052381e-015 -1.000000e+000
    outer loop
      vertex   -8.931454e+001 2.035971e+002 6.000000e+001
      vertex   -9.520433e+001 2.141429e+002 6.000000e+001
      vertex   -8.930474e+001 2.082430e+002 6.000000e+001
    endloop
  endfacet
  facet normal 2.412794e-015 0.000000e+000 -1.000000e+000
    outer loop
      vertex   -8.931454e+001 2.035971e+002 6.000000e+001
      vertex   -9.520433e+001 1.734762e+002 6.000000e+001
      vertex   -9.520433e+001 2.141429e+002 6.000000e+001
    endloop
  endfacet
  facet normal 9.736738e-016 2.814031e-016 -1.000000e+000
    outer loop
      vertex   -8.931454e+001 2.035971e+002 6.000000e+001
      vertex   -8.931454e+001 1.530971e+002 6.000000e+001
      vertex   -9.520433e+001 1.734762e+002 6.000000e+001
    endloop
  endfacet
  facet normal 0.000000e+000 -0.000000e+000 -1.000000e+000
    outer loop
      vertex   -9.520433e+001 1.734762e+002 6.000000e+001
      vertex   -8.931454e+001 1.530971e+002 6.000000e+001
      vertex   -9.520433e+001 1.328096e+002 6.000000e+001
    endloop
  endfacet
  facet normal 9.693019e-016 -2.814031e-016 -1.000000e+000
    outer loop
      vertex   -9.520433e+001 1.328096e+002 6.000000e+001
      vertex   -8.931454e+001 1.530971e+002 6.000000e+001
      vertex   -8.931454e+001 1.025971e+002 6.000000e+001
    endloop
  endfacet
  facet normal -3.112353e-015 3.112799e-015 -1.000000e+000
    outer loop
      vertex   -9.520433e+001 9.214289e+001 6.000000e+001
      vertex   -8.931454e+001 1.025971e+002 6.000000e+001
      vertex   -8.930387e+001 9.804251e+001 6.000000e+001
    endloop
  endfacet
  facet normal -0.000000e+000 0.000000e+000 -1.000000e+000
    outer loop
      vertex   -8.430387e+001 9.804251e+001 6.000000e+001
      vertex   -9.520433e+001 9.214289e+001 6.000000e+001
      vertex   -8.930387e+001 9.804251e+001 6.000000e+001
    endloop
  endfacet
  facet normal -2.220446e-016 4.102621e-016 -1.000000e+000
    outer loop
      vertex   -8.430387e+001 9.804251e+001 6.000000e+001
      vertex   -6.320433e+001 9.214289e+001 6.000000e+001
      vertex   -9.520433e+001 9.214289e+001 6.000000e+001
    endloop
  endfacet
  facet normal -3.367575e-016 4.055646e-031 -1.000000e+000
    outer loop
      vertex   -8.430387e+001 9.804251e+001 6.000000e+001
      vertex   -6.320433e+001 9.804283e+001 6.000000e+001
      vertex   -6.320433e+001 9.214289e+001 6.000000e+001
    endloop
  endfacet
  facet normal -3.423658e-016 3.676426e-013 -1.000000e+000
    outer loop
      vertex   -8.430387e+001 9.804251e+001 6.000000e+001
      vertex   -8.430387e+001 9.808116e+001 6.000000e+001
      vertex   -6.320433e+001 9.804283e+001 6.000000e+001
    endloop
  endfacet
  facet normal -1.683767e-016 4.634132e-013 -1.000000e+000
    outer loop
      vertex   -6.320433e+001 9.804283e+001 6.000000e+001
      vertex   -8.430387e+001 9.808116e+001 6.000000e+001
      vertex   -4.210429e+001 9.808116e+001 6.000000e+001
    endloop
  endfacet
  facet normal -3.473530e-016 5.619313e-013 -1.000000e+000
    outer loop
      vertex   -4.210429e+001 9.804323e+001 6.000000e+001
      vertex   -6.320433e+001 9.804283e+001 6.000000e+001
      vertex   -4.210429e+001 9.808116e+001 6.000000e+001
    endloop
  endfacet
  facet normal -3.367495e-016 4.055550e-031 -1.000000e+000
    outer loop
      vertex   -4.210429e+001 9.804323e+001 6.000000e+001
      vertex   -6.320433e+001 9.214289e+001 6.000000e+001
      vertex   -6.320433e+001 9.804283e+001 6.000000e+001
    endloop
  endfacet
  facet normal -0.000000e+000 -1.204241e-015 -1.000000e+000
    outer loop
      vertex   -4.210429e+001 9.804323e+001 6.000000e+001
      vertex   -3.120433e+001 9.214289e+001 6.000000e+001
      vertex   -6.320433e+001 9.214289e+001 6.000000e+001
    endloop
  endfacet
  facet normal 0.000000e+000 -1.204241e-015 -1.000000e+000
    outer loop
      vertex   -4.210429e+001 9.804323e+001 6.000000e+001
      vertex   -3.710429e+001 9.804323e+001 6.000000e+001
      vertex   -3.120433e+001 9.214289e+001 6.000000e+001
    endloop
  endfacet
  facet normal 2.716181e-015 1.511767e-015 -1.000000e+000
    outer loop
      vertex   -3.120433e+001 9.214289e+001 6.000000e+001
      vertex   -3.710429e+001 9.804323e+001 6.000000e+001
      vertex   -3.710266e+001 1.027404e+002 6.000000e+001
    endloop
  endfacet
  facet normal -0.000000e+000 0.000000e+000 -1.000000e+000
    outer loop
      vertex   -3.120433e+001 1.328096e+002 6.000000e+001
      vertex   -3.710266e+001 1.027404e+002 6.000000e+001
      vertex   -3.710266e+001 1.529904e+002 6.000000e+001
    endloop
  endfacet
  facet normal -0.000000e+000 0.000000e+000 -1.000000e+000
    outer loop
      vertex   -3.120433e+001 1.734762e+002 6.000000e+001
      vertex   -3.710266e+001 1.529904e+002 6.000000e+001
      vertex   -3.710266e+001 2.032404e+002 6.000000e+001
    endloop
  endfacet
  facet normal 2.623623e-015 -1.419399e-015 -1.000000e+000
    outer loop
      vertex   -3.120433e+001 2.141429e+002 6.000000e+001
      vertex   -3.710266e+001 2.032404e+002 6.000000e+001
      vertex   -3.710429e+001 2.082433e+002 6.000000e+001
    endloop
  endfacet
  facet normal -0.000000e+000 -0.000000e+000 -1.000000e+000
    outer loop
      vertex   -3.120433e+001 2.141429e+002 6.000000e+001
      vertex   -3.120433e+001 1.734762e+002 6.000000e+001
      vertex   -3.710266e+001 2.032404e+002 6.000000e+001
    endloop
  endfacet
  facet normal 0.000000e+000 0.000000e+000 -1.000000e+000
    outer loop
      vertex   -3.710429e+001 2.082433e+002 6.000000e+001
      vertex   -4.156354e+001 2.082433e+002 6.000000e+001
      vertex   -4.156354e+001 2.082670e+002 6.000000e+001
    endloop
  endfacet
  facet normal 0.000000e+000 1.209255e-015 -1.000000e+000
    outer loop
      vertex   -3.120433e+001 2.141429e+002 6.000000e+001
      vertex   -4.156354e+001 2.082670e+002 6.000000e+001
      vertex   -6.320433e+001 2.141429e+002 6.000000e+001
    endloop
  endfacet
  facet normal -1.498657e-015 -0.000000e+000 -1.000000e+000
    outer loop
      vertex   -8.456354e+001 2.082670e+002 6.000000e+001
      vertex   -8.456354e+001 2.082430e+002 6.000000e+001
      vertex   -8.930474e+001 2.082430e+002 6.000000e+001
    endloop
  endfacet
  facet normal 0.000000e+000 3.120088e-015 -1.000000e+000
    outer loop
      vertex   -8.931454e+001 1.025971e+002 6.000000e+001
      vertex   -8.930387e+001 1.025971e+002 6.000000e+001
      vertex   -8.930387e+001 9.804251e+001 6.000000e+001
    endloop
  endfacet
  facet normal 0.000000e+000 1.512708e-015 -1.000000e+000
    outer loop
      vertex   -3.710429e+001 9.804323e+001 6.000000e+001
      vertex   -3.710429e+001 1.027404e+002 6.000000e+001
      vertex   -3.710266e+001 1.027404e+002 6.000000e+001
    endloop
  endfacet
  facet normal 0.000000e+000 0.000000e+000 -1.000000e+000
    outer loop
      vertex   -3.120433e+001 9.214289e+001 6.000000e+001
      vertex   -3.710266e+001 1.027404e+002 6.000000e+001
      vertex   -3.120433e+001 1.328096e+002 6.000000e+001
    endloop
  endfacet
  facet normal 0.000000e+000 0.000000e+000 -1.000000e+000
    outer loop
      vertex   -3.120433e+001 1.328096e+002 6.000000e+001
      vertex   -3.710266e+001 1.529904e+002 6.000000e+001
      vertex   -3.120433e+001 1.734762e+002 6.000000e+001
    endloop
  endfacet
  facet normal 2.412794e-015 0.000000e+000 -1.000000e+000
    outer loop
      vertex   -9.520433e+001 9.214289e+001 6.000000e+001
      vertex   -9.520433e+001 1.328096e+002 6.000000e+001
      vertex   -8.931454e+001 1.025971e+002 6.000000e+001
    endloop
  endfacet
  facet normal -2.220446e-016 8.071480e-016 -1.000000e+000
    outer loop
      vertex   -9.520433e+001 2.141429e+002 6.000000e+001
      vertex   -6.320433e+001 2.141429e+002 6.000000e+001
      vertex   -8.456354e+001 2.082670e+002 6.000000e+001
    endloop
  endfacet
  facet normal 1.000000e+000 0.000000e+000 -0.000000e+000
    outer loop
      vertex   -8.430474e+001 2.082430e+002 0.000000e+000
      vertex   -8.430474e+001 2.082430e+002 5.500000e+001
      vertex   -8.430474e+001 2.032430e+002 3.000000e+001
    endloop
  endfacet
  facet normal 1.000000e+000 0.000000e+000 -0.000000e+000
    outer loop
      vertex   -8.430474e+001 2.032430e+002 0.000000e+000
      vertex   -8.430474e+001 2.082430e+002 0.000000e+000
      vertex   -8.430474e+001 2.032430e+002 3.000000e+001
    endloop
  endfacet
  facet normal 1.000000e+000 0.000000e+000 0.000000e+000
    outer loop
      vertex   -8.430474e+001 2.032670e+002 6.000000e+001
      vertex   -8.430474e+001 2.032430e+002 6.000000e+001
      vertex   -8.430474e+001 2.032670e+002 5.500000e+001
    endloop
  endfacet
  facet normal 1.000000e+000 0.000000e+000 0.000000e+000
    outer loop
      vertex   -8.430474e+001 2.032670e+002 5.500000e+001
      vertex   -8.430474e+001 2.032430e+002 6.000000e+001
      vertex   -8.430474e+001 2.032430e+002 3.000000e+001
    endloop
  endfacet
  facet normal 1.000000e+000 0.000000e+000 0.000000e+000
    outer loop
      vertex   -8.430474e+001 2.082430e+002 5.500000e+001
      vertex   -8.430474e+001 2.032670e+002 5.500000e+001
      vertex   -8.430474e+001 2.032430e+002 3.000000e+001
    endloop
  endfacet
  facet normal 0.000000e+000 -0.000000e+000 -1.000000e+000
    outer loop
      vertex   -4.210429e+001 2.082433e+002 -1.776357e-014
      vertex   -3.710429e+001 2.082433e+002 -1.776357e-014
      vertex   -4.210429e+001 2.032433e+002 -1.776357e-014
    endloop
  endfacet
  facet normal 0.000000e+000 0.000000e+000 -1.000000e+000
    outer loop
      vertex   -4.210429e+001 2.032433e+002 -1.776357e-014
      vertex   -3.710429e+001 2.082433e+002 -1.776357e-014
      vertex   -3.710429e+001 2.032433e+002 -1.776357e-014
    endloop
  endfacet
  facet normal 0.000000e+000 -1.000000e+000 0.000000e+000
    outer loop
      vertex   -4.210429e+001 2.032433e+002 -1.776357e-014
      vertex   -3.710429e+001 2.032433e+002 -1.776357e-014
      vertex   -4.210429e+001 2.032433e+002 3.000000e+001
    endloop
  endfacet
  facet normal 0.000000e+000 -1.000000e+000 0.000000e+000
    outer loop
      vertex   -4.210429e+001 2.032433e+002 3.000000e+001
      vertex   -3.710429e+001 2.032433e+002 -1.776357e-014
      vertex   -3.710429e+001 2.032433e+002 3.000000e+001
    endloop
  endfacet
  facet normal 0.000000e+000 -1.000000e+000 -0.000000e+000
    outer loop
      vertex   -3.710429e+001 2.032433e+002 6.000000e+001
      vertex   -4.210429e+001 2.032433e+002 3.000000e+001
      vertex   -3.710429e+001 2.032433e+002 3.000000e+001
    endloop
  endfacet
  facet normal -0.000000e+000 -1.000000e+000 -0.000000e+000
    outer loop
      vertex   -3.710429e+001 2.032433e+002 6.000000e+001
      vertex   -4.210429e+001 2.032433e+002 6.000000e+001
      vertex   -4.210429e+001 2.032433e+002 3.000000e+001
    endloop
  endfacet
  facet normal 1.000000e+000 0.000000e+000 -2.368476e-016
    outer loop
      vertex   -3.710429e+001 2.082433e+002 -1.776357e-014
      vertex   -3.710429e+001 2.082433e+002 3.000000e+001
      vertex   -3.710429e+001 2.032433e+002 -1.776357e-014
    endloop
  endfacet
  facet normal 1.000000e+000 0.000000e+000 -2.368476e-016
    outer loop
      vertex   -3.710429e+001 2.032433e+002 -1.776357e-014
      vertex   -3.710429e+001 2.082433e+002 3.000000e+001
      vertex   -3.710429e+001 2.032433e+002 3.000000e+001
    endloop
  endfacet
  facet normal 1.000000e+000 0.000000e+000 0.000000e+000
    outer loop
      vertex   -3.710429e+001 2.032433e+002 3.000000e+001
      vertex   -3.710429e+001 2.082433e+002 3.000000e+001
      vertex   -3.710429e+001 2.082433e+002 6.000000e+001
    endloop
  endfacet
  facet normal 1.000000e+000 -0.000000e+000 0.000000e+000
    outer loop
      vertex   -3.710429e+001 2.032433e+002 6.000000e+001
      vertex   -3.710429e+001 2.032433e+002 3.000000e+001
      vertex   -3.710429e+001 2.082433e+002 6.000000e+001
    endloop
  endfacet
  facet normal -0.000000e+000 1.000000e+000 0.000000e+000
    outer loop
      vertex   -4.156354e+001 2.082433e+002 6.000000e+001
      vertex   -3.710429e+001 2.082433e+002 6.000000e+001
      vertex   -4.156354e+001 2.082433e+002 5.500000e+001
    endloop
  endfacet
  facet normal -0.000000e+000 1.000000e+000 0.000000e+000
    outer loop
      vertex   -4.156354e+001 2.082433e+002 5.500000e+001
      vertex   -3.710429e+001 2.082433e+002 6.000000e+001
      vertex   -3.710429e+001 2.082433e+002 3.000000e+001
    endloop
  endfacet
  facet normal -0.000000e+000 1.000000e+000 0.000000e+000
    outer loop
      vertex   -4.210429e+001 2.082433e+002 -1.776357e-014
      vertex   -3.710429e+001 2.082433e+002 3.000000e+001
      vertex   -3.710429e+001 2.082433e+002 -1.776357e-014
    endloop
  endfacet
  facet normal -0.000000e+000 1.000000e+000 0.000000e+000
    outer loop
      vertex   -4.210429e+001 2.082433e+002 -1.776357e-014
      vertex   -4.156354e+001 2.082433e+002 5.500000e+001
      vertex   -3.710429e+001 2.082433e+002 3.000000e+001
    endloop
  endfacet
  facet normal 0.000000e+000 1.000000e+000 0.000000e+000
    outer loop
      vertex   -4.210429e+001 2.082433e+002 -1.776357e-014
      vertex   -4.210429e+001 2.082433e+002 5.500000e+001
      vertex   -4.156354e+001 2.082433e+002 5.500000e+001
    endloop
  endfacet
  facet normal -1.000000e+000 -0.000000e+000 0.000000e+000
    outer loop
      vertex   -4.210429e+001 2.082433e+002 5.500000e+001
      vertex   -4.210429e+001 2.032433e+002 3.000000e+001
      vertex   -4.210429e+001 2.032670e+002 5.500000e+001
    endloop
  endfacet
  facet normal -1.000000e+000 -6.459479e-016 1.291896e-016
    outer loop
      vertex   -4.210429e+001 2.082433e+002 5.500000e+001
      vertex   -4.210429e+001 2.082433e+002 -1.776357e-014
      vertex   -4.210429e+001 2.032433e+002 3.000000e+001
    endloop
  endfacet
  facet normal -1.000000e+000 0.000000e+000 2.368476e-016
    outer loop
      vertex   -4.210429e+001 2.032433e+002 3.000000e+001
      vertex   -4.210429e+001 2.082433e+002 -1.776357e-014
      vertex   -4.210429e+001 2.032433e+002 -1.776357e-014
    endloop
  endfacet
  facet normal -1.000000e+000 0.000000e+000 0.000000e+000
    outer loop
      vertex   -4.210429e+001 2.032433e+002 3.000000e+001
      vertex   -4.210429e+001 2.032433e+002 6.000000e+001
      vertex   -4.210429e+001 2.032670e+002 5.500000e+001
    endloop
  endfacet
  facet normal -1.000000e+000 0.000000e+000 0.000000e+000
    outer loop
      vertex   -4.210429e+001 2.032670e+002 5.500000e+001
      vertex   -4.210429e+001 2.032433e+002 6.000000e+001
      vertex   -4.210429e+001 2.032670e+002 6.000000e+001
    endloop
  endfacet
  facet normal 0.000000e+000 -0.000000e+000 -1.000000e+000
    outer loop
      vertex   -8.930474e+001 2.082430e+002 0.000000e+000
      vertex   -8.430474e+001 2.082430e+002 0.000000e+000
      vertex   -8.930474e+001 2.032430e+002 0.000000e+000
    endloop
  endfacet
  facet normal 0.000000e+000 0.000000e+000 -1.000000e+000
    outer loop
      vertex   -8.930474e+001 2.032430e+002 0.000000e+000
      vertex   -8.430474e+001 2.082430e+002 0.000000e+000
      vertex   -8.430474e+001 2.032430e+002 0.000000e+000
    endloop
  endfacet
  facet normal 0.000000e+000 -1.000000e+000 0.000000e+000
    outer loop
      vertex   -8.930474e+001 2.032430e+002 5.500000e+001
      vertex   -8.430474e+001 2.032430e+002 3.000000e+001
      vertex   -8.431454e+001 2.032430e+002 5.500000e+001
    endloop
  endfacet
  facet normal 0.000000e+000 -1.000000e+000 0.000000e+000
    outer loop
      vertex   -8.930474e+001 2.032430e+002 5.500000e+001
      vertex   -8.930474e+001 2.032430e+002 0.000000e+000
      vertex   -8.430474e+001 2.032430e+002 3.000000e+001
    endloop
  endfacet
  facet normal 0.000000e+000 -1.000000e+000 -0.000000e+000
    outer loop
      vertex   -8.430474e+001 2.032430e+002 3.000000e+001
      vertex   -8.930474e+001 2.032430e+002 0.000000e+000
      vertex   -8.430474e+001 2.032430e+002 0.000000e+000
    endloop
  endfacet
  facet normal -0.000000e+000 -1.000000e+000 0.000000e+000
    outer loop
      vertex   -8.430474e+001 2.032430e+002 3.000000e+001
      vertex   -8.430474e+001 2.032430e+002 6.000000e+001
      vertex   -8.431454e+001 2.032430e+002 5.500000e+001
    endloop
  endfacet
  facet normal 0.000000e+000 -1.000000e+000 0.000000e+000
    outer loop
      vertex   -8.431454e+001 2.032430e+002 5.500000e+001
      vertex   -8.430474e+001 2.032430e+002 6.000000e+001
      vertex   -8.431454e+001 2.032430e+002 6.000000e+001
    endloop
  endfacet
  facet normal 0.000000e+000 1.000000e+000 0.000000e+000
    outer loop
      vertex   -8.430474e+001 2.082430e+002 5.500000e+001
      vertex   -8.430474e+001 2.082430e+002 0.000000e+000
      vertex   -8.456354e+001 2.082430e+002 5.500000e+001
    endloop
  endfacet
  facet normal 0.000000e+000 1.000000e+000 0.000000e+000
    outer loop
      vertex   -8.456354e+001 2.082430e+002 5.500000e+001
      vertex   -8.430474e+001 2.082430e+002 0.000000e+000
      vertex   -8.930474e+001 2.082430e+002 3.000000e+001
    endloop
  endfacet
  facet normal 0.000000e+000 1.000000e+000 0.000000e+000
    outer loop
      vertex   -8.930474e+001 2.082430e+002 6.000000e+001
      vertex   -8.456354e+001 2.082430e+002 5.500000e+001
      vertex   -8.930474e+001 2.082430e+002 3.000000e+001
    endloop
  endfacet
  facet normal 0.000000e+000 1.000000e+000 0.000000e+000
    outer loop
      vertex   -8.930474e+001 2.082430e+002 6.000000e+001
      vertex   -8.456354e+001 2.082430e+002 6.000000e+001
      vertex   -8.456354e+001 2.082430e+002 5.500000e+001
    endloop
  endfacet
  facet normal 0.000000e+000 1.000000e+000 -0.000000e+000
    outer loop
      vertex   -8.430474e+001 2.082430e+002 0.000000e+000
      vertex   -8.930474e+001 2.082430e+002 0.000000e+000
      vertex   -8.930474e+001 2.082430e+002 3.000000e+001
    endloop
  endfacet
  facet normal 0.000000e+000 -0.000000e+000 -1.000000e+000
    outer loop
      vertex   -8.930387e+001 1.030425e+002 0.000000e+000
      vertex   -8.430387e+001 1.030425e+002 0.000000e+000
      vertex   -8.930387e+001 9.804251e+001 0.000000e+000
    endloop
  endfacet
  facet normal 0.000000e+000 0.000000e+000 -1.000000e+000
    outer loop
      vertex   -8.930387e+001 9.804251e+001 0.000000e+000
      vertex   -8.430387e+001 1.030425e+002 0.000000e+000
      vertex   -8.430387e+001 9.804251e+001 0.000000e+000
    endloop
  endfacet
  facet normal 0.000000e+000 -1.000000e+000 0.000000e+000
    outer loop
      vertex   -8.930387e+001 9.804251e+001 0.000000e+000
      vertex   -8.430387e+001 9.804251e+001 0.000000e+000
      vertex   -8.930387e+001 9.804251e+001 3.000000e+001
    endloop
  endfacet
  facet normal 0.000000e+000 -1.000000e+000 0.000000e+000
    outer loop
      vertex   -8.930387e+001 9.804251e+001 3.000000e+001
      vertex   -8.430387e+001 9.804251e+001 0.000000e+000
      vertex   -8.430387e+001 9.804251e+001 3.000000e+001
    endloop
  endfacet
  facet normal 0.000000e+000 -1.000000e+000 -0.000000e+000
    outer loop
      vertex   -8.430387e+001 9.804251e+001 6.000000e+001
      vertex   -8.930387e+001 9.804251e+001 3.000000e+001
      vertex   -8.430387e+001 9.804251e+001 3.000000e+001
    endloop
  endfacet
  facet normal -0.000000e+000 -1.000000e+000 -0.000000e+000
    outer loop
      vertex   -8.430387e+001 9.804251e+001 6.000000e+001
      vertex   -8.930387e+001 9.804251e+001 6.000000e+001
      vertex   -8.930387e+001 9.804251e+001 3.000000e+001
    endloop
  endfacet
  facet normal -1.000000e+000 0.000000e+000 2.583792e-016
    outer loop
      vertex   -8.930387e+001 1.030425e+002 5.500000e+001
      vertex   -8.930387e+001 1.030425e+002 0.000000e+000
      vertex   -8.930387e+001 1.025971e+002 5.500000e+001
    endloop
  endfacet
  facet normal -1.000000e+000 -1.357869e-015 2.473837e-016
    outer loop
      vertex   -8.930387e+001 1.025971e+002 5.500000e+001
      vertex   -8.930387e+001 1.030425e+002 0.000000e+000
      vertex   -8.930387e+001 9.804251e+001 3.000000e+001
    endloop
  endfacet
  facet normal -1.000000e+000 0.000000e+000 -0.000000e+000
    outer loop
      vertex   -8.930387e+001 9.804251e+001 6.000000e+001
      vertex   -8.930387e+001 1.025971e+002 5.500000e+001
      vertex   -8.930387e+001 9.804251e+001 3.000000e+001
    endloop
  endfacet
  facet normal -1.000000e+000 0.000000e+000 0.000000e+000
    outer loop
      vertex   -8.930387e+001 9.804251e+001 6.000000e+001
      vertex   -8.930387e+001 1.025971e+002 6.000000e+001
      vertex   -8.930387e+001 1.025971e+002 5.500000e+001
    endloop
  endfacet
  facet normal -1.000000e+000 0.000000e+000 4.736952e-016
    outer loop
      vertex   -8.930387e+001 1.030425e+002 0.000000e+000
      vertex   -8.930387e+001 9.804251e+001 0.000000e+000
      vertex   -8.930387e+001 9.804251e+001 3.000000e+001
    endloop
  endfacet
  facet normal 0.000000e+000 -0.000000e+000 -1.000000e+000
    outer loop
      vertex   -4.210429e+001 1.030432e+002 -1.776357e-014
      vertex   -3.710429e+001 1.030432e+002 -1.776357e-014
      vertex   -4.210429e+001 9.804323e+001 -1.776357e-014
    endloop
  endfacet
  facet normal 0.000000e+000 0.000000e+000 -1.000000e+000
    outer loop
      vertex   -4.210429e+001 9.804323e+001 -1.776357e-014
      vertex   -3.710429e+001 1.030432e+002 -1.776357e-014
      vertex   -3.710429e+001 9.804323e+001 -1.776357e-014
    endloop
  endfacet
  facet normal 0.000000e+000 -1.000000e+000 0.000000e+000
    outer loop
      vertex   -4.210429e+001 9.804323e+001 -1.776357e-014
      vertex   -3.710429e+001 9.804323e+001 -1.776357e-014
      vertex   -4.210429e+001 9.804323e+001 3.000000e+001
    endloop
  endfacet
  facet normal 0.000000e+000 -1.000000e+000 0.000000e+000
    outer loop
      vertex   -4.210429e+001 9.804323e+001 3.000000e+001
      vertex   -3.710429e+001 9.804323e+001 -1.776357e-014
      vertex   -3.710429e+001 9.804323e+001 3.000000e+001
    endloop
  endfacet
  facet normal 0.000000e+000 -1.000000e+000 -0.000000e+000
    outer loop
      vertex   -3.710429e+001 9.804323e+001 6.000000e+001
      vertex   -4.210429e+001 9.804323e+001 3.000000e+001
      vertex   -3.710429e+001 9.804323e+001 3.000000e+001
    endloop
  endfacet
  facet normal -0.000000e+000 -1.000000e+000 -0.000000e+000
    outer loop
      vertex   -3.710429e+001 9.804323e+001 6.000000e+001
      vertex   -4.210429e+001 9.804323e+001 6.000000e+001
      vertex   -4.210429e+001 9.804323e+001 3.000000e+001
    endloop
  endfacet
  facet normal -1.000000e+000 -0.000000e+000 0.000000e+000
    outer loop
      vertex   -4.210429e+001 1.030432e+002 5.500000e+001
      vertex   -4.210429e+001 9.804323e+001 3.000000e+001
      vertex   -4.210429e+001 9.808116e+001 5.500000e+001
    endloop
  endfacet
  facet normal -1.000000e+000 -6.459479e-016 1.291896e-016
    outer loop
      vertex   -4.210429e+001 1.030432e+002 5.500000e+001
      vertex   -4.210429e+001 1.030432e+002 -1.776357e-014
      vertex   -4.210429e+001 9.804323e+001 3.000000e+001
    endloop
  endfacet
  facet normal -1.000000e+000 0.000000e+000 2.368476e-016
    outer loop
      vertex   -4.210429e+001 9.804323e+001 3.000000e+001
      vertex   -4.210429e+001 1.030432e+002 -1.776357e-014
      vertex   -4.210429e+001 9.804323e+001 -1.776357e-014
    endloop
  endfacet
  facet normal -1.000000e+000 0.000000e+000 0.000000e+000
    outer loop
      vertex   -4.210429e+001 9.804323e+001 3.000000e+001
      vertex   -4.210429e+001 9.804323e+001 6.000000e+001
      vertex   -4.210429e+001 9.808116e+001 5.500000e+001
    endloop
  endfacet
  facet normal -1.000000e+000 0.000000e+000 0.000000e+000
    outer loop
      vertex   -4.210429e+001 9.808116e+001 5.500000e+001
      vertex   -4.210429e+001 9.804323e+001 6.000000e+001
      vertex   -4.210429e+001 9.808116e+001 6.000000e+001
    endloop
  endfacet
endsolid
